match_id,Date,HomeTeam,AwayTeam,FTR,home_elo_before,away_elo_before,elo_expected_home
0,2021-08-13,Brentford,Arsenal,H,1500.0,1500.0,0.6400649998028851
1,2021-08-14,Man United,Leeds,H,1500.0,1500.0,0.6400649998028851
2,2021-08-14,Burnley,Brighton,A,1500.0,1500.0,0.6400649998028851
3,2021-08-14,Chelsea,Crystal Palace,H,1500.0,1500.0,0.6400649998028851
4,2021-08-14,Everton,Southampton,H,1500.0,1500.0,0.6400649998028851
5,2021-08-14,Leicester,Wolves,H,1500.0,1500.0,0.6400649998028851
6,2021-08-14,Watford,Aston Villa,H,1500.0,1500.0,0.6400649998028851
7,2021-08-14,Norwich,Liverpool,A,1500.0,1500.0,0.6400649998028851
8,2021-08-15,Newcastle,West Ham,A,1500.0,1500.0,0.6400649998028851
9,2021-08-15,Tottenham,Man City,H,1500.0,1500.0,0.6400649998028851
10,2021-08-21,Brighton,Watford,H,1512.8012999960577,1507.1987000039423,0.6474610286777414
11,2021-08-21,Man City,Norwich,H,1492.8012999960577,1487.1987000039423,0.6474610286777414
12,2021-08-21,Leeds,Everton,D,1492.8012999960577,1507.1987000039423,0.6207583268673686
13,2021-08-21,Aston Villa,Newcastle,H,1492.8012999960577,1487.1987000039423,0.6474610286777414
14,2021-08-21,Liverpool,Burnley,H,1512.8012999960577,1487.1987000039423,0.6732731654280061
15,2021-08-21,Crystal Palace,Brentford,D,1492.8012999960577,1507.1987000039423,0.6207583268673686
16,2021-08-22,Southampton,Man United,D,1492.8012999960577,1507.1987000039423,0.6207583268673686
17,2021-08-22,Wolves,Tottenham,A,1492.8012999960577,1507.1987000039423,0.6207583268673686
18,2021-08-22,Arsenal,Chelsea,A,1492.8012999960577,1507.1987000039423,0.6207583268673686
19,2021-08-23,West Ham,Leicester,H,1512.8012999960577,1507.1987000039423,0.6474610286777414
20,2021-08-28,Liverpool,Chelsea,D,1519.3358366874975,1519.6138665412898,0.6396961984022118
21,2021-08-28,Man City,Arsenal,H,1499.8520794225028,1480.3861334587102,0.6654553669282381
22,2021-08-28,Aston Villa,Brentford,D,1499.8520794225028,1509.6138665412898,0.6270198293595368
23,2021-08-28,Brighton,Everton,A,1519.8520794225028,1509.6138665412898,0.6535277267161193
24,2021-08-28,Newcastle,Southampton,D,1480.1479205774972,1490.3861334587102,0.6263782225025583
25,2021-08-28,Norwich,Leicester,A,1480.1479205774972,1500.1479205774972,0.6131368201531431
26,2021-08-28,West Ham,Crystal Palace,D,1519.8520794225028,1490.3861334587102,0.6781462871581798
27,2021-08-29,Tottenham,Watford,H,1519.6138665412898,1500.1479205774972,0.6654553669282381
28,2021-08-29,Wolves,Man United,A,1480.3861334587102,1509.6138665412898,0.6004637843498758
29,2021-08-29,Burnley,Leeds,D,1480.6641633125025,1490.3861334587102,0.6270734310278078
30,2021-09-11,Crystal Palace,Tottenham,H,1493.9490592018738,1526.304759202725,0.5961363011110606
31,2021-09-11,Arsenal,Norwich,H,1473.695240797275,1467.8851841744342,0.6477335667999174
32,2021-09-11,Brentford,Brighton,A,1512.1542631284806,1506.7815248881805,0.6471589445830283
33,2021-09-11,Leicester,Man City,A,1512.4106569805601,1506.5429720839381,0.6478092566571844
34,2021-09-11,Man United,Newcastle,H,1521.6231422282874,1477.620356127446,0.6961321630114085
35,2021-09-11,Southampton,West Ham,D,1492.9136979087614,1516.2891536793393,0.6085178517499353
36,2021-09-11,Watford,Wolves,A,1493.4570279160619,1468.3768577717126,0.6726112754149339
37,2021-09-11,Chelsea,Aston Villa,H,1522.407790509334,1497.311682835312,0.6726314775694003
38,2021-09-12,Leeds,Liverpool,A,1492.9276020792663,1516.5419127194532,0.6081902548224587
39,2021-09-13,Everton,Burnley,H,1522.6844210756121,1478.1226946919464,0.6968123419630865
40,2021-09-17,Newcastle,Leeds,D,1471.5429993876742,1480.7637969828172,0.6277478429107369
41,2021-09-18,Liverpool,Crystal Palace,H,1528.7057178159023,1502.0263331796525,0.6746352155136991
42,2021-09-18,Aston Villa,Everton,H,1490.7643123867,1528.7481742363505,0.5883124721877332
43,2021-09-18,Norwich,Watford,A,1460.8398555104327,1480.0048024077632,0.6142764075197884
44,2021-09-18,Burnley,Arsenal,A,1472.0589415312081,1480.7405694612764,0.6284728313653155
45,2021-09-18,Wolves,Brentford,A,1481.8290832800112,1499.21108423682,0.6167053712533155
46,2021-09-18,Man City,Southampton,D,1519.4991572170818,1490.7433408737627,0.6772534114356404
47,2021-09-19,Brighton,Leicester,H,1519.724703779841,1499.4544718474165,0.6664852925379667
48,2021-09-19,West Ham,Man United,A,1518.459510714338,1527.7004989680593,0.6277206825782399
49,2021-09-19,Tottenham,Chelsea,A,1518.2274852249463,1528.955160957946,0.625718595159796
50,2021-09-25,Watford,Newcastle,D,1492.290330558159,1468.9880425294593,0.6703536566440448
51,2021-09-25,Chelsea,Man City,A,1541.469532861142,1515.954088988369,0.6731627912608102
52,2021-09-25,Man United,Aston Villa,A,1540.254912619624,1498.9980629429454,0.6927781708262787
53,2021-09-25,Everton,Norwich,H,1520.5144236801052,1448.554327360037,0.7290645919798528
54,2021-09-25,Leeds,West Ham,A,1483.318753841032,1505.9050970627732,0.6095994479623001
55,2021-09-25,Leicester,Burnley,D,1492.7841776981759,1459.4894849039017,0.6829378246933678
56,2021-09-25,Brentford,Liverpool,D,1511.5451916618863,1535.2130135056284,0.6081168491574487
57,2021-09-26,Southampton,Wolves,A,1494.2884091024755,1469.4949758549449,0.6722477031098425
58,2021-09-26,Arsenal,Tottenham,H,1493.3100260885828,1505.7131133217504,0.6234571918314348
59,2021-09-27,Crystal Palace,Brighton,D,1495.5190374899264,1526.3949979290817,0.598185401565297
60,2021-10-02,Man United,Everton,D,1526.3993492030984,1525.9331318405082,0.6406830572136282
61,2021-10-02,Burnley,Norwich,D,1463.148241397769,1443.135619199634,0.6661555836293316
62,2021-10-02,Chelsea,Southampton,H,1528.0062770359257,1480.8434550402787,0.6999662813252951
63,2021-10-02,Leeds,Watford,H,1471.1267648817861,1488.883257425278,0.6161956680823045
64,2021-10-02,Wolves,Newcastle,H,1482.9399299171416,1472.3951156623402,0.6539272522316981
65,2021-10-02,Brighton,Arsenal,D,1528.3587059603876,1500.840882251954,0.6756937378301228
66,2021-10-03,Crystal Palace,Leicester,D,1493.5553294586205,1489.1254212043086,0.6459186493037259
67,2021-10-03,Tottenham,Aston Villa,H,1498.1822571583791,1512.853626359471,0.6203869809410922
68,2021-10-03,West Ham,Brentford,A,1518.097086022019,1509.3828546787374,0.6515386549843925
69,2021-10-03,Liverpool,Man City,D,1537.3753504887773,1529.4173448135853,0.650549674301217
70,2021-10-16,Brentford,Chelsea,A,1522.4136277784253,1534.0069514094198,0.6245508568056496
71,2021-10-16,Southampton,Leeds,H,1474.8427806667846,1478.80285152014,0.6347966229482644
72,2021-10-16,Norwich,Brighton,D,1446.4587308722207,1524.8448312037851,0.5310648380623672
73,2021-10-16,Man City,Burnley,H,1532.4283382996095,1459.8251297251823,0.7297952356560288
74,2021-10-16,Leicester,Man United,H,1492.043794190383,1523.5856880588258,0.597263656128307
75,2021-10-16,Aston Villa,Wolves,A,1505.2613659782928,1489.8613848725076,0.6602246945530391
76,2021-10-16,Watford,Liverpool,A,1481.2071707869243,1534.364357002753,0.5670067113029336
77,2021-10-17,Everton,West Ham,A,1528.7467929847808,1505.0663129223312,0.6708345614438993
78,2021-10-17,Newcastle,Tottenham,A,1465.4736607069742,1505.7745175395573,0.5850783087651572
79,2021-10-18,Arsenal,Crystal Palace,D,1504.3547570085566,1490.636956472546,0.6580490756320658
80,2021-10-22,Arsenal,Aston Villa,H,1501.1937754959154,1492.056872087232,0.6520908515820886
81,2021-10-23,Chelsea,Norwich,H,1546.4979685455328,1445.8374341109734,0.7604402883084382
82,2021-10-23,Crystal Palace,Newcastle,D,1493.7979379851872,1453.772094531671,0.6912679026376535
83,2021-10-23,Everton,Watford,A,1515.330101755903,1469.8670365608657,0.6979073741593901
84,2021-10-23,Leeds,Wolves,D,1471.4987839791052,1503.0658787635684,0.5972287609788164
85,2021-10-23,Southampton,Burnley,D,1482.1468482078194,1454.4210344383027,0.6759560461766978
86,2021-10-23,Brighton,Man City,A,1525.4661279650325,1537.832433586489,0.6235068963755821
87,2021-10-24,West Ham,Tottenham,H,1518.4830041512091,1517.4760837148606,0.6413992748198221
88,2021-10-24,Man United,Liverpool,A,1515.5309611813918,1545.7044912288115,0.5991569121441758
89,2021-10-24,Brentford,Leicester,A,1509.9226106423123,1500.098521067817,0.6529877479952773
90,2021-10-30,Leicester,Arsenal,A,1513.1582760277226,1508.1519584642735,0.6466771516720475
91,2021-10-30,Burnley,Brentford,H,1457.9401553618368,1496.8628556824067,0.5870029025114337
92,2021-10-30,Liverpool,Brighton,D,1557.6876294716951,1512.9959900375209,0.6969703109721695
93,2021-10-30,Man City,Crystal Palace,A,1550.3025715140006,1489.9725799324342,0.7156394740104774
94,2021-10-30,Newcastle,Chelsea,A,1457.597452584424,1551.289162779364,0.509077361313736
95,2021-10-30,Watford,Southampton,A,1483.8251840440535,1478.6277272842854,0.6469285107444883
96,2021-10-30,Tottenham,Man United,A,1510.304069211257,1503.5478229385083,0.648975365394367
97,2021-10-31,Norwich,Leeds,A,1441.0462398771422,1469.5542087595288,0.6014573751254877
98,2021-10-31,Aston Villa,West Ham,A,1485.0986891188738,1525.6550186548127,0.5847212541912109
99,2021-11-01,Wolves,Everton,H,1505.0104539831448,1501.3719542727151,0.6448760309720176
100,2021-11-05,Southampton,Aston Villa,H,1491.566297499175,1473.4042640350497,0.6637822943271163
101,2021-11-06,Brighton,Newcastle,D,1516.9353962569642,1447.4159053581493,0.726280537243718
102,2021-11-06,Crystal Palace,Wolves,H,1504.2853694126438,1512.1129333637043,0.6296200550144824
103,2021-11-06,Chelsea,Burnley,D,1561.4707100056387,1466.200097311608,0.7547425096751408
104,2021-11-06,Man United,Man City,A,1516.5273302463956,1535.989782033791,0.6138705489307095
105,2021-11-06,Brentford,Norwich,A,1488.6029137326354,1429.0170923746325,0.7147669200691352
106,2021-11-07,Arsenal,Watford,H,1521.0855014977144,1470.8866138291637,0.7036238113231129
107,2021-11-07,Everton,Tottenham,D,1494.2694748921556,1497.3245619033696,0.6360034917724329
108,2021-11-07,Leeds,Leicester,D,1481.5833562620385,1500.2247329942818,0.6149902801718775
109,2021-11-07,West Ham,Liverpool,H,1537.3494437386369,1553.7482232522518,0.6180423656012819
110,2021-11-20,Watford,Man United,H,1464.959090055626,1504.2499192677815,0.5864890685984593
111,2021-11-20,Wolves,West Ham,H,1504.705334463994,1544.9885964266111,0.5851028964791652
112,2021-11-20,Norwich,Southampton,H,1443.3124307760152,1498.2906516126327,0.5644313127607625
113,2021-11-20,Liverpool,Arsenal,H,1546.1090705642775,1527.0130252712522,0.664981161322851
114,2021-11-20,Burnley,Crystal Palace,D,1471.294947505111,1511.6929683123542,0.5849425206494627
115,2021-11-20,Aston Villa,Brighton,H,1466.679909921592,1512.40978551209,0.5774719290134557
116,2021-11-20,Leicester,Chelsea,A,1502.5245385977194,1556.3758598121358,0.5660254498904467
117,2021-11-20,Newcastle,Brentford,D,1451.9415161030236,1474.3075753312528,0.6099011881910105
118,2021-11-21,Tottenham,Leeds,H,1500.0446317388182,1479.283550658601,0.6671130686131984
119,2021-11-21,Man City,Everton,H,1548.2671930124052,1491.549405056707,0.7113890964177341
120,2021-11-27,Arsenal,Newcastle,H,1520.3126484977092,1449.7434923392034,0.7274800970218654
121,2021-11-27,Crystal Palace,Aston Villa,A,1513.3918187253435,1475.1304713413228,0.6890959748781045
122,2021-11-27,Liverpool,Southampton,H,1552.8094473378205,1489.5792778678478,0.7190245872856608
123,2021-11-27,Norwich,Wolves,D,1452.0238045208,1513.0032765344106,0.5559201339363194
124,2021-11-27,Brighton,Leeds,D,1503.9592240923591,1472.6258120308648,0.6804881165428557
125,2021-11-28,Brentford,Everton,H,1476.505599095073,1485.7771869850617,0.6276795186248018
126,2021-11-28,Leicester,Watford,H,1491.2040295999104,1473.2293086836567,0.6635416112952304
127,2021-11-28,Man City,West Ham,H,1554.0394110840505,1536.6906543561945,0.6627366773507058
128,2021-11-28,Chelsea,Man United,D,1567.6963688099447,1495.9797006397507,0.7287877081322008
129,2021-11-30,Newcastle,Norwich,D,1444.2930942796406,1450.9054018420736,0.631249929761566
130,2021-11-30,Leeds,Crystal Palace,H,1476.235574361722,1499.6098992277814,0.608519402588586
131,2021-12-01,Everton,Liverpool,A,1478.3307773575577,1558.4289555921073,0.5286097389285687
132,2021-12-01,Aston Villa,Man City,A,1488.912390838885,1560.7846775370363,0.5403908285718342
133,2021-12-01,Wolves,Burnley,D,1514.121679213137,1469.5960970921217,0.696768383732542
134,2021-12-01,West Ham,Brighton,D,1529.9453879032087,1500.349461761502,0.6783095761212329
135,2021-12-01,Watford,Chelsea,A,1466.5001409095612,1563.1206146473007,0.5048633758626566
136,2021-12-01,Southampton,Leicester,D,1483.959769613561,1497.9331973740059,0.6213327124659035
137,2021-12-02,Tottenham,Brentford,H,1506.7023703665543,1483.952008722577,0.6696511929981122
138,2021-12-02,Man United,Arsenal,H,1500.5554548023947,1525.763046557272,0.6060025390050333
139,2021-12-04,West Ham,Chelsea,H,1526.3791963807842,1573.2178821645539,0.5759137667428117
140,2021-12-04,Newcastle,Burnley,H,1441.6680956844093,1473.5314647667726,0.5968184428016753
141,2021-12-04,Southampton,Brighton,D,1481.533115364243,1503.9156532839265,0.6098786189448325
142,2021-12-04,Wolves,Liverpool,A,1510.186311538486,1569.0011503706787,0.5589941445950067
143,2021-12-04,Watford,Man City,A,1456.402873392308,1571.592494108473,0.4781542952576441
144,2021-12-05,Leeds,Brentford,D,1484.0651863099504,1477.3450325825393,0.6489280336558579
145,2021-12-05,Man United,Crystal Palace,H,1508.435404022294,1491.780287279553,0.6618436152611029
146,2021-12-05,Tottenham,Norwich,H,1513.309346506592,1453.530400437305,0.7149935170696757
147,2021-12-05,Aston Villa,Leicester,H,1478.1045742674482,1500.359851623324,0.6100529030277267
148,2021-12-06,Everton,Arsenal,H,1467.7585825789863,1517.8830973373726,0.5712875777830536
149,2021-12-10,Brentford,Watford,H,1480.3235932556565,1446.8397874871553,0.6831735010957802
150,2021-12-11,Man City,Wolves,H,1581.1555800136257,1499.0064286465858,0.7404934416292593
151,2021-12-11,Arsenal,Southampton,H,1509.3088488930337,1479.3355429853464,0.6787834164546884
152,2021-12-11,Chelsea,Leeds,H,1564.7361574994102,1481.086625636833,0.7421496799315048
153,2021-12-11,Liverpool,Aston Villa,H,1580.181033262579,1485.9035162068938,0.7536827690116298
154,2021-12-11,Norwich,Man United,A,1447.8302707786984,1515.198531717072,0.5468232479496218
155,2021-12-12,Burnley,West Ham,D,1465.4678336228062,1534.8609210459279,0.5439332983399604
156,2021-12-12,Leicester,Newcastle,H,1492.5609096838784,1449.7317268283757,0.694701202615158
157,2021-12-12,Crystal Palace,Everton,H,1485.017159584775,1476.3328310233253,0.6514995732874342
158,2021-12-14,Norwich,Aston Villa,A,1436.893805819706,1480.9771715871263,0.579782846510462
159,2021-12-14,Man City,Leeds,H,1586.3457111810405,1475.9296192354632,0.770520470291969
160,2021-12-15,Crystal Palace,Southampton,D,1491.9871681190264,1472.9112113144402,0.6649553987155948
161,2021-12-15,Arsenal,West Ham,H,1515.7331805639399,1535.739587012727,0.6131280725381048
162,2021-12-15,Brighton,Wolves,A,1506.1132256628232,1493.816297479171,0.6562062163077068
163,2021-12-16,Chelsea,Everton,D,1569.89316390078,1469.362822489074,0.7603037334789391
164,2021-12-16,Liverpool,Newcastle,H,1585.1073778823463,1443.6257508806789,0.8006050122198102
165,2021-12-18,Leeds,Arsenal,A,1471.3400286413025,1523.4706191131777,0.5684569895058916
166,2021-12-19,Newcastle,Man City,A,1439.637851125075,1590.9353017752012,0.42670882782840225
167,2021-12-19,Wolves,Chelsea,D,1506.940421805325,1564.6870892312013,0.5605094123489324
168,2021-12-19,Tottenham,Liverpool,D,1519.0094761651985,1589.0952776379502,0.5429439272441777
169,2021-12-26,Man City,Leicester,H,1599.4694783317693,1498.6668856315753,0.7605892273643039
170,2021-12-26,Norwich,Arsenal,A,1425.2981488894966,1534.8397589032954,0.48627197050516746
171,2021-12-26,Tottenham,Crystal Palace,H,1518.150597620315,1488.6880601447144,0.6781420046231803
172,2021-12-26,West Ham,Southampton,A,1528.0021484634892,1476.210319288752,0.7055324608076435
173,2021-12-26,Aston Villa,Chelsea,A,1492.5728285173357,1565.89727747818,0.5383139474919321
174,2021-12-26,Brighton,Brentford,H,1492.9891013366691,1486.660123233741,0.6484148584642659
175,2021-12-27,Newcastle,Man United,D,1431.103674568507,1526.1349966760645,0.5071500148487157
176,2021-12-28,Leicester,Liverpool,H,1493.8786701788613,1589.9541561828337,0.5056475894467645
177,2021-12-28,Watford,West Ham,A,1440.5032575090709,1513.8914992473362,0.5382226800872403
178,2021-12-28,Southampton,Tottenham,D,1490.320968504905,1524.5877575278514,0.5934849199066123
179,2021-12-28,Crystal Palace,Norwich,H,1482.250900237178,1415.5727094793933,0.7230170382214846
180,2021-12-29,Chelsea,Brighton,D,1576.6635564280186,1500.0208041673839,0.734356109677668
181,2021-12-29,Brentford,Man City,A,1479.6284204030262,1604.2576937844833,0.46461487917233013
182,2021-12-30,Man United,Burnley,H,1526.2779969730389,1464.589167656007,0.717228579587542
183,2022-01-01,Arsenal,Man City,A,1544.5651983133987,1613.5499913679298,0.5445162842468743
184,2022-01-01,Watford,Tottenham,A,1429.738803907326,1526.4574559259836,0.5047220989416897
185,2022-01-01,Crystal Palace,West Ham,A,1487.7905594727483,1524.6559528490811,0.5898709723218395
186,2022-01-02,Brentford,Aston Villa,H,1470.3361228195797,1481.806549567497,0.6247167303818782
187,2022-01-02,Everton,Brighton,A,1474.5688971586528,1504.707926360937,0.5992046092305109
188,2022-01-02,Leeds,Burnley,H,1459.9708888511848,1458.9337392477578,0.6414392979286211
189,2022-01-02,Chelsea,Liverpool,D,1571.9764342344654,1580.067107971769,0.6292667873386949
190,2022-01-03,Man United,Wolves,A,1531.933425381288,1505.7302335583463,0.674033230381803
191,2022-01-11,Southampton,Brentford,H,1488.4512701067729,1477.8417882119422,0.6540114915139766
192,2022-01-12,West Ham,Norwich,H,1536.453372295518,1410.033050243823,0.7864033064055651
193,2022-01-14,Brighton,Crystal Palace,D,1516.6920185455474,1475.9931400263115,0.6920941295098706
194,2022-01-15,Man City,Chelsea,H,1624.4403170528674,1569.3910984876916,0.709413040396194
195,2022-01-15,Newcastle,Watford,D,1430.9606742715325,1419.6443619284921,0.6549316133493274
196,2022-01-15,Norwich,Everton,H,1405.7611163719343,1462.5848049740425,0.5618178086314738
197,2022-01-15,Wolves,Southampton,H,1519.2108981659824,1495.3710402764934,0.6710371174681458
198,2022-01-15,Aston Villa,Man United,D,1474.3008841751346,1518.452760773652,0.5796867588251668
199,2022-01-16,Liverpool,Brentford,H,1582.6524437185428,1470.9220180422217,0.7718555261562567
200,2022-01-16,West Ham,Leeds,A,1540.7253061674066,1467.1421028926125,0.7309062244277619
201,2022-01-18,Brighton,Chelsea,D,1512.85013595535,1563.5793592956154,0.5704348114954033
202,2022-01-19,Leicester,Tottenham,A,1503.765718389926,1536.5518979048175,0.5955395519391022
203,2022-01-19,Brentford,Man United,A,1466.3591285653467,1520.0464959501553,0.5662572696166984
204,2022-01-21,Watford,Norwich,A,1422.7429941954786,1414.5247601993049,0.6508901437573432
205,2022-01-22,Southampton,Man City,D,1488.7917826258563,1630.2520562449436,0.4406154849916873
206,2022-01-22,Man United,West Ham,H,1531.3716413424893,1526.1071816788515,0.6470166042002627
207,2022-01-22,Leeds,Newcastle,A,1481.7602273811676,1427.862042004546,0.7080452477557224
208,2022-01-22,Brentford,Wolves,A,1455.0339831730128,1525.7901558166195,0.5419861446768828
209,2022-01-22,Everton,Aston Villa,A,1453.821161146672,1472.7071489986313,0.6146568214415267
210,2022-01-23,Arsenal,Burnley,D,1533.6748726284611,1451.76252520633,0.7402314083117144
211,2022-01-23,Crystal Palace,Liverpool,A,1479.835022616509,1587.2153331954178,0.48938047654404276
212,2022-01-23,Leicester,Brighton,D,1491.854927351144,1511.4414397254418,0.6137012576639796
213,2022-01-23,Chelsea,Tottenham,H,1564.9880555255236,1548.4626889435995,0.6616764334373221
214,2022-02-05,Burnley,Watford,D,1456.5671533725645,1409.7251913203318,0.6995782393617641
215,2022-02-08,Newcastle,Everton,H,1442.0229469596604,1441.5280247178414,0.640721095615282
216,2022-02-08,West Ham,Watford,H,1519.0475137628566,1413.716756107567,0.7653034204653791
217,2022-02-08,Burnley,Man United,D,1452.5755885853291,1538.4313092584841,0.5203440164259854
218,2022-02-09,Tottenham,Southampton,A,1541.696217612346,1489.9794729260225,0.7054426561366445
219,2022-02-09,Aston Villa,Leeds,D,1485.000285427462,1467.5993224260533,0.6628038461012887
220,2022-02-09,Man City,Brentford,H,1629.0643659447774,1444.1942602794752,0.8375137293412342
221,2022-02-09,Norwich,Crystal Palace,D,1427.5425630744517,1470.047413085628,0.581995054921144
222,2022-02-10,Liverpool,Leicester,H,1597.0029427262987,1489.5809021978644,0.7674587754768148
223,2022-02-10,Wolves,Arsenal,A,1536.629878710157,1528.8702444622268,0.6502900320596456
224,2022-02-12,Man United,Southampton,D,1538.8381895870039,1504.0883260487553,0.68474886332024
225,2022-02-12,Brentford,Crystal Palace,D,1440.9445348662998,1471.6873141840508,0.5983696599140435
226,2022-02-12,Everton,Leeds,H,1434.342446630147,1470.8553993480791,0.590361699269586
227,2022-02-12,Watford,Brighton,A,1409.0228245168746,1513.7154648787214,0.4932471582855796
228,2022-02-12,Norwich,Man City,A,1425.9026619760289,1632.3140913579527,0.3514769468410346
229,2022-02-13,Burnley,Liverpool,A,1452.1687082568094,1601.6537672167624,0.42926295729334973
230,2022-02-13,Newcastle,Aston Villa,H,1449.208525047355,1481.744208505436,0.5958868348058283
231,2022-02-13,Tottenham,Wolves,A,1527.587364489613,1523.624078068964,0.6453040789241873
232,2022-02-13,Leicester,West Ham,D,1484.9300777074006,1523.7414453535491,0.5871582632787227
233,2022-02-15,Man United,Brighton,H,1535.143212320599,1523.580408044433,0.6552522137050408
234,2022-02-19,Southampton,Everton,H,1507.78330331516,1442.5352126447551,0.721365383228745
235,2022-02-19,Liverpool,Norwich,H,1610.2390263626294,1418.8731230392082,0.8425383128627799
236,2022-02-19,Man City,Tottenham,A,1639.3436302947734,1514.6812829111293,0.7846985395170402
237,2022-02-19,Crystal Palace,Chelsea,A,1473.6547073823317,1571.7545268567771,0.5027345523301032
238,2022-02-19,Aston Villa,Watford,A,1473.6619452015527,1399.157881351163,0.7319475406119913
239,2022-02-19,Brighton,Burnley,A,1516.6854523185339,1443.5834491109424,0.7303610640541779
240,2022-02-19,Arsenal,Brentford,H,1541.8760451034198,1438.977141668019,0.7627796928427115
241,2022-02-19,West Ham,Newcastle,D,1525.4846106191235,1457.2907883512382,0.7247608674478704
242,2022-02-20,Leeds,Man United,A,1462.662633333471,1542.0381680464982,0.5296461767843341
243,2022-02-20,Wolves,Leicester,H,1536.5301596474478,1483.1869124418263,0.7073844550901998
244,2022-02-23,Burnley,Tottenham,H,1458.190670392026,1530.37525370147,0.5399442981585587
245,2022-02-23,Watford,Crystal Palace,A,1413.7968321634028,1463.6000163357296,0.571740549644641
246,2022-02-23,Liverpool,Leeds,H,1613.3882601053738,1452.0697097977843,0.8182105419439886
247,2022-02-24,Arsenal,Wolves,H,1546.6204512465656,1542.3824705456439,0.645665926822005
248,2022-02-25,Southampton,Norwich,H,1513.355995650585,1415.7238892964638,0.7572500941601125
249,2022-02-26,Everton,Man City,A,1436.96252030933,1623.6496595044327,0.3777730483372382
250,2022-02-26,Brighton,Aston Villa,A,1502.0782310374502,1459.022994389313,0.6949771209495876
251,2022-02-26,Man United,Watford,D,1552.6310915821848,1402.36202117051,0.8085575438851637
252,2022-02-26,Brentford,Newcastle,A,1434.232735524873,1461.7860057001956,0.6027739891751867
253,2022-02-26,Leeds,Tottenham,A,1448.433920636664,1521.1741396646412,0.5391496765882039
254,2022-02-26,Crystal Palace,Burnley,D,1475.0348273286224,1467.3917844288549,0.6501373876435013
255,2022-02-27,West Ham,Wolves,H,1520.9893932701661,1535.295789082084,0.6208816453690237
256,2022-03-01,Burnley,Leicester,A,1470.3945321817248,1477.3346015436302,0.6308106361187946
257,2022-03-05,Leicester,Leeds,H,1489.950814266006,1437.6509271049,0.7061397032523674
258,2022-03-05,Aston Villa,Southampton,H,1472.9225368083048,1518.210993767383,0.578091808240914
259,2022-03-05,Burnley,Chelsea,A,1457.778319459349,1581.8092179033792,0.4654718006170362
260,2022-03-05,Newcastle,Brighton,H,1473.8414854836992,1488.1786886184584,0.6208399005484846
261,2022-03-05,Norwich,Brentford,A,1410.868891179666,1422.1772557413694,0.6249354205069282
262,2022-03-05,Wolves,Crystal Palace,A,1527.7134219894645,1472.0320795757525,0.7101625925751909
263,2022-03-05,Liverpool,West Ham,H,1617.024049266494,1528.5717603627857,0.7474047709246299
264,2022-03-06,Watford,Arsenal,A,1408.5331720482131,1553.7071327101255,0.43535332936116994
265,2022-03-06,Man City,Man United,H,1631.2051204711775,1546.4599407044816,0.7433547760303445
266,2022-03-07,Tottenham,Everton,H,1531.9571331964053,1429.4070593425854,0.7624161554663512
267,2022-03-10,Norwich,Chelsea,A,1398.3701827695274,1591.11865391572,0.3696070088052047
268,2022-03-10,Southampton,Newcastle,A,1509.7728299322011,1481.4246874727296,0.6767402406290329
269,2022-03-10,Wolves,Watford,H,1513.5101701379606,1399.8261054609898,0.7738298376729382
270,2022-03-10,Leeds,Aston Villa,A,1431.7737211699473,1481.3607006434866,0.5720452605130003
271,2022-03-12,Brighton,Liverpool,A,1480.595486629428,1622.0759538480015,0.4405868341995944
272,2022-03-12,Brentford,Burnley,H,1434.675964151508,1448.4688834470082,0.6215771570890167
273,2022-03-12,Man United,Tottenham,H,1541.3270362250885,1536.7088100870783,0.6461665395304469
274,2022-03-13,Chelsea,Newcastle,H,1598.510794091824,1494.9594922853103,0.7634585691632872
275,2022-03-13,Everton,Wolves,A,1424.6553824519124,1518.0335733845018,0.5095283955800062
276,2022-03-13,Leeds,Norwich,H,1420.3328159596872,1390.9780425934234,0.6780065908713456
277,2022-03-13,Southampton,Watford,A,1496.2380251196205,1395.3027022144486,0.7607283291925245
278,2022-03-13,West Ham,Aston Villa,H,1523.5198557812782,1492.8016058537467,0.6797176920853868
279,2022-03-13,Arsenal,Leicester,H,1562.414199297349,1495.8280202009587,0.7229109538397002
280,2022-03-14,Crystal Palace,Man City,D,1486.2353314272564,1636.3380249505706,0.4283921198483512
281,2022-03-16,Brighton,Tottenham,A,1471.783749945436,1529.6321408776873,0.5603651593391269
282,2022-03-16,Arsenal,Liverpool,A,1567.955980220555,1630.8876905319935,0.5531440637110981
283,2022-03-17,Everton,Newcastle,H,1414.4648145403123,1490.228663668576,0.53482216073047
284,2022-03-18,Wolves,Leeds,A,1528.2241412961018,1426.7726841422602,0.7612687133785219
285,2022-03-19,Aston Villa,Arsenal,A,1486.3959596954544,1556.8930989463329,0.5423562718603632
286,2022-03-20,Leicester,Brentford,H,1490.2862392777527,1442.2444210097276,0.7010278541383105
287,2022-03-20,Tottenham,West Ham,H,1540.83944406447,1529.9255019395705,0.6544079666905501
288,2022-04-02,Liverpool,Watford,H,1641.9505718062155,1410.517268798299,0.8707811784953832
289,2022-04-02,Brighton,Norwich,D,1460.5764467586534,1384.5381744108504,0.7336767527943716
290,2022-04-02,Burnley,Man City,A,1440.9004265887886,1634.9058673475377,0.3679227043392523
291,2022-04-02,Chelsea,Brentford,A,1603.2416227085582,1436.2649780924937,0.8230050455606203
292,2022-04-02,Leeds,Southampton,D,1441.9980584098307,1481.02345853577,0.5868595732404391
293,2022-04-02,Wolves,Aston Villa,H,1512.9987670285313,1475.548834258247,0.6880943904872806
294,2022-04-02,Man United,Leicester,D,1548.4037054344794,1496.2656821949865,0.7059463191841854
295,2022-04-03,Tottenham,Newcastle,H,1547.7512847306589,1480.9251068831854,0.723187606625525
296,2022-04-03,West Ham,Everton,H,1523.0136612733816,1423.768371325703,0.7589530310154539
297,2022-04-04,Crystal Palace,Arsenal,H,1487.6674890302893,1567.7402243835402,0.5286462341442412
298,2022-04-06,Burnley,Everton,H,1433.5419725020035,1418.9474319460119,0.6591838287661879
299,2022-04-08,Newcastle,Wolves,H,1475.388859015696,1519.2368792187858,0.5801128768363333
300,2022-04-09,Everton,Man United,H,1412.1311085213356,1544.2847790507958,0.45385880193436584
301,2022-04-09,Arsenal,Brighton,A,1558.313149066425,1455.902911702766,0.7622703153732556
302,2022-04-09,Southampton,Chelsea,A,1482.7606500005788,1586.781521797346,0.49421375866056616
303,2022-04-09,Watford,Leeds,A,1407.9328923682067,1440.260866945022,0.5961747255572807
304,2022-04-09,Aston Villa,Tottenham,A,1469.3107220679926,1553.2875325981483,0.5230428888502293
305,2022-04-10,Brentford,West Ham,H,1452.725079003706,1527.8346006530726,0.5357591223372389
306,2022-04-10,Leicester,Crystal Palace,H,1500.3846085786702,1497.0945643474045,0.6444165312043831
307,2022-04-10,Norwich,Burnley,H,1389.2117094667378,1440.3582959266798,0.569845997455105
308,2022-04-10,Man City,Liverpool,D,1642.2643214343227,1644.5349482363079,0.6370482503738807
309,2022-04-16,Watford,Brentford,A,1396.009397857061,1462.0098965569612,0.5487736250021187
310,2022-04-16,Southampton,Arsenal,H,1472.8763748273675,1543.0677427589599,0.5427931216559322
311,2022-04-16,Tottenham,Brighton,A,1563.748390375153,1471.1483180102312,0.7518857649601762
312,2022-04-16,Man United,Norwich,H,1533.3619550894832,1397.8147895176357,0.7950955430214696
313,2022-04-17,Newcastle,Leicester,H,1483.7866014789693,1507.4962779545824,0.6080594303507286
314,2022-04-17,West Ham,Burnley,D,1518.5497830998174,1431.755215875782,0.7455989630051465
315,2022-04-19,Liverpool,Man United,H,1647.2759132437855,1537.460044229054,0.7699089623503477
316,2022-04-20,Chelsea,Arsenal,A,1596.6657969705573,1533.9236051920784,0.7184567358618337
317,2022-04-20,Everton,Leicester,D,1423.0539324826482,1499.657466561597,0.5336194180077667
318,2022-04-20,Newcastle,Crystal Palace,H,1491.6254128719547,1489.9828949714922,0.6422403839990094
319,2022-04-20,Man City,Brighton,H,1639.523356426845,1486.1860333094346,0.8112766388787022
320,2022-04-21,Burnley,Southampton,H,1436.6671951358849,1482.020512394249,0.5780007410214617
321,2022-04-23,Brentford,Tottenham,D,1472.9853690570035,1548.7106750759494,0.5348773592587168
322,2022-04-23,Norwich,Newcastle,A,1393.716700378065,1498.7806051919745,0.49271297115954155
323,2022-04-23,Man City,Watford,H,1643.297823649271,1385.0339253570187,0.887187858384286
324,2022-04-23,Leicester,Aston Villa,D,1500.3298549217523,1458.849864290988,0.6930514922411635
325,2022-04-23,Arsenal,Man United,H,1548.292739909315,1532.8582234760609,0.6602692898455516
326,2022-04-24,Brighton,Southampton,D,1482.4115660870086,1473.580527214678,0.6516912980443932
327,2022-04-24,Burnley,Wolves,H,1445.1071803154557,1510.8391367555125,0.5491563820658056
328,2022-04-24,Chelsea,West Ham,H,1582.2966622533206,1513.6378038397145,0.7252945534831631
329,2022-04-24,Liverpool,Everton,H,1651.8777339967785,1422.3815441224929,0.8695212662163398
330,2022-04-25,Crystal Palace,Leeds,D,1482.8277026514725,1452.1843614561676,0.67962380987234
331,2022-04-28,Man United,Chelsea,D,1526.063609272972,1587.7907711836574,0.5548573265458432
332,2022-04-30,Wolves,Brighton,A,1501.8222643968286,1479.3777401261207,0.6692616124507935
333,2022-04-30,Watford,Burnley,A,1382.7776825247045,1454.1240526741396,0.5411426518289655
334,2022-04-30,Leeds,Man City,A,1455.7768376536144,1645.5540664815853,0.37360097502191536
335,2022-04-30,Aston Villa,Norwich,H,1462.7108941358113,1383.8624409548743,0.7368256303671807
336,2022-04-30,Newcastle,Liverpool,A,1508.6348646151653,1654.4873086724517,0.43439347935852257
337,2022-04-30,Southampton,Crystal Palace,A,1476.614353175566,1479.2352264540257,0.6365819448448671
338,2022-05-01,Everton,Chelsea,H,1419.7719694468196,1588.8879177145743,0.40182579377083555
339,2022-05-01,Tottenham,Leicester,H,1549.4082222611237,1496.468825076929,0.7069030197701468
340,2022-05-01,West Ham,Arsenal,A,1508.1436949093777,1555.087354112404,0.5757661734625222
341,2022-05-02,Man United,Brentford,H,1524.966462742055,1472.2878218718292,0.7065919222644778
342,2022-05-07,Liverpool,Tottenham,D,1663.1751782596223,1555.2701618657206,0.7679545829155698
343,2022-05-07,Brighton,Man United,H,1492.7629723751365,1530.8346242967655,0.5881900680097544
344,2022-05-07,Crystal Palace,Watford,H,1491.966865350923,1371.9548294881251,0.780141487866485
345,2022-05-07,Burnley,Aston Villa,A,1464.946905710719,1467.9743815284676,0.6360402867214101
346,2022-05-07,Brentford,Southampton,H,1466.4196603171188,1463.8827142786688,0.6434225301569542
347,2022-05-07,Chelsea,Wolves,D,1576.924433589991,1488.4370321478127,0.7474429281876975
348,2022-05-08,Norwich,West Ham,A,1378.598953562218,1496.6283714401272,0.4740768469942283
349,2022-05-08,Arsenal,Leeds,H,1566.6026775816545,1448.304818153176,0.7784443132208646
350,2022-05-08,Leicester,Everton,A,1490.6068854723321,1431.735453571403,0.713927772781336
351,2022-05-08,Man City,Newcastle,H,1653.0260859820237,1499.9469950279947,0.8110489396368128
352,2022-05-10,Aston Villa,Liverpool,A,1480.6951872628958,1657.8160866013109,0.3908016946015069
353,2022-05-11,Wolves,Man City,A,1493.3858907115666,1656.8051071892874,0.40973273219217893
354,2022-05-11,Watford,Everton,D,1367.557659245455,1446.0140090270297,0.5309641299578984
355,2022-05-11,Leicester,Norwich,H,1476.3283300167054,1369.1174166223334,0.7672418073696422
356,2022-05-11,Leeds,Chelsea,A,1443.8737044175932,1571.975575026237,0.4596461195812166
357,2022-05-12,Tottenham,Arsenal,H,1560.629253524032,1571.0337913172373,0.6261541263751327
358,2022-05-15,Tottenham,Burnley,H,1568.1061709965293,1452.2260999762907,0.7760346090960177
359,2022-05-15,Aston Villa,Crystal Palace,D,1472.8791533708657,1496.3640355935931,0.6083677820632821
360,2022-05-15,Leeds,Brighton,D,1434.680782025969,1500.9991710149416,0.5483204569258462
361,2022-05-15,Watford,Leicester,A,1366.938376646297,1480.9834938693125,0.4797984547117953
362,2022-05-15,West Ham,Man City,D,1506.1099083800118,1664.9997618331308,0.4160530783689799
363,2022-05-15,Wolves,Norwich,D,1485.1912360677231,1364.4622527697263,0.7808485494299071
364,2022-05-15,Everton,Brentford,A,1446.6332916261877,1473.5512097139797,0.6036493732537606
365,2022-05-16,Newcastle,Arsenal,H,1496.167973820731,1563.55687384474,0.5467938062309539
366,2022-05-17,Southampton,Liverpool,A,1456.7511648818079,1665.632120493341,0.3482434806904268
367,2022-05-19,Chelsea,Leicester,D,1581.1684974178613,1490.5794629635484,0.7497198427006613
368,2022-05-19,Aston Villa,Burnley,D,1470.7117977296,1447.746792158211,0.6699244709605927
369,2022-05-19,Everton,Crystal Palace,H,1434.5603041611125,1498.5313912348588,0.5516647124519223
370,2022-05-22,Arsenal,Everton,H,1554.492749969359,1443.5270099120742,0.7710794507680385
371,2022-05-22,Brentford,Leeds,A,1485.6241971790548,1433.714372887452,0.7056735564227247
372,2022-05-22,Brighton,West Ham,H,1501.9655801534584,1507.7888468126323,0.6323065747466813
373,2022-05-22,Burnley,Newcastle,A,1451.145281577423,1505.232097696112,0.5656924253493237
374,2022-05-22,Chelsea,Watford,H,1576.174100563848,1357.342407552061,0.8623969720963249
375,2022-05-22,Crystal Palace,Man United,H,1489.5646854838972,1522.5984256569604,0.5951962446261758
376,2022-05-22,Leicester,Southampton,H,1495.5738598175617,1449.7862952679993,0.6983010572825193
377,2022-05-22,Liverpool,Wolves,H,1672.5969901071496,1479.574265079125,0.8437994904690431
378,2022-05-22,Man City,Aston Villa,H,1663.3208234005103,1467.313308310388,0.846050735127165
379,2022-05-22,Norwich,Tottenham,A,1370.0792237583244,1572.585478814609,0.3566180046072343
380,2022-08-05,Crystal Palace,Arsenal,A,1497.6607605913737,1559.0711609539983,0.5553076506036407
381,2022-08-06,Everton,Chelsea,A,1438.948598927435,1578.9261611219215,0.4427202328215567
382,2022-08-06,Tottenham,Southampton,H,1579.7178389067535,1443.7523164136496,0.7954876139502035
383,2022-08-06,Newcastle,Nott'm Forest,H,1516.5459462030985,1500.0,0.6617029527749348
384,2022-08-06,Bournemouth,Aston Villa,H,1500.0,1464.2343230129313,0.6860097831597123
385,2022-08-06,Fulham,Liverpool,D,1500.0,1675.7210002977688,0.3927218992671928
386,2022-08-06,Leeds,Wolves,H,1447.8278440159065,1476.450254888506,0.6012994505408354
387,2022-08-07,Leicester,Brentford,D,1501.6078386719114,1471.5107260506004,0.6789387888008529
388,2022-08-07,Man United,Brighton,A,1514.502350549484,1509.3194486585248,0.6469093731089518
389,2022-08-07,West Ham,Man City,A,1500.4349783075659,1666.399808697967,0.40619344545749797
390,2022-08-13,Aston Villa,Everton,H,1457.9545186761256,1430.0941942710037,0.6761256265216149
391,2022-08-13,Arsenal,Leicester,H,1570.177313966071,1498.0290628958944,0.7292784841459797
392,2022-08-13,Brighton,Newcastle,D,1522.2576361207039,1523.3118871476,0.638665683572402
393,2022-08-13,Man City,Bournemouth,H,1674.523677607117,1506.2798043368057,0.8240651533974567
394,2022-08-13,Southampton,Leeds,D,1439.6620686926537,1455.80185500509,0.6183942507986532
395,2022-08-13,Wolves,Fulham,D,1468.4762438993225,1502.1455620146562,0.5943144244476615
396,2022-08-13,Brentford,Man United,H,1475.0895018266174,1501.564163087305,0.6042596971234412
397,2022-08-14,Chelsea,Tottenham,D,1587.7805657783526,1583.8080866277494,0.6453161909688854
398,2022-08-14,Nott'm Forest,West Ham,H,1493.2340590554986,1492.311109398416,0.6412880880316506
399,2022-08-15,Liverpool,Crystal Palace,D,1673.5754382831126,1486.5546075793009,0.8391915004184665
400,2022-08-20,Tottenham,Wolves,H,1586.7144104471272,1466.5899554103694,0.7802524651282433
401,2022-08-20,Crystal Palace,Aston Villa,H,1493.3384375876701,1464.4320061456933,0.6774428944587616
402,2022-08-20,Everton,Nott'm Forest,D,1423.616706801436,1500.4082972948656,0.5333499968503476
403,2022-08-20,Fulham,Brentford,H,1504.0318505036093,1483.0043078841486,0.6674536140224088
404,2022-08-20,Leicester,Southampton,A,1492.614632578814,1437.2941836766806,0.7097347967904075
405,2022-08-20,Bournemouth,Arsenal,A,1502.7611074047547,1575.5917442831515,0.5390203499582097
406,2022-08-21,Leeds,Chelsea,H,1458.169740021063,1584.8742419589748,0.46164463372248854
407,2022-08-21,West Ham,Brighton,A,1485.136871159049,1519.4843224492558,0.593372890685673
408,2022-08-21,Newcastle,Man City,D,1526.085200819048,1678.042374539168,0.42578006919032496
409,2022-08-22,Man United,Liverpool,H,1493.6493570297737,1666.7916082747433,0.3962677601308521
410,2022-08-27,Man City,Crystal Palace,H,1676.5579759229745,1499.789579698495,0.8310668213688572
411,2022-08-27,Liverpool,Bournemouth,H,1654.7169634773604,1491.9807004055906,0.8194212765124153
412,2022-08-27,Arsenal,Fulham,H,1586.3721512823156,1510.6827782231612,0.7332841319588019
413,2022-08-27,Chelsea,Leicester,H,1574.1071346334245,1478.419936643006,0.7551861339415094
414,2022-08-27,Brentford,Everton,D,1476.3533801645967,1422.9497068644291,0.707456450000866
415,2022-08-27,Brighton,Leeds,H,1531.3517802629692,1468.9368473466134,0.718075519516356
416,2022-08-27,Southampton,Man United,A,1451.4888796124887,1505.7240018271566,0.5654826681874267
417,2022-08-28,Aston Villa,West Ham,A,1457.9808640348685,1473.2694133453356,0.6195499206770342
418,2022-08-28,Wolves,Newcastle,D,1462.1950047129342,1527.5695994352413,0.5496656444727761
419,2022-08-28,Nott'm Forest,Tottenham,A,1501.0752972318726,1591.1093611445624,0.5143382027053821
420,2022-08-30,Crystal Palace,Brentford,D,1496.410916125872,1472.2042511645793,0.671503057325121
421,2022-08-30,Fulham,Brighton,H,1505.3484608623373,1536.990269872642,0.597125300063123
422,2022-08-30,Southampton,Chelsea,H,1440.1792262487402,1579.0034119545944,0.4443589086049438
423,2022-08-30,Leeds,Everton,D,1463.2983577369405,1427.0988358644465,0.6865474765254281
424,2022-08-31,Liverpool,Newcastle,H,1658.3285379471122,1528.5629123246968,0.7896201434171541
425,2022-08-31,Man City,Nott'm Forest,H,1679.9366394955973,1490.788533177765,0.8408371750794534
426,2022-08-31,West Ham,Tottenham,D,1485.6604117588763,1601.39612519867,0.47736995938092064
427,2022-08-31,Arsenal,Aston Villa,H,1591.7064686431395,1445.5898656213278,0.8048301495060731
428,2022-08-31,Bournemouth,Wolves,D,1488.3691259358388,1461.2016918234788,0.6752515916150421
429,2022-09-01,Leicester,Man United,A,1473.523659321836,1517.0336551909052,0.580586770490346
430,2022-09-03,Everton,Liverpool,D,1430.829785394955,1662.5361350787691,0.3190452981650941
431,2022-09-03,Brentford,Leeds,H,1475.6343123110817,1459.567408206432,0.6610853857732345
432,2022-09-03,Chelsea,West Ham,H,1567.8905901266933,1486.113012571258,0.740082203245362
433,2022-09-03,Newcastle,Crystal Palace,D,1524.3553151930398,1492.9808549793697,0.6805394899472613
434,2022-09-03,Nott'm Forest,Bournemouth,A,1487.6052766793541,1484.864094103538,0.6436922208909198
435,2022-09-03,Tottenham,Fulham,H,1600.9435243862883,1513.4059548610749,0.7464093890794353
436,2022-09-03,Wolves,Southampton,H,1464.7067236557796,1451.2920480766413,0.6576563229722792
437,2022-09-03,Aston Villa,Man City,D,1441.6864686114493,1683.1198959940082,0.3070055310745021
438,2022-09-04,Man United,Arsenal,H,1528.645390600712,1595.609865653018,0.5473991836039761
439,2022-09-04,Brighton,Leicester,H,1528.9327758739046,1461.9119239120291,0.7234118872498712
440,2022-09-16,Nott'm Forest,Fulham,A,1474.7314322615357,1508.3341426426637,0.5944068666928887
441,2022-09-16,Aston Villa,Southampton,H,1445.5463579899592,1444.4451745360868,0.6415240715861903
442,2022-09-17,Wolves,Man City,A,1471.553597196334,1679.2600066154982,0.3497796474480525
443,2022-09-17,Newcastle,Bournemouth,D,1520.7445253940946,1497.7379385213565,0.6699773977169142
444,2022-09-17,Tottenham,Leicester,H,1606.0153366046995,1456.3801616570265,0.807992071620507
445,2022-09-18,Brentford,Arsenal,A,1482.412604595617,1586.5578493250975,0.4940347963419307
446,2022-09-18,Everton,West Ham,H,1434.448879431653,1480.9146566361653,0.5764379688637988
447,2022-10-01,Arsenal,Tottenham,H,1596.4385452519361,1609.8554951722895,0.6220860965554331
448,2022-10-01,Bournemouth,Brentford,D,1501.1374864756947,1472.5319086687784,0.6770643441204919
449,2022-10-01,Crystal Palace,Chelsea,A,1496.591644778315,1573.088946061786,0.5337716049706157
450,2022-10-01,Fulham,Newcastle,A,1520.2222799765213,1517.3449774397563,0.643871914305009
451,2022-10-01,Liverpool,Brighton,D,1658.917041042071,1534.4645381289072,0.7844943881106038
452,2022-10-01,Southampton,Everton,A,1437.2756559678107,1442.920120054377,0.6325458423207125
453,2022-10-01,West Ham,Wolves,H,1472.4434160134413,1464.558004247373,0.6504546687217506
454,2022-10-02,Leeds,Aston Villa,D,1452.7891159218966,1452.7158765582353,0.640162122954705
455,2022-10-02,Man City,Man United,H,1686.2555995644593,1537.6974069286325,0.8070284219366338
456,2022-10-03,Leicester,Nott'm Forest,H,1452.5400030894366,1462.843294927678,0.6262905455047089
457,2022-10-08,Bournemouth,Leicester,H,1497.5961995932848,1460.0141921793424,0.6882575394155028
458,2022-10-08,Chelsea,Wolves,H,1583.7643781611982,1457.567097621808,0.7861875613138103
459,2022-10-08,Man City,Southampton,H,1690.1150311257265,1424.6247391213965,0.8912846882317627
460,2022-10-08,Newcastle,Brentford,H,1530.2224157258565,1476.0731955511883,0.7083438792193912
461,2022-10-08,Brighton,Tottenham,A,1540.1544258911192,1602.2972171033982,0.5542663105885237
462,2022-10-09,Crystal Palace,Leeds,H,1485.9162126789026,1449.9858734628026,0.6862139191198238
463,2022-10-09,West Ham,Fulham,H,1479.4343226390063,1507.3448416904212,0.6022814844549687
464,2022-10-09,Arsenal,Liverpool,H,1603.9968233208274,1653.227153279859,0.5725477895738202
465,2022-10-09,Everton,Man United,A,1455.5710369007913,1533.8379753673653,0.531235660165236
466,2022-10-10,Nott'm Forest,Aston Villa,D,1455.3691058377722,1455.5191190173293,0.639866030637626
467,2022-10-14,Brentford,Brighton,H,1470.240073135576,1529.0690996793487,0.5589740109802084
468,2022-10-15,Fulham,Bournemouth,D,1499.3904713795205,1503.8310488049747,0.634155138544705
469,2022-10-15,Wolves,Nott'm Forest,H,1453.2908488480841,1452.5717852250195,0.6410180567237287
470,2022-10-15,Leicester,Crystal Palace,D,1453.7793429676526,1492.1919342965061,0.5877145987561047
471,2022-10-15,Tottenham,Everton,H,1613.3825433151687,1444.9463236974866,0.8242256246376926
472,2022-10-16,Liverpool,Man City,H,1644.6781090713355,1692.2893373610914,0.5748272519555445
473,2022-10-16,Man United,Newcastle,D,1544.46268857067,1536.0555381414688,0.6511372159894293
474,2022-10-16,Southampton,West Ham,D,1422.4504328860316,1487.388692949907,0.5502873069854626
475,2022-10-16,Leeds,Arsenal,A,1443.710151845199,1612.545867529351,0.40221359440210375
476,2022-10-16,Aston Villa,Chelsea,A,1458.316439630082,1588.040626934922,0.4573275164578202
477,2022-10-18,Brighton,Nott'm Forest,D,1520.2485798989528,1445.392146359494,0.7323453266757098
478,2022-10-18,Crystal Palace,Wolves,H,1493.9462262716281,1460.4704877136096,0.6831634494936273
479,2022-10-19,Bournemouth,Southampton,A,1506.5141515758687,1421.4446867463223,0.7437107470092328
480,2022-10-19,Brentford,Chelsea,D,1479.060592915972,1597.1871772640784,0.47393739110754923
481,2022-10-19,Liverpool,West Ham,H,1653.1815640322245,1488.3944390896163,0.8211615850709479
482,2022-10-19,Newcastle,Everton,H,1539.0782824612575,1441.4308361902404,0.7572663259811083
483,2022-10-19,Man United,Tottenham,H,1541.4399442508814,1616.898030822415,0.5352600271907432
484,2022-10-20,Fulham,Aston Villa,H,1496.7073686086264,1449.1698893009257,0.7004190221628072
485,2022-10-20,Leicester,Leeds,H,1452.0250509925306,1435.6658799571571,0.6614622331033726
486,2022-10-22,Man City,Brighton,H,1683.7858824002024,1515.6016733654387,0.8240153531465743
487,2022-10-22,Chelsea,Man United,D,1596.6659250862294,1550.7347437070664,0.6984752003953025
488,2022-10-22,Nott'm Forest,Liverpool,H,1450.0390528930081,1656.7583323308056,0.351073112923265
489,2022-10-22,Everton,Crystal Palace,H,1436.5761627098625,1500.2829572817557,0.552040969330388
490,2022-10-23,Aston Villa,Brentford,H,1443.1782697441818,1479.581845093821,0.5905139562367185
491,2022-10-23,Leeds,Fulham,A,1428.8951246192246,1502.6989881653703,0.5376279935212084
492,2022-10-23,Southampton,Arsenal,D,1436.318901686507,1620.590139417393,0.3810475599951496
493,2022-10-23,Wolves,Leicester,A,1454.133756703482,1458.7958063304632,0.6338593089476021
494,2022-10-23,Tottenham,Newcastle,A,1607.60323136623,1543.9329559416353,0.7195361322936398
495,2022-10-24,West Ham,Bournemouth,H,1484.8176707910352,1491.639936635684,0.6309685511982147
496,2022-10-29,Fulham,Everton,D,1513.4515480357945,1445.5353433232547,0.7244419608760632
497,2022-10-29,Newcastle,Aston Villa,H,1558.323678587508,1451.3679906194475,0.7669793327326093
498,2022-10-29,Crystal Palace,Southampton,H,1491.3237766683635,1438.697950486604,0.7065288877474803
499,2022-10-29,Leicester,Man City,A,1471.4729925094152,1687.305575337271,0.3392168943454692
500,2022-10-29,Brentford,Wolves,D,1471.3921242185552,1441.45657052453,0.6787360310958288
501,2022-10-29,Bournemouth,Tottenham,A,1484.2593076596484,1593.2125087203572,0.48711815925652874
502,2022-10-29,Liverpool,Leeds,A,1643.779794589271,1418.1425647488004,0.8669802493660873
503,2022-10-29,Brighton,Chelsea,H,1512.0819804283701,1592.6964210783233,0.5278691476736228
504,2022-10-30,Man United,West Ham,H,1554.7042477149726,1492.198299767071,0.718181572307696
505,2022-10-30,Arsenal,Nott'm Forest,H,1618.211090617296,1463.0175906345428,0.8129071490161298
506,2022-11-05,Leeds,Bournemouth,H,1435.4821697361222,1474.5169444745177,0.5868464891678952
507,2022-11-05,Man City,Fulham,H,1694.0899132241802,1508.9627088182733,0.8377150309713685
508,2022-11-05,Nott'm Forest,Brentford,D,1459.2757336148654,1467.8174035966385,0.6286609298849031
509,2022-11-05,Wolves,Brighton,A,1445.0312911464466,1521.5245974748977,0.5337773279402418
510,2022-11-05,Everton,Leicester,A,1450.0241825407759,1464.688654622506,0.6203963312323092
511,2022-11-06,Chelsea,Arsenal,A,1583.2538040317957,1621.9529476369732,0.587314850351729
512,2022-11-06,Aston Villa,Man United,H,1446.7075772740998,1560.3406162688186,0.4803905429831798
513,2022-11-06,Southampton,Newcastle,A,1432.8285282415536,1562.9840919328558,0.45671130331216975
514,2022-11-06,West Ham,Crystal Palace,A,1486.5619312132249,1497.1931989134139,0.6258485570203959
515,2022-11-06,Tottenham,Liverpool,A,1602.9548719054878,1626.4401896019492,0.6083671848046994
516,2022-11-12,Wolves,Arsenal,A,1434.3557445876418,1633.6992446440079,0.36080610011976066
517,2022-11-12,Newcastle,Chelsea,H,1572.1183179990992,1571.507507024761,0.6408746481066366
518,2022-11-12,West Ham,Leicester,A,1474.044960072817,1477.0965812471522,0.6360081104681875
519,2022-11-12,Tottenham,Leeds,H,1590.787528209394,1443.7452399527642,0.8056658104493329
520,2022-11-12,Nott'm Forest,Crystal Palace,H,1456.7025150171673,1509.710170053822,0.567218026993173
521,2022-11-12,Liverpool,Southampton,H,1638.607533298043,1423.6943021753102,0.8596982842121101
522,2022-11-12,Bournemouth,Everton,H,1466.2538742578756,1437.6162559161296,0.6771046703123826
523,2022-11-12,Man City,Brentford,A,1697.335612604753,1470.3906221943366,0.8678460324033731
524,2022-11-13,Brighton,Aston Villa,A,1532.2001440337026,1457.099766414436,0.7326204928077199
525,2022-11-13,Fulham,Man United,A,1505.7170094377007,1549.9484271284823,0.5795751934221384
526,2022-12-26,Brentford,Tottenham,D,1487.747542842404,1594.6742120004074,0.4900330422578162
527,2022-12-26,Crystal Palace,Fulham,A,1501.0545305936853,1494.125505569258,0.6492019067298497
528,2022-12-26,Everton,Wolves,A,1431.1583493223773,1427.1396225852466,0.645377122472153
529,2022-12-26,Leicester,Newcastle,A,1489.816743456516,1579.3008250369664,0.515129003477526
530,2022-12-26,Southampton,Brighton,A,1420.8882678595523,1517.5477341775481,0.5048072662768766
531,2022-12-26,Aston Villa,Liverpool,A,1471.7521762705906,1641.413567613801,0.401071333428897
532,2022-12-26,Arsenal,West Ham,H,1640.915366646403,1461.3247978634533,0.8333353857008997
533,2022-12-27,Man United,Nott'm Forest,H,1561.539930996925,1465.358154477304,0.7557121091483006
534,2022-12-27,Chelsea,Bournemouth,H,1564.3249999868938,1472.711780851628,0.7508244787539659
535,2022-12-28,Leeds,Man City,A,1439.8585561617508,1679.9786919566855,0.3086162689251849
536,2022-12-30,West Ham,Brentford,A,1457.9915055774713,1487.9468819972478,0.5994584757844519
537,2022-12-30,Liverpool,Leicester,H,1649.434994282379,1479.5141633869655,0.825460336964396
538,2022-12-31,Wolves,Man United,A,1440.0471650346897,1566.425688813959,0.4621110268784542
539,2022-12-31,Bournemouth,Crystal Palace,A,1467.7282704267072,1488.0704924590882,0.6126694347735221
540,2022-12-31,Fulham,Southampton,H,1507.109543703855,1410.7921225340149,0.7558562310420555
541,2022-12-31,Man City,Everton,D,1686.1510173351892,1418.2508068729342,0.8926216138459778
542,2022-12-31,Newcastle,Leeds,D,1589.603405106517,1433.686230783247,0.8135398968127202
543,2022-12-31,Brighton,Arsenal,A,1527.6438795030856,1644.248658932385,0.4761219787753415
544,2023-01-01,Tottenham,Aston Villa,A,1594.4748728455636,1463.7307496020126,0.7905543196080712
545,2023-01-01,Nott'm Forest,Chelsea,D,1460.47239666027,1569.3085104118145,0.4872865510488878
546,2023-01-02,Brentford,Liverpool,H,1499.936051512937,1652.925787543091,0.42432748026360173
547,2023-01-03,Man United,Bournemouth,H,1575.667909351528,1455.4748817312368,0.7803201384234144
548,2023-01-03,Leicester,Fulham,A,1476.0233701262534,1511.9924190830138,0.5911186598818537
549,2023-01-03,Arsenal,Newcastle,D,1653.7710985078918,1583.3326071702625,0.7273309522577834
550,2023-01-03,Everton,Brighton,A,1426.1032391498536,1518.1214399275789,0.5114847120439413
551,2023-01-04,Southampton,Nott'm Forest,A,1405.909247154856,1460.7266656392924,0.5646588696103763
552,2023-01-04,Leeds,West Ham,D,1439.9570287195015,1446.0023360617822,0.632009356680091
553,2023-01-04,Aston Villa,Wolves,D,1479.5418359941739,1430.8049444971207,0.701865774030798
554,2023-01-04,Crystal Palace,Tottenham,A,1500.3238811545586,1578.6637864534023,0.5311310608917863
555,2023-01-05,Chelsea,Man City,A,1569.0542414327922,1678.2985850582697,0.48669945867343317
556,2023-01-12,Fulham,Chelsea,H,1523.8147922806509,1559.3202522593235,0.5917635042494368
557,2023-01-13,Aston Villa,Leeds,H,1475.504520513558,1437.3168415858997,0.689005113745539
558,2023-01-14,Wolves,West Ham,H,1434.8422599777366,1448.642523195384,0.6215672131515728
559,2023-01-14,Nott'm Forest,Leicester,H,1472.0198430315,1464.2009969286164,0.650367541967634
560,2023-01-14,Brentford,Bournemouth,H,1511.4495019076649,1451.0812844997051,0.7156842510697979
561,2023-01-14,Brighton,Liverpool,H,1528.3511341684577,1641.4123371483631,0.48121226767986647
562,2023-01-14,Man United,Man City,H,1580.0615065830596,1688.0325742317384,0.4885307237947158
563,2023-01-14,Everton,Southampton,A,1415.8735449089747,1394.6160697626485,0.6677473337525255
564,2023-01-15,Chelsea,Crystal Palace,H,1551.1555223443122,1489.7012599367229,0.7169546475155267
565,2023-01-15,Newcastle,Fulham,H,1587.8792262154182,1531.9795221956622,0.7104212526716996
566,2023-01-15,Tottenham,Arsenal,A,1589.286407671238,1649.224479462736,0.5573995828936431
567,2023-01-18,Crystal Palace,Man United,D,1484.0403528870334,1590.2908921071653,0.49100572131621567
568,2023-01-19,Man City,Tottenham,H,1677.8031887076327,1578.1384160133653,0.7593945147250116
569,2023-01-21,Liverpool,Chelsea,D,1631.0365825019605,1556.8164293940017,0.7316267646320529
570,2023-01-21,Bournemouth,Nott'm Forest,D,1445.394969521101,1479.0124921921472,0.594386309878787
571,2023-01-21,Leicester,Brighton,D,1457.2083477679691,1538.7268888148603,0.5265718996029334
572,2023-01-21,Southampton,Aston Villa,A,1407.971016437699,1481.724418238647,0.5377002017379986
573,2023-01-21,West Ham,Everton,H,1441.0738674584154,1402.5185982339242,0.6894583468369856
574,2023-01-21,Crystal Palace,Newcastle,D,1484.220238460709,1593.6708011619842,0.48640290028634414
575,2023-01-22,Arsenal,Man United,H,1660.372471120609,1590.1110065334897,0.7271288072178935
576,2023-01-22,Man City,Wolves,H,1682.6152984131325,1442.4109157147052,0.8763568579709051
577,2023-01-22,Leeds,Brentford,D,1431.0969438608106,1517.135816886269,0.5200808697402003
578,2023-01-23,Fulham,Tottenham,A,1526.1879472490962,1573.3263063078655,0.5754923884925219
579,2023-02-03,Chelsea,Fulham,D,1561.4489646866427,1514.6780994792457,0.6994922174335501
580,2023-02-04,Everton,Arsenal,H,1396.307765170664,1665.8298949762511,0.27371644288565955
581,2023-02-04,Aston Villa,Leicester,A,1492.478422273407,1456.6769097759104,0.6860542154860862
582,2023-02-04,Brentford,Southampton,H,1517.5374342810728,1397.2170124029392,0.7804458222294369
583,2023-02-04,Brighton,Bournemouth,H,1539.258326806919,1443.5072433235252,0.7552541180188082
584,2023-02-04,Man United,Crystal Palace,H,1584.6535826778475,1484.4921804549822,0.7599164768395795
585,2023-02-04,Wolves,Liverpool,H,1439.9380528741233,1626.4040472093195,0.3780723298271641
586,2023-02-04,Newcastle,West Ham,D,1593.398859167711,1447.2847005216756,0.8048279392504821
587,2023-02-05,Nott'm Forest,Leeds,H,1480.900218389723,1430.6953264660067,0.7036310190051213
588,2023-02-05,Tottenham,Man City,H,1584.836154077716,1685.0881612537144,0.49963733258436266
589,2023-02-08,Man United,Leeds,D,1589.455253141056,1424.7679468461092,0.8210771861380332
590,2023-02-11,Southampton,Wolves,A,1392.8259288475278,1452.37660627758,0.5579496702764624
591,2023-02-11,Bournemouth,Newcastle,D,1438.6123256839014,1587.3023003827013,0.43038463528045334
592,2023-02-11,Leicester,Tottenham,H,1470.397994085632,1594.8434074260288,0.46487815966734786
593,2023-02-11,Fulham,Nott'm Forest,H,1518.6679438279168,1486.8275980096205,0.6811222570322665
594,2023-02-11,Crystal Palace,Brighton,D,1479.6905099917738,1544.1532444465429,0.5509646274532105
595,2023-02-11,Arsenal,Brentford,D,1651.3042238339642,1521.9285178364842,0.7892470347000765
596,2023-02-11,West Ham,Chelsea,D,1453.3812593066853,1557.4591203379716,0.49413175569931655
597,2023-02-12,Leeds,Man United,A,1431.1894905688698,1583.0337094182953,0.42593905017948974
598,2023-02-12,Man City,Aston Villa,H,1675.0809079054015,1478.7573379636854,0.8462875553165534
599,2023-02-13,Liverpool,Everton,H,1613.9654938058627,1410.8334363129509,0.8513170446331525
600,2023-02-15,Arsenal,Man City,A,1645.5192831399627,1678.1551567990705,0.5957479445618262
601,2023-02-18,Wolves,Bournemouth,A,1463.5355996831092,1440.0046329782924,0.670644484612518
602,2023-02-18,Nott'm Forest,Man City,D,1480.4500431502659,1690.070115690307,0.347278416398182
603,2023-02-18,Everton,Leeds,H,1407.859777205614,1422.67070956528,0.6201977586730905
604,2023-02-18,Newcastle,Liverpool,A,1585.9099930883103,1616.9391529131997,0.5979734133000612
605,2023-02-18,Brighton,Fulham,A,1545.172536995607,1525.0454986872714,0.666302042312654
606,2023-02-18,Brentford,Crystal Palace,D,1527.7134585304857,1478.6712174427096,0.7022334495861616
607,2023-02-18,Aston Villa,Arsenal,A,1475.6830890700164,1633.6043242487262,0.41740836973609374
608,2023-02-18,Chelsea,Southampton,A,1557.3417554519579,1381.6669354419987,0.8301811751445716
609,2023-02-19,Man United,Leicester,H,1591.552490421885,1481.100430892285,0.7705570778509367
610,2023-02-19,Tottenham,West Ham,H,1584.1409706193758,1453.498624192699,0.7904572950645109
611,2023-02-24,Fulham,Wolves,D,1538.3715395335246,1450.1227099908588,0.7471835938072658
612,2023-02-25,Crystal Palace,Liverpool,D,1482.7158864344328,1628.898621179201,0.4339263948850993
613,2023-02-25,Bournemouth,Man City,A,1453.417522670543,1687.0156840182706,0.3166840322627278
614,2023-02-25,West Ham,Nott'm Forest,H,1449.3077700939893,1483.5044748223022,0.5935822498269799
615,2023-02-25,Leicester,Arsenal,A,1476.5115724493037,1641.9524916434482,0.4069210808733751
616,2023-02-25,Everton,Aston Villa,A,1415.4558220321521,1467.3349216752945,0.5688120942158086
617,2023-02-25,Leeds,Southampton,H,1415.0746647387418,1398.2705589448901,0.6620355363602518
618,2023-02-26,Tottenham,Chelsea,H,1588.3318247180855,1540.7381319490664,0.7004869175114431
619,2023-03-01,Arsenal,Everton,H,1650.0909132609156,1404.079580147836,0.8799335806750416
620,2023-03-01,Liverpool,Wolves,H,1627.577149076903,1455.066381867004,0.8275979294439532
621,2023-03-04,Wolves,Tottenham,H,1451.618340455883,1594.3220863678566,0.438851984503569
622,2023-03-04,Southampton,Leicester,H,1391.511269672095,1468.3731508318363,0.5332492891260916
623,2023-03-04,Chelsea,Leeds,H,1534.7478702992953,1421.833954011537,0.7730529866855528
624,2023-03-04,Aston Villa,Crystal Palace,H,1478.7111635596107,1484.0373585367308,0.6329715777426377
625,2023-03-04,Arsenal,Bournemouth,H,1652.4922416474149,1447.0838420252883,0.8529680361996311
626,2023-03-04,Man City,Newcastle,H,1693.3493646635252,1573.950524822309,0.7795354484101344
627,2023-03-04,Brighton,West Ham,H,1531.846496149354,1457.4361250974498,0.7318417088606956
628,2023-03-05,Nott'm Forest,Everton,D,1475.3761198188417,1401.6782517613367,0.7310360274664974
629,2023-03-05,Liverpool,Man United,H,1631.025190488024,1596.1413488648664,0.6849153254881457
630,2023-03-06,Brentford,Fulham,H,1523.6687895387624,1533.4278676573792,0.6270234763185986
631,2023-03-11,Bournemouth,Liverpool,H,1444.1432027492808,1637.326883978261,0.36902347752007914
632,2023-03-11,Everton,Brentford,H,1406.2989723106666,1531.1283200123905,0.4643284028637762
633,2023-03-11,Leeds,Brighton,D,1417.2950137452478,1537.20966197214,0.47137186278373766
634,2023-03-11,Leicester,Chelsea,A,1459.038136614358,1539.2868105655843,0.5283938619456182
635,2023-03-11,Tottenham,Nott'm Forest,H,1583.099126057928,1470.7553992695118,0.7724766216053899
636,2023-03-11,Crystal Palace,Man City,A,1476.6967900915836,1697.7586556953224,0.33250253293909876
637,2023-03-12,Man United,Southampton,D,1589.8396553746293,1400.8462838895732,0.8407179331018317
638,2023-03-12,Newcastle,Wolves,H,1569.5412337905118,1462.8413007658116,0.7667161069076761
639,2023-03-12,Fulham,Arsenal,A,1525.9683371837511,1655.4328809234223,0.4576984755449019
640,2023-03-12,West Ham,Aston Villa,D,1452.0729592746636,1486.051732004758,0.5938848570086971
641,2023-03-15,Brighton,Crystal Palace,H,1536.6370992278148,1470.0467394328016,0.7229157744984805
642,2023-03-15,Southampton,Brentford,A,1407.66064255161,1520.414888069666,0.4816534057973908
643,2023-03-17,Nott'm Forest,Newcastle,A,1466.2049317016197,1574.2069116523583,0.48848626091459973
644,2023-03-18,Chelsea,Everton,D,1549.8546878044967,1417.0124042533912,0.7925471522185591
645,2023-03-18,Aston Villa,Bournemouth,H,1487.9294291449319,1456.7627331988792,0.6802794196229471
646,2023-03-18,Brentford,Leicester,D,1530.0479561856137,1448.4702593754457,0.7398608109140907
647,2023-03-18,Southampton,Tottenham,D,1398.0275744356622,1587.6495936258202,0.3738100887172146
648,2023-03-18,Wolves,Leeds,A,1458.1756229039652,1417.8675764895731,0.6916144881647245
649,2023-03-19,Arsenal,Crystal Palace,H,1664.5868504343202,1464.5050549227713,0.8490807890114934
650,2023-04-01,Nott'm Forest,Wolves,D,1456.4352064833276,1444.3433331406707,0.6559398715716094
651,2023-04-01,Chelsea,Aston Villa,A,1544.0037447601255,1494.323840752473,0.703000425142989
652,2023-04-01,Crystal Palace,Leicester,H,1461.4866707030012,1453.2674755937276,0.6508914009436351
653,2023-04-01,Bournemouth,Fulham,H,1450.3683215913381,1516.814367672853,0.5481384529318031
654,2023-04-01,Arsenal,Leeds,H,1667.6052346540903,1431.6998662528677,0.8736503014511086
655,2023-04-01,Man City,Liverpool,H,1704.4087063541044,1624.7073535286627,0.7377765775522109
656,2023-04-01,Brighton,Brentford,D,1542.1787837378452,1525.2507399673318,0.6621951471391899
657,2023-04-02,West Ham,Southampton,H,1450.1952621344897,1400.551372661318,0.7029571375742266
658,2023-04-02,Newcastle,Man United,H,1583.9766368706503,1583.0252967125925,0.6413256819588662
659,2023-04-03,Everton,Tottenham,D,1422.8633472977624,1585.1257954001644,0.41134416048124545
660,2023-04-04,Bournemouth,Brighton,A,1459.4055525327021,1538.9348807950614,0.5294256223937279
661,2023-04-04,Leeds,Nott'm Forest,H,1429.1728722818898,1453.3164090518956,0.6074640577443009
662,2023-04-04,Leicester,Aston Villa,A,1446.2853036126003,1508.3838492553327,0.55432923416867
663,2023-04-04,Chelsea,Liverpool,D,1529.9437362572658,1619.462885079707,0.5150785837096307
664,2023-04-05,Man United,Brentford,H,1575.85181035177,1528.4946429101155,0.7002011797258374
665,2023-04-05,West Ham,Newcastle,A,1456.136119383005,1591.150123231473,0.4497806968110734
666,2023-04-08,Southampton,Man City,A,1394.6105154128027,1709.6531748030602,0.2248043371155559
667,2023-04-08,Wolves,Chelsea,H,1447.4621305721028,1529.642164583073,0.5256225283914718
668,2023-04-08,Tottenham,Brighton,H,1583.3526786097893,1549.523393242936,0.6836038020341388
669,2023-04-08,Leicester,Bournemouth,A,1435.198718929227,1448.8170400848276,0.6218135391955774
670,2023-04-08,Man United,Everton,H,1581.8477867572533,1424.6364640881375,0.814667326058603
671,2023-04-08,Brentford,Newcastle,A,1522.4986665046322,1600.1457371676943,0.532124140255254
672,2023-04-08,Aston Villa,Nott'm Forest,H,1519.470433938706,1445.4656902067816,0.7313832226785709
673,2023-04-08,Fulham,West Ham,A,1507.777136731489,1447.1405054467837,0.7159985466296449
674,2023-04-09,Leeds,Crystal Palace,A,1437.0235911270038,1468.4688426841285,0.5973974654616565
675,2023-04-09,Liverpool,Arsenal,D,1619.7644567538996,1670.1322286250681,0.570944584687493
676,2023-04-15,Man City,Leicester,H,1714.1492615453712,1422.7624481453154,0.9049093052155555
677,2023-04-15,Wolves,Brentford,H,1456.9496800042732,1511.856183699527,0.5645328054732521
678,2023-04-15,Southampton,Crystal Palace,A,1390.1144286704916,1480.4167919933616,0.5139523978650092
679,2023-04-15,Tottenham,Bournemouth,A,1589.6806025691067,1461.2533108687392,0.7883374864993891
680,2023-04-15,Chelsea,Brighton,A,1520.1546151509026,1543.1954692836186,0.6089766039348777
681,2023-04-15,Aston Villa,Newcastle,H,1524.8427694851346,1610.7882199727994,0.5202150972702407
682,2023-04-15,Everton,Fulham,A,1420.9298106093095,1493.457165798896,0.5394541195542619
683,2023-04-16,West Ham,Arsenal,D,1461.4604763793766,1671.551120318818,0.34666464436293454
684,2023-04-16,Nott'm Forest,Man United,A,1440.093354660353,1585.5544402360813,0.4349470743636541
685,2023-04-17,Leeds,Liverpool,A,1425.0756418177707,1618.3455650601497,0.3689078893110911
686,2023-04-21,Arsenal,Southampton,D,1668.4844132060766,1379.8353807131914,0.9035445062686388
687,2023-04-22,Fulham,Leeds,H,1504.2462481899813,1417.6974840315488,0.7453304792328717
688,2023-04-22,Brentford,Aston Villa,D,1503.1468398089921,1534.4384675397298,0.5976101405993671
689,2023-04-22,Crystal Palace,Everton,D,1490.6958399506618,1410.1407282182242,0.7387262617315318
690,2023-04-22,Leicester,Wolves,H,1420.8606342496264,1465.6590238948081,0.5787797160738847
691,2023-04-22,Liverpool,Nott'm Forest,H,1625.7237228463716,1431.39441317308,0.8447882515237274
692,2023-04-23,Newcastle,Tottenham,H,1601.1925219182042,1573.9138528391188,0.675391989616912
693,2023-04-23,Bournemouth,West Ham,A,1477.020060598727,1464.527183492118,0.6564606416559242
694,2023-04-25,Wolves,Crystal Palace,H,1457.2346182162858,1485.9213147160312,0.6012107301391959
695,2023-04-25,Aston Villa,Fulham,H,1536.390670351717,1509.339638605324,0.6751046377073863
696,2023-04-25,Leeds,Leicester,D,1412.6040936162062,1429.2850399281488,0.6176588542433336
697,2023-04-26,Nott'm Forest,Brighton,H,1428.2901782035547,1555.3750013623162,0.4611005741529901
698,2023-04-26,Chelsea,Brentford,A,1507.975083072205,1501.1946369970049,0.6490070993574482
699,2023-04-26,West Ham,Liverpool,A,1477.6563963252365,1628.827957815897,0.42688611363242257
700,2023-04-26,Man City,Arsenal,H,1716.0510754410602,1660.413523080704,0.7101107046379231
701,2023-04-27,Everton,Newcastle,A,1414.9152534528548,1607.684682125866,0.36957890012401523
702,2023-04-27,Southampton,Bournemouth,A,1387.906270838564,1463.8908477656084,0.5345060346705052
703,2023-04-27,Tottenham,Man United,D,1567.421692631457,1594.2533817233543,0.6037681280003726
704,2023-04-29,Brentford,Nott'm Forest,H,1514.1747789841538,1439.068166720495,0.7326275230604893
705,2023-04-29,Brighton,Wolves,H,1544.597012845376,1465.2104036135017,0.7374259096952347
706,2023-04-29,Crystal Palace,West Ham,H,1477.9455293188153,1469.1186740525882,0.6516858314818842
707,2023-04-30,Man United,Aston Villa,H,1596.3287442833619,1542.8885775975693,0.7074999251582879
708,2023-04-30,Newcastle,Southampton,H,1615.0762601283463,1377.216150145154,0.8748871888935769
709,2023-04-30,Bournemouth,Leeds,H,1474.5809684590185,1410.2509165313395,0.7203019397413386
710,2023-04-30,Fulham,Man City,A,1502.8417313594716,1721.8488613483019,0.3351328761153046
711,2023-04-30,Liverpool,Tottenham,H,1637.3656800885453,1565.3463300714495,0.7291319623583369
712,2023-05-01,Leicester,Everton,D,1431.6382170130155,1407.5236754503744,0.6713860684768104
713,2023-05-02,Arsenal,Chelsea,H,1654.6157371734623,1494.994941085056,0.8167523539213276
714,2023-05-03,Liverpool,Fulham,H,1642.7830408413786,1496.1390738371656,0.805306559749282
715,2023-05-03,Man City,West Ham,H,1728.5515188706079,1462.1523906822258,0.8917905820285579
716,2023-05-04,Brighton,Man United,H,1549.8484946514714,1602.178745780196,0.5681750187850679
717,2023-05-06,Bournemouth,Chelsea,A,1480.1749296641917,1491.3299881634825,0.625142248020111
718,2023-05-06,Man City,Leeds,H,1730.7157072300367,1404.6569553261663,0.9207507431625137
719,2023-05-06,Tottenham,Crystal Palace,H,1559.9289693186163,1484.9118126891776,0.73252664067479
720,2023-05-06,Wolves,Aston Villa,H,1459.9589218074063,1537.038576100735,0.5329372613064137
721,2023-05-06,Liverpool,Brentford,H,1646.676909646393,1519.522228522944,0.78711252135749
722,2023-05-07,Newcastle,Arsenal,A,1617.5785163504747,1658.2806900950359,0.5845173790212329
723,2023-05-07,West Ham,Man United,H,1459.988202322797,1593.5422461558974,0.45186141887008424
724,2023-05-08,Brighton,Everton,A,1558.48499427577,1410.9513968199105,0.806108234953473
725,2023-05-08,Nott'm Forest,Southampton,H,1433.7207171817047,1374.7138939230256,0.714086921882125
726,2023-05-08,Fulham,Leicester,H,1492.2452050321513,1428.2104956434794,0.7199592916417539
727,2023-05-13,Leeds,Newcastle,D,1403.0719701894166,1605.88816877005,0.35620874467158625
728,2023-05-13,Aston Villa,Tottenham,H,1527.6973213268634,1565.2784365051205,0.58887387465699
729,2023-05-13,Chelsea,Nott'm Forest,D,1503.8328331238847,1439.4389787440623,0.7203759278564646
730,2023-05-13,Crystal Palace,Bournemouth,H,1479.5623455026735,1467.6720847037896,0.6556779024034235
731,2023-05-13,Man United,Wolves,H,1582.5794745332992,1469.300176581278,0.7734217830840389
732,2023-05-13,Southampton,Fulham,A,1368.995632360668,1497.8460191993163,0.45857612245192847
733,2023-05-14,Brentford,West Ham,H,1515.264478950094,1470.9509739453952,0.6965103855138156
734,2023-05-14,Everton,Man City,A,1427.0735615189801,1732.3006923667865,0.2348037405832116
735,2023-05-14,Arsenal,Brighton,A,1669.9710376754606,1542.3628295767007,0.7875496609094077
736,2023-05-15,Leicester,Liverpool,A,1422.6096814763143,1650.934659219243,0.3232889313954419
737,2023-05-18,Newcastle,Brighton,H,1603.0123436634817,1558.1138227948888,0.6972217743597713
738,2023-05-20,Nott'm Forest,Arsenal,H,1443.8464973011917,1654.2200444572725,0.34629589543635486
739,2023-05-20,Liverpool,Aston Villa,D,1657.4004378471518,1535.9198438337237,0.7815880384664141
740,2023-05-20,Wolves,Everton,D,1464.7686122429589,1422.377486707316,0.6941661175479245
741,2023-05-20,Bournemouth,Man United,A,1460.785642751858,1587.1110388716183,0.46218704556879453
742,2023-05-20,Tottenham,Brentford,A,1557.0559139982602,1521.3342712398176,0.6859551806013885
743,2023-05-20,Fulham,Crystal Palace,D,1507.0175416483548,1486.448787454605,0.6668671608686454
744,2023-05-21,West Ham,Leeds,H,1464.8811816556715,1405.9477952959849,0.714000605261796
745,2023-05-21,Brighton,Southampton,H,1552.0582582820844,1359.8241099116294,0.8432002531076425
746,2023-05-21,Man City,Chelsea,H,1736.9967671784507,1499.4253145667553,0.8747051925308532
747,2023-05-22,Newcastle,Leicester,D,1609.0679081762862,1416.1439028484056,0.8437245759361428
748,2023-05-24,Brighton,Man City,D,1555.1942532199314,1739.5026633278337,0.38099709369816487
749,2023-05-25,Man United,Chelsea,H,1596.3547797829942,1496.9194184173723,0.7591531397344222
750,2023-05-28,Southampton,Liverpool,D,1356.6881149737824,1651.7686770778234,0.2454600565427647
751,2023-05-28,Man United,Fulham,H,1601.171716988306,1503.6801984309818,0.7571012978609089
752,2023-05-28,Leicester,West Ham,H,1423.0183943671284,1470.6011695504355,0.5748672817013176
753,2023-05-28,Everton,Bournemouth,H,1426.2608090582744,1451.541901840482,0.6059015122402194
754,2023-05-28,Leeds,Tottenham,A,1400.2278074012208,1543.3368103862324,0.4382775775951073
755,2023-05-28,Chelsea,Newcastle,D,1492.1024812120606,1602.1934166575634,0.48548205854886367
756,2023-05-28,Brentford,Man City,H,1535.0533748518453,1737.1226052017971,0.3571954225948259
757,2023-05-28,Aston Villa,Brighton,H,1541.551604603052,1557.574311345968,0.6185532820578881
758,2023-05-28,Arsenal,Wolves,H,1641.1459623659996,1460.8852898920004,0.8338704455100787
759,2023-05-28,Crystal Palace,Nott'm Forest,D,1489.786130671978,1456.9205793924646,0.6824026717505731
760,2023-08-11,Burnley,Man City,A,1439.8314330704366,1724.2665136536937,0.25698592561327854
761,2023-08-12,Newcastle,Aston Villa,H,1601.9030578285406,1549.1805389618944,0.7066442847865373
762,2023-08-12,Sheffield United,Crystal Palace,A,1500.0,1486.1380772369666,0.6582357358463516
763,2023-08-12,Everton,Fulham,A,1434.14277881347,1498.8222243882,0.5506559757191575
764,2023-08-12,Brighton,Luton,H,1549.9453769871257,1500.0,0.7033193972045481
765,2023-08-12,Arsenal,Nott'm Forest,H,1644.468553455798,1460.568632827476,0.8367522867870248
766,2023-08-12,Bournemouth,West Ham,D,1443.6599320852865,1462.0985151844618,0.6152666506278217
767,2023-08-13,Brentford,Tottenham,D,1547.9094663999488,1552.1023619381344,0.6344858576510948
768,2023-08-13,Chelsea,Liverpool,D,1492.3928400410834,1646.6778782086787,0.42250712376876465
769,2023-08-14,Man United,Wolves,H,1606.0296910310876,1457.562698802202,0.8069466499309075
770,2023-08-18,Nott'm Forest,Sheffield United,H,1457.3036785632164,1486.835285283073,0.6000440563816266
771,2023-08-19,Man City,Newcastle,H,1729.4062321659592,1607.7701721328099,0.7817407725776307
772,2023-08-19,Tottenham,Man United,H,1554.7920790911564,1609.8907580324694,0.5642608306321669
773,2023-08-19,Liverpool,Bournemouth,H,1645.128020684054,1441.35459907273,0.851783757138058
774,2023-08-19,Wolves,Brighton,A,1453.7016318008202,1555.8789890430346,0.4968665720661472
775,2023-08-19,Fulham,Brentford,A,1509.8353439025832,1545.2197492469268,0.5919318372770858
776,2023-08-20,Aston Villa,Everton,H,1543.313424657625,1423.1296592990868,0.7803109985054044
777,2023-08-20,West Ham,Chelsea,H,1464.4038481970183,1493.9426975657082,0.6000340506181924
778,2023-08-21,Crystal Palace,Arsenal,A,1499.3027919538936,1647.7335077200576,0.43075054413823044
779,2023-08-25,Chelsea,Luton,H,1485.943378578072,1494.066387944091,0.6292233619453887
780,2023-08-26,Bournemouth,Tottenham,A,1438.3902742154912,1563.506862478513,0.4639171588211872
781,2023-08-26,Arsenal,Fulham,D,1656.3485186028222,1497.9967071570416,0.8156565194030411
782,2023-08-26,Brentford,Crystal Palace,D,1557.0583859924684,1490.687781071129,0.7226623105811327
783,2023-08-26,Everton,Wolves,A,1418.7358792691948,1443.7643003594974,0.6062487701313084
784,2023-08-26,Man United,Nott'm Forest,H,1601.1759746451128,1465.302797435584,0.7954011188180493
785,2023-08-26,Brighton,West Ham,A,1565.8163204843574,1472.4031671846544,0.7527578935436174
786,2023-08-27,Newcastle,Liverpool,A,1603.4049875843625,1648.0923455412928,0.5789355289477255
787,2023-08-27,Sheffield United,Man City,A,1478.8361664107056,1733.7714167144065,0.2907222212173207
788,2023-08-27,Burnley,Aston Villa,A,1434.691714558171,1547.707204687517,0.4812779612000396
789,2023-09-01,Luton,West Ham,A,1486.6508551829988,1487.4583250555268,0.6389934502995478
790,2023-09-02,Sheffield United,Everton,D,1473.0217219863591,1406.6109038665686,0.7227087029155672
791,2023-09-02,Brentford,Bournemouth,D,1552.6051397808458,1429.1119310390675,0.783559332061977
792,2023-09-02,Burnley,Tottenham,A,1425.0661553341702,1572.7852056549368,0.43175535113760516
793,2023-09-02,Chelsea,Nott'm Forest,A,1493.3589113391643,1461.210819811945,0.6815068997748224
794,2023-09-02,Man City,Fulham,H,1739.585861138753,1504.3098375451025,0.8732498554125167
795,2023-09-02,Brighton,Newcastle,H,1550.761162613485,1591.826277005408,0.5840098999533535
796,2023-09-03,Crystal Palace,Wolves,H,1495.1410272827516,1455.8892757621236,0.6903161019810236
797,2023-09-03,Liverpool,Aston Villa,H,1659.6710561202474,1557.332763911518,0.7621952573987576
798,2023-09-03,Arsenal,Man United,H,1650.0353882147613,1605.2679522687517,0.6970624549690797
799,2023-09-16,Newcastle,Brentford,H,1583.506475004475,1546.9339531396063,0.6870093603768573
800,2023-09-16,West Ham,Man City,A,1500.2381940615178,1742.1208640305026,0.306455615976624
801,2023-09-16,Tottenham,Sheffield United,H,1581.420312677689,1468.5675479280478,0.7729912222384462
802,2023-09-16,Fulham,Luton,H,1501.7748346533529,1473.8709861770078,0.6761804883182984
803,2023-09-16,Aston Villa,Crystal Palace,H,1552.576669059493,1501.334705243131,0.7048744261749269
804,2023-09-16,Wolves,Liverpool,A,1449.695597801744,1664.4271509722723,0.3406390019439338
805,2023-09-16,Man United,Brighton,A,1599.2092013681333,1559.080964614418,0.69139368114665
806,2023-09-17,Bournemouth,Chelsea,D,1434.783117680307,1479.7287733436679,0.578573030673917
807,2023-09-17,Everton,Arsenal,A,1411.06507792488,1656.0941391153797,0.3026196152700023
808,2023-09-18,Nott'm Forest,Burnley,D,1474.8409578074413,1416.431048311418,0.7133848662002031
809,2023-09-23,Crystal Palace,Fulham,D,1495.4321937666296,1508.2512248869868,0.6228949286710479
810,2023-09-23,Luton,Wolves,D,1467.3945959433738,1442.8828177628654,0.6718903730559557
811,2023-09-23,Man City,Nott'm Forest,H,1748.249976350035,1470.5732604834373,0.8978977962313361
812,2023-09-23,Brentford,Everton,A,1540.6741403471435,1405.01268561948,0.7952027065791757
813,2023-09-23,Burnley,Man United,A,1420.698745635422,1585.3813277452002,0.4079750223052415
814,2023-09-24,Chelsea,Aston Villa,A,1481.3002339571462,1558.4791805359946,0.532794985624286
815,2023-09-24,Sheffield United,Newcastle,A,1464.0273723728167,1589.7662877969378,0.46302633833319234
816,2023-09-24,Liverpool,West Ham,H,1671.239931011151,1494.1090817419854,0.8313595453502572
817,2023-09-24,Brighton,Bournemouth,H,1572.9088382373511,1433.2116570668286,0.7989601448481513
818,2023-09-24,Arsenal,Tottenham,D,1662.1465314207796,1585.9604882329202,0.733842930183438
819,2023-09-30,Aston Villa,Brighton,H,1569.1350802484803,1576.9296353403881,0.6296643649920379
820,2023-09-30,Bournemouth,Arsenal,A,1429.1908599637916,1657.469672817111,0.32334707232983184
821,2023-09-30,Everton,Luton,A,1420.9167397510635,1463.9567884822548,0.5812453664072313
822,2023-09-30,Man United,Crystal Palace,A,1593.540828191305,1492.9742951932085,0.7603416988944282
823,2023-09-30,Newcastle,Burnley,H,1599.0268145636016,1412.5392451893172,0.8387768157746637
824,2023-09-30,West Ham,Sheffield United,H,1490.7362726489905,1454.7668456061529,0.6862623667146819
825,2023-09-30,Wolves,Man City,H,1446.3206252239845,1750.2920204254083,0.23610499799118578
826,2023-09-30,Tottenham,Liverpool,H,1590.637346836589,1674.6127401041458,0.5230449241227653
827,2023-10-01,Nott'm Forest,Brentford,D,1468.531216408064,1524.77008621556,0.5626463924770894
828,2023-10-02,Fulham,Chelsea,A,1510.709123460408,1470.6443342446605,0.6913157464145573
829,2023-10-03,Luton,Burnley,A,1475.5816958103994,1409.3147815048105,0.7225426648631874
830,2023-10-07,Man United,Brentford,H,1578.3339942134164,1526.0230140651017,0.7061529536843235
831,2023-10-07,Crystal Palace,Nott'm Forest,D,1508.1811291710972,1467.2782885585223,0.6923442736329917
832,2023-10-07,Fulham,Sheffield United,H,1496.8828085321168,1448.4920929404466,0.7014486232804092
833,2023-10-07,Luton,Tottenham,A,1461.1308425131356,1600.1764483541335,0.44404422783932357
834,2023-10-07,Burnley,Chelsea,A,1423.7656348020744,1484.4706491729517,0.5563101352366628
835,2023-10-07,Everton,Bournemouth,H,1409.2918324229188,1422.723918517195,0.6220656123184639
836,2023-10-08,Brighton,Liverpool,D,1569.522922640229,1665.0736385866012,0.5064026844604613
837,2023-10-08,West Ham,Newcastle,D,1497.0110253146968,1602.2512782481083,0.49245924161860477
838,2023-10-08,Wolves,Aston Villa,D,1461.5985252641608,1576.5417929486396,0.4785081598952934
839,2023-10-08,Arsenal,Man City,H,1663.9366142637075,1735.014120385232,0.5415269338925461
840,2023-10-21,Liverpool,Everton,H,1665.2016922758105,1416.8505201765495,0.8813493411960743
841,2023-10-21,Bournemouth,Wolves,A,1415.1652307635643,1462.0283620662549,0.5758793973997186
842,2023-10-21,Brentford,Burnley,H,1520.146073138788,1412.6394320973411,0.7675456769487576
843,2023-10-21,Man City,Brighton,H,1725.8446590630829,1569.3948689510196,0.8140045371179752
844,2023-10-21,Newcastle,Crystal Palace,H,1602.1004630804805,1504.3342436984374,0.7573919799188346
845,2023-10-21,Nott'm Forest,Luton,D,1471.125174031182,1452.2499579563491,0.664697903550153
846,2023-10-21,Chelsea,Arsenal,D,1495.596851877685,1673.1060755858566,0.3902696362193981
847,2023-10-21,Sheffield United,Man United,A,1442.5210654060547,1584.21093513973,0.4402897561015016
848,2023-10-22,Aston Villa,West Ham,H,1576.1119561465455,1497.1618404823246,0.7369390960492255
849,2023-10-23,Tottenham,Fulham,H,1609.05733291092,1502.8538360665086,0.7662045790230292
850,2023-10-27,Crystal Palace,Tottenham,A,1499.4820832968142,1613.7332413304594,0.47950242931395665
851,2023-10-28,Chelsea,Brentford,A,1497.791459153297,1524.795159599813,0.6035312214912979
852,2023-10-28,Arsenal,Sheffield United,H,1670.9114683102446,1433.7152702840247,0.8744682582064984
853,2023-10-28,Bournemouth,Burnley,H,1403.64764281557,1407.9903456363163,0.6342858414849913
854,2023-10-28,Wolves,Newcastle,D,1473.5459500142492,1606.9526234821037,0.45207154458305887
855,2023-10-29,West Ham,Everton,A,1491.9006224033092,1414.477507000471,0.735231499099257
856,2023-10-29,Aston Villa,Luton,H,1581.373174225561,1455.5439160273522,0.7858312314331958
857,2023-10-29,Brighton,Fulham,D,1565.6749596933792,1498.1779276469692,0.7239600126477458
858,2023-10-29,Liverpool,Nott'm Forest,H,1667.574705451889,1467.831215960179,0.8488310685278906
859,2023-10-29,Man United,Man City,A,1593.0167302617601,1729.5645683207233,0.44759658229564403
860,2023-11-04,Newcastle,Arsenal,H,1605.9940543737648,1673.4221031461145,0.5467379595227011
861,2023-11-04,Sheffield United,Wolves,H,1431.2046354481547,1474.5045191225881,0.5808812627169643
862,2023-11-04,Man City,Bournemouth,H,1738.5164999666363,1410.96192598587,0.9213767796722463
863,2023-11-04,Burnley,Crystal Palace,A,1400.6760624660162,1489.892034710535,0.5155144814954445
864,2023-11-04,Brentford,West Ham,H,1536.865784029639,1477.195992421324,0.714865457308366
865,2023-11-04,Fulham,Man United,A,1502.6571278999243,1584.0647986158472,0.5267310015054527
866,2023-11-04,Everton,Brighton,D,1429.182136982456,1561.1957594404241,0.45405863836455684
867,2023-11-05,Nott'm Forest,Aston Villa,H,1464.8078373307367,1585.6565495968969,0.47003225276164057
868,2023-11-05,Luton,Liverpool,D,1451.2605406560162,1670.5980840813313,0.3347092048651771
869,2023-11-06,Tottenham,Chelsea,A,1623.3232899167385,1485.720834723471,0.7970163369578878
870,2023-11-11,Wolves,Tottenham,H,1466.1221443769275,1607.3829631775807,0.4408984938245859
871,2023-11-11,Arsenal,Burnley,H,1664.3568623365686,1390.3657728361072,0.8959362686669815
872,2023-11-11,Crystal Palace,Everton,A,1500.202324340444,1430.100964215165,0.7269459049619451
873,2023-11-11,Man United,Luton,H,1594.5994186459561,1454.5663565587126,0.7992705273327244
874,2023-11-11,Bournemouth,Newcastle,H,1409.389461579315,1615.0592951833107,0.35245063524381615
875,2023-11-12,Chelsea,Man City,D,1501.6611614626288,1740.0889643731914,0.3106987760236231
876,2023-11-12,West Ham,Nott'm Forest,H,1471.4933015674912,1475.4071922755038,0.6348582490676185
877,2023-11-12,Liverpool,Brentford,H,1667.292268178635,1542.5684748834717,0.7847582918370616
878,2023-11-12,Aston Villa,Fulham,H,1575.0571946521297,1492.1225078698153,0.7413614386780929
879,2023-11-12,Brighton,Sheffield United,D,1560.2769322077152,1439.5870101938153,0.7808100689219926
880,2023-11-25,Man City,Liverpool,D,1736.302939893664,1671.5971023418938,0.7207375446974705
881,2023-11-25,Burnley,West Ham,A,1388.2844982094468,1478.7961365861388,0.513651456346197
882,2023-11-25,Luton,Crystal Palace,H,1450.5517671053672,1485.6634062412052,0.592311054367615
883,2023-11-25,Newcastle,Chelsea,H,1602.108307888187,1505.4471859421562,0.7562211539455558
884,2023-11-25,Nott'm Forest,Brighton,A,1468.1043572568562,1554.6607308292753,0.5193372839002477
885,2023-11-25,Sheffield United,Bournemouth,A,1445.2032115722552,1422.3404488744386,0.6697943128193533
886,2023-11-25,Brentford,Arsenal,A,1538.2636407202128,1666.438136963229,0.4595422854398715
887,2023-11-26,Tottenham,Aston Villa,A,1596.2009330540725,1580.2299658785678,0.6609616406794896
888,2023-11-26,Everton,Man United,A,1444.6398823144038,1598.6140080993016,0.42294387536961214
889,2023-11-27,Fulham,Wolves,H,1486.9497366433773,1477.3041745004357,0.6527548430317095
890,2023-12-02,Newcastle,Man United,H,1606.9838848092759,1607.072885606694,0.639946959881709
891,2023-12-02,Nott'm Forest,Everton,A,1457.7176115788513,1436.1810048070115,0.6681037259954374
892,2023-12-02,Arsenal,Wolves,H,1675.6289826720265,1470.35927136107,0.8528678835491043
893,2023-12-02,Brentford,Luton,H,1529.0727950114153,1458.705546018015,0.7272496126086236
894,2023-12-02,Burnley,Sheffield United,H,1378.0114690825228,1431.8073253158682,0.5661038768949934
895,2023-12-03,Bournemouth,Aston Villa,D,1435.7363351308256,1593.4491986921576,0.41770008733399183
896,2023-12-03,Chelsea,Brighton,H,1500.5716090210674,1565.0474765072802,0.5509459237920643
897,2023-12-03,Liverpool,Fulham,H,1676.011853235843,1493.894639782743,0.8353456585682142
898,2023-12-03,West Ham,Crystal Palace,D,1489.0691657130628,1477.5096273285574,0.65524796683744
899,2023-12-03,Man City,Tottenham,D,1731.8881889997147,1582.9817002404827,0.8073404682897075
900,2023-12-05,Wolves,Burnley,H,1467.416629032052,1386.689391544623,0.738917457423485
901,2023-12-05,Luton,Arsenal,A,1453.2505382701875,1678.5716250010444,0.3270834109215281
902,2023-12-06,Man United,Chelsea,H,1599.871824804328,1509.5526905452261,0.7494281988897185
903,2023-12-06,Sheffield United,Liverpool,A,1423.129402853768,1679.3049400644788,0.28925220485244085
904,2023-12-06,Aston Villa,Man City,H,1591.8032004388374,1725.7413796339206,0.45131378636889186
905,2023-12-06,Crystal Palace,Bournemouth,A,1480.6145866653062,1437.3823333841458,0.6951930874457629
906,2023-12-06,Brighton,Brentford,H,1556.0663949831214,1534.5278027592428,0.6681062603100881
907,2023-12-06,Fulham,Nott'm Forest,H,1490.6015529541073,1444.3555370589427,0.6988567541722459
908,2023-12-07,Everton,Newcastle,H,1449.5430793269202,1614.1849456116418,0.4080316334461223
909,2023-12-07,Tottenham,West Ham,A,1589.1285096062768,1485.964206376314,0.7630560259130378
910,2023-12-09,Crystal Palace,Liverpool,A,1466.710724916391,1685.0899841615276,0.3359386927510745
911,2023-12-09,Brighton,Burnley,D,1562.7042697769198,1381.4677406930928,0.8346471794569669
912,2023-12-09,Man United,Bournemouth,A,1604.8832608265336,1451.286195133061,0.8115054574715601
913,2023-12-09,Sheffield United,Brentford,H,1417.3443587567192,1527.8899279654445,0.48482836478417274
914,2023-12-09,Wolves,Nott'm Forest,D,1472.6382798835823,1438.3326721423875,0.6841965547488529
915,2023-12-09,Aston Villa,Arsenal,H,1602.7769247114595,1685.1132932194748,0.5253981306248551
916,2023-12-10,Luton,Man City,A,1446.708870051757,1714.7676553612985,0.2753942244545798
917,2023-12-10,Everton,Chelsea,H,1461.3824466579977,1504.5412545230206,0.5810789615673759
918,2023-12-10,Fulham,West Ham,H,1496.6244178706625,1501.2253268945747,0.6339409870840884
919,2023-12-10,Tottenham,Newcastle,H,1573.8673890880161,1602.3455782805643,0.6014984662422506
920,2023-12-15,Nott'm Forest,Tottenham,A,1442.0166032373645,1581.837419763171,0.4429428590398691
921,2023-12-16,Chelsea,Sheffield United,H,1496.1628337543682,1427.6477914610357,0.7251295755199626
922,2023-12-16,Man City,Crystal Palace,D,1720.27553985039,1459.9919510613695,0.8883462528417961
923,2023-12-16,Newcastle,Fulham,H,1594.3755476054093,1503.9455981289807,0.7495479689352397
924,2023-12-16,Burnley,Everton,A,1388.160684282232,1469.76086742665,0.5264547375485671
925,2023-12-17,Arsenal,Brighton,H,1675.621255831972,1556.0113261877805,0.7797442097349139
926,2023-12-17,Brentford,Aston Villa,A,1517.586495261128,1612.2689620989624,0.507651947899628
927,2023-12-17,West Ham,Wolves,H,1493.9041466362564,1468.9543487886053,0.6724459935830316
928,2023-12-17,Liverpool,Man United,D,1691.808758016549,1588.6531516771024,0.7630469742680092
929,2023-12-21,Crystal Palace,Brighton,D,1467.7588761182053,1551.6062103824788,0.5232288212242622
930,2023-12-22,Aston Villa,Sheffield United,D,1622.422001056955,1422.150382971435,0.8492207578717217
931,2023-12-23,Liverpool,Arsenal,D,1686.5478185311888,1680.0263716372735,0.6486673972192691
932,2023-12-23,Tottenham,Everton,H,1590.6962769439685,1480.2899621776214,0.7705105184374571
933,2023-12-23,Nott'm Forest,Bournemouth,A,1433.157746056567,1467.5163042824922,0.5933574638597708
934,2023-12-23,Fulham,Burnley,A,1498.9365575076854,1377.6315895312607,0.7814154059748983
935,2023-12-23,West Ham,Man United,H,1500.4552267645959,1593.9140911624627,0.5094123387819188
936,2023-12-23,Luton,Newcastle,H,1441.2009855626654,1599.3845882267046,0.4170411408360191
937,2023-12-24,Wolves,Chelsea,H,1462.403268660266,1501.660242243969,0.5865363321303506
938,2023-12-26,Newcastle,Nott'm Forest,A,1587.725411043425,1421.2905967793715,0.8225502462332186
939,2023-12-26,Bournemouth,Fulham,H,1479.3834535596877,1483.3082493881875,0.6348436968861128
940,2023-12-26,Sheffield United,Luton,A,1429.1347981288693,1452.860162745945,0.6080379076047581
941,2023-12-26,Burnley,Liverpool,A,1393.2598976507586,1683.5744705868035,0.25057673184456486
942,2023-12-26,Man United,Aston Villa,H,1584.102337938101,1615.4375858995206,0.5975497569601801
943,2023-12-27,Brentford,Wolves,A,1507.4334563031355,1470.6725420176588,0.6872425047917183
944,2023-12-27,Chelsea,Crystal Palace,H,1493.390968886576,1467.2942996937202,0.6738984897591542
945,2023-12-27,Everton,Man City,A,1475.7001725463706,1712.5086147935542,0.3126986920875705
946,2023-12-28,Brighton,Tottenham,H,1552.070786806964,1595.2860665752194,0.5809998268805016
947,2023-12-28,Arsenal,West Ham,A,1682.9997195816588,1510.2669799889575,0.8277801656641578
948,2023-12-30,Wolves,Everton,H,1484.4173921134932,1469.4461987046193,0.659670766757233
949,2023-12-30,Nott'm Forest,Man United,H,1437.741601704036,1592.1513427988975,0.4223319823611764
950,2023-12-30,Man City,Sheffield United,H,1718.7625886353055,1416.974039976774,0.9099382182688117
951,2023-12-30,Aston Villa,Burnley,H,1607.3885810387242,1388.2483630138672,0.8626075931323928
952,2023-12-30,Crystal Palace,Brentford,H,1460.7722694889032,1493.688606207301,0.5953590667189467
953,2023-12-30,Luton,Chelsea,A,1465.0209208980402,1499.912999091393,0.5926162222562702
954,2023-12-31,Fulham,Arsenal,H,1476.0051233259098,1666.4441162683756,0.3727099120562652
955,2023-12-31,Tottenham,Bournemouth,H,1586.9060631128293,1486.6865796219654,0.7599774701576886
956,2024-01-01,Liverpool,Newcastle,H,1688.5860052236949,1571.2744061187607,0.7774635963803286
957,2024-01-02,West Ham,Brighton,D,1526.8225833022407,1560.450790269354,0.5943714817777992
958,2024-01-12,Burnley,Luton,D,1385.5005148765151,1453.168596452915,0.5463955208133705
959,2024-01-13,Chelsea,Fulham,H,1511.7653235365183,1488.5509250847845,0.6702418461053288
960,2024-01-13,Newcastle,Man City,A,1566.8236780463671,1720.5638242699292,0.4232726357130933
961,2024-01-14,Everton,Aston Villa,D,1462.639614039764,1610.1364291760763,0.4320692425665905
962,2024-01-14,Man United,Tottenham,D,1580.597982446121,1591.7065137096756,0.6252050095810502
963,2024-01-20,Arsenal,Crystal Palace,H,1653.898314509501,1468.8650881545243,0.8376414719272338
964,2024-01-20,Brentford,Nott'm Forest,H,1485.59578754168,1449.2949620568124,0.6866729568751974
965,2024-01-21,Bournemouth,Liverpool,A,1481.886129025119,1693.0367332960884,0.3452839945383606
966,2024-01-21,Sheffield United,West Ham,D,1415.1728043421504,1524.9351536666848,0.485954546151406
967,2024-01-22,Brighton,Wolves,D,1562.33821990491,1491.2239767783485,0.7281017250696108
968,2024-01-30,Nott'm Forest,Arsenal,A,1443.0284211943165,1657.1454850709563,0.34143393777747927
969,2024-01-30,Fulham,Everton,D,1481.955762006891,1463.998229188432,0.663519521582689
970,2024-01-30,Luton,Brighton,H,1454.0965068691823,1557.7761854035177,0.4947047148990889
971,2024-01-30,Crystal Palace,Sheffield United,H,1465.617917593069,1415.4537134191223,0.7035821742648436
972,2024-01-30,Aston Villa,Newcastle,A,1608.777814027408,1558.3582253321053,0.70388868054393
973,2024-01-31,Man City,Burnley,H,1729.029276984191,1384.5726044602477,0.9281423656626463
974,2024-01-31,Tottenham,Brentford,H,1594.2106139012967,1491.862328404176,0.7622056840373727
975,2024-01-31,Liverpool,Chelsea,H,1699.9424131868557,1518.3604866144117,0.8349214002596372
976,2024-02-01,West Ham,Bournemouth,D,1524.6542445897128,1474.9804491343518,0.702993083242249
977,2024-02-01,Wolves,Man United,A,1495.7860112797407,1578.0938822545,0.5254390358816866
978,2024-02-03,Sheffield United,Aston Villa,A,1409.5253569044191,1594.7000404165294,0.37982174566790017
979,2024-02-03,Newcastle,Luton,D,1572.435998942984,1464.2024125712005,0.768291460356735
980,2024-02-03,Brighton,Crystal Palace,H,1547.6702797014996,1471.5462741077722,0.7337731731456176
981,2024-02-03,Everton,Tottenham,D,1467.268619620086,1598.9665002205493,0.45450922877419886
982,2024-02-03,Burnley,Fulham,D,1383.1354517735006,1478.6853715752372,0.5064038300167826
983,2024-02-04,Bournemouth,Nott'm Forest,D,1479.0403107991967,1436.1997424387669,0.694715102960663
984,2024-02-04,Chelsea,Wolves,A,1515.0589146196044,1485.277230562107,0.6785428608278254
985,2024-02-04,Man United,West Ham,H,1588.6026629721337,1520.594382924868,0.7245477556014915
986,2024-02-04,Arsenal,Liverpool,H,1663.974163826506,1703.243985181663,0.5865183964212652
987,2024-02-05,Brentford,Man City,A,1487.1064420849234,1730.4664296709382,0.3046511255750886
988,2024-02-10,Nott'm Forest,Newcastle,A,1440.0940444979801,1567.0701697358493,0.46125606000406943
989,2024-02-10,Wolves,Brentford,A,1498.8480877786635,1481.0134195734217,0.6633615982484811
990,2024-02-10,Luton,Sheffield United,A,1469.5682417783353,1401.928921991061,0.7241236679480282
991,2024-02-10,Tottenham,Brighton,H,1598.0566847960333,1552.9948162385872,0.6974202392594843
992,2024-02-10,Fulham,Bournemouth,H,1478.8134481755728,1475.1460087399835,0.6449141810858585
993,2024-02-10,Man City,Everton,H,1736.5594521824398,1468.1784350446019,0.8928866093458208
994,2024-02-10,Liverpool,Burnley,H,1694.9743531100883,1383.007375173165,0.914625915804678
995,2024-02-11,West Ham,Arsenal,A,1515.0853380368976,1672.2437958980806,0.41847652820906595
996,2024-02-11,Aston Villa,Man United,A,1602.2964753298875,1594.111707860104,0.6508463664783942
997,2024-02-12,Crystal Palace,Chelsea,A,1466.2217375706846,1501.4880574030478,0.5920960208002385
998,2024-02-17,Tottenham,Wolves,A,1604.1082800108436,1485.580855813694,0.7786721435569394
999,2024-02-17,Brentford,Liverpool,A,1494.2806515383913,1696.6818347939948,0.35675679253562165
1000,2024-02-17,Burnley,Arsenal,A,1381.2998934892585,1680.613326462262,0.24097521441475495
1001,2024-02-17,Fulham,Aston Villa,A,1485.9151645538557,1589.2795480003197,0.4951584143485071
1002,2024-02-17,Newcastle,Bournemouth,D,1576.2952909359306,1468.0442923617006,0.7683093032703244
1003,2024-02-17,Nott'm Forest,West Ham,H,1430.8689232978986,1506.7158074727163,0.5347032413158735
1004,2024-02-17,Man City,Chelsea,D,1738.7017199955235,1513.3299778190526,0.8668039020182776
1005,2024-02-18,Luton,Man United,A,1455.0857684193747,1607.1286351896717,0.42565946872576915
1006,2024-02-18,Sheffield United,Brighton,A,1416.4113953500216,1546.943221023777,0.45617392816273494
1007,2024-02-19,Everton,Crystal Palace,D,1466.0361672315182,1454.3798171546798,0.6553738473328115
1008,2024-02-20,Man City,Brentford,H,1731.365641955158,1487.1455156876789,0.8788399423623257
1009,2024-02-21,Liverpool,Luton,H,1703.8169706447072,1446.5725790448594,0.886599144962734
1010,2024-02-24,Aston Villa,Nott'm Forest,H,1599.1827162872898,1440.174858471581,0.8162236817729902
1011,2024-02-24,Brighton,Everton,D,1556.0666995870315,1462.928690284862,0.7524629986179938
1012,2024-02-24,Crystal Palace,Burnley,H,1457.4872941013361,1376.4803892009634,0.7392279163974127
1013,2024-02-24,Man United,Fulham,A,1615.6418245641871,1476.0119962668855,0.7988978618601055
1014,2024-02-24,Bournemouth,Man City,A,1473.4104784271071,1733.7888431079116,0.2843038633074617
1015,2024-02-24,Arsenal,Newcastle,H,1685.432830750557,1570.929104870524,0.7746545629318965
1016,2024-02-25,Wolves,Sheffield United,H,1501.1542986848326,1407.287916786767,0.7532431420550865
1017,2024-02-26,West Ham,Brentford,H,1497.4098722990339,1484.7223145349253,0.6567133313364559
1018,2024-03-02,Luton,Aston Villa,A,1444.304561944114,1602.85824265183,0.4165233088021783
1019,2024-03-02,Tottenham,Crystal Palace,H,1588.534837139705,1462.702735773388,0.7858339859259187
1020,2024-03-02,Newcastle,Wolves,H,1566.4221961291619,1506.0894358437308,0.7156427173641452
1021,2024-03-02,Nott'm Forest,Liverpool,A,1436.4993321070408,1706.0849877454525,0.2736437524580514
1022,2024-03-02,Everton,West Ham,A,1467.9779502572217,1504.2756056723047,0.5906613838012154
1023,2024-03-02,Brentford,Chelsea,D,1477.8565811616545,1520.666055859418,0.5815683930394541
1024,2024-03-02,Fulham,Brighton,H,1491.9899535040877,1551.0174396146717,0.5586923590389969
1025,2024-03-03,Burnley,Bournemouth,A,1371.2649475289115,1467.724401160958,0.5050950794373932
1026,2024-03-03,Man City,Man United,H,1739.4749203740607,1599.663867326985,0.7990654123552396
1027,2024-03-04,Sheffield United,Arsenal,A,1402.3527796278688,1689.9397394919192,0.2535367991181099
1028,2024-03-09,Man United,Everton,H,1595.6451755740898,1456.1647225811973,0.7987596790389307
1029,2024-03-09,Bournemouth,Sheffield United,D,1477.826302749706,1397.2820436455065,0.7387142037004718
1030,2024-03-09,Crystal Palace,Luton,D,1458.4194154919064,1435.9740957680706,0.6692626260131554
1031,2024-03-09,Wolves,Fulham,H,1500.4022901910137,1500.8161063233078,0.6395160204694164
1032,2024-03-09,Arsenal,Brentford,H,1695.0104754742815,1476.2252133008653,0.8623652516344887
1033,2024-03-10,West Ham,Burnley,D,1516.088833348329,1361.1630459401636,0.8126726548776294
1034,2024-03-10,Aston Villa,Tottenham,A,1611.1887088278736,1592.8181574211865,0.6640501247764975
1035,2024-03-10,Brighton,Nott'm Forest,H,1542.1912867954516,1431.0264570578797,0.7712816844112743
1036,2024-03-10,Liverpool,Man City,D,1711.5578627946136,1743.493612126956,0.5967181808434601
1037,2024-03-11,Chelsea,Newcastle,H,1522.2974237202072,1572.109341781879,0.5717282392805131
1038,2024-03-13,Bournemouth,Luton,H,1473.0520186756964,1439.3593482883336,0.6834336831858286
1039,2024-03-16,Burnley,Brentford,H,1367.4164990377162,1473.4725183335552,0.4912855701949476
1040,2024-03-16,Luton,Nott'm Forest,D,1433.0280219520503,1426.4520907461051,0.6487388711125016
1041,2024-03-16,Fulham,Tottenham,H,1493.6064267326963,1606.0991599167164,0.48202925589895196
1042,2024-03-17,West Ham,Aston Villa,D,1509.8353802507763,1597.9077063323437,0.5171585621562536
1043,2024-03-30,Newcastle,West Ham,H,1563.5439065674893,1509.4922090076514,0.7082278874796306
1044,2024-03-30,Bournemouth,Everton,H,1479.3833450119798,1452.1399161619759,0.6753475136898444
1045,2024-03-30,Chelsea,Burnley,D,1530.862858934597,1377.5907876338172,0.8112191222113898
1046,2024-03-30,Nott'm Forest,Crystal Palace,D,1429.4268681683552,1455.0341629716434,0.6054530401777599
1047,2024-03-30,Sheffield United,Fulham,D,1402.056327719516,1503.9658416147172,0.4972520162749985
1048,2024-03-30,Tottenham,Luton,H,1595.7397450346955,1430.0532445298002,0.8219206234499731
1049,2024-03-30,Aston Villa,Wolves,H,1598.2508775754686,1507.6119697816252,0.7497737091604644
1050,2024-03-30,Brentford,Man United,D,1463.2982297374542,1599.6699819933112,0.44784721987679127
1051,2024-03-31,Man City,Arsenal,D,1745.427975743825,1697.7631704415917,0.7005727955318816
1052,2024-03-31,Liverpool,Brighton,H,1709.6234991777444,1546.7656531072262,0.8195248158222419
1053,2024-04-02,Newcastle,Everton,D,1569.3793488178967,1445.6468664357728,0.7837928346245472
1054,2024-04-02,Nott'm Forest,Fulham,H,1427.3178073648,1503.9108819402172,0.5336344023600201
1055,2024-04-02,Bournemouth,Crystal Palace,H,1485.8763947381829,1457.1432237751985,0.6772249171211847
1056,2024-04-02,Burnley,Wolves,D,1383.815170078045,1502.6074439648346,0.4729820863641639
1057,2024-04-02,West Ham,Tottenham,D,1503.656766757244,1599.301332565696,0.506267645335197
1058,2024-04-03,Arsenal,Luton,H,1701.7746263522292,1426.4916569987997,0.896627582843052
1059,2024-04-03,Brentford,Brighton,D,1464.3412853399184,1543.156149423671,0.5304501324394397
1060,2024-04-03,Man City,Aston Villa,H,1741.4165198331875,1603.2554033922593,0.7975361145448485
1061,2024-04-04,Liverpool,Sheffield United,H,1713.2330028612996,1402.111287394016,0.9142452068951988
1062,2024-04-04,Chelsea,Man United,H,1524.6384764903692,1598.626926390847,0.5373638463162688
1063,2024-04-06,Brighton,Arsenal,A,1543.7651520724598,1703.8420746953682,0.41439386174006665
1064,2024-04-06,Wolves,West Ham,A,1502.0670856921179,1503.53141385054,0.6381207469199452
1065,2024-04-06,Luton,Bournemouth,H,1424.4242086556608,1492.3318963957593,0.5460536469721029
1066,2024-04-06,Everton,Burnley,H,1451.3227231282638,1384.3555283507617,0.7233500809569849
1067,2024-04-06,Fulham,Newcastle,A,1494.5835699874176,1563.7034921254058,0.5443233526883676
1068,2024-04-06,Aston Villa,Brentford,D,1599.2061256831562,1463.7322826911295,0.7950267699773178
1069,2024-04-06,Crystal Palace,Man City,A,1450.6877221176221,1745.4657975422906,0.24578269596929966
1070,2024-04-07,Man United,Liverpool,D,1589.3742033171725,1714.9480987233956,0.46326253090133396
1071,2024-04-07,Sheffield United,Chelsea,D,1400.39619153192,1533.8911995640437,0.45194559208034574
1072,2024-04-07,Tottenham,Nott'm Forest,H,1599.4266854723999,1436.6451193175997,0.8194598617423628
1073,2024-04-13,Newcastle,Tottenham,H,1574.589959179173,1603.0374882375527,0.6015407707346995
1074,2024-04-13,Brentford,Sheffield United,H,1469.6328180906758,1401.3572796903131,0.7248546932953193
1075,2024-04-13,Burnley,Brighton,D,1378.8225299699013,1535.4772748376586,0.41918232482652684
1076,2024-04-13,Man City,Luton,H,1750.3814514616765,1433.5031357162188,0.9168078174069727
1077,2024-04-13,Nott'm Forest,Wolves,D,1433.0343165524469,1489.304670753719,0.5626017935701894
1078,2024-04-13,Bournemouth,Man United,D,1483.2529693352012,1590.108952699146,0.490134727282046
1079,2024-04-14,Arsenal,Aston Villa,A,1712.1299519301695,1593.30559028361,0.7789665887444692
1080,2024-04-14,Liverpool,Crystal Palace,A,1714.2133493414221,1445.7720681982362,0.892919783096369
1081,2024-04-14,West Ham,Fulham,A,1516.293828788939,1483.6971029336503,0.6820671921534275
1082,2024-04-15,Chelsea,Everton,H,1532.9301114056507,1456.8557215091241,0.7337173752992748
1083,2024-04-20,Luton,Brentford,A,1431.8392920643582,1475.1357242247693,0.5808860998617441
1084,2024-04-20,Sheffield United,Burnley,A,1395.8543735562196,1380.4388834733709,0.6602447215676381
1085,2024-04-20,Wolves,Arsenal,A,1490.5567066251226,1696.55062015528,0.35202497866118915
1086,2024-04-21,Everton,Nott'm Forest,H,1451.5300690151096,1431.7822806810432,0.6658164593039789
1087,2024-04-21,Aston Villa,Bournemouth,H,1608.8849220584993,1483.4502747895604,0.7854486779888855
1088,2024-04-21,Crystal Palace,West Ham,H,1463.6304638601637,1502.6524849458704,0.5868642893101239
1089,2024-04-21,Fulham,Liverpool,A,1497.338446776719,1696.3549536794947,0.36124032482151336
1090,2024-04-23,Arsenal,Chelsea,H,1703.5911197285038,1538.2557638996652,0.8216245715615286
1091,2024-04-24,Man United,Sheffield United,H,1589.9116472447868,1382.6494791248667,0.8543013085552086
1092,2024-04-24,Everton,Liverpool,H,1458.21373982903,1703.579760175925,0.3022104173805509
1093,2024-04-24,Wolves,Bournemouth,A,1483.5162070518988,1479.159248349338,0.6458226018605208
1094,2024-04-24,Crystal Palace,Newcastle,H,1471.8931780739613,1582.5591437644791,0.48465526167313877
1095,2024-04-25,Brighton,Man City,A,1533.860921334189,1752.0452951135371,0.33618900566008814
1096,2024-04-27,West Ham,Liverpool,D,1494.3897707320727,1689.623968523536,0.3662793124227387
1097,2024-04-27,Fulham,Crystal Palace,D,1490.1136402802886,1482.2000728404985,0.6504915182193418
1098,2024-04-27,Man United,Burnley,D,1592.8256210736827,1393.6437779047237,0.848415739654154
1099,2024-04-27,Newcastle,Sheffield United,H,1572.252248997942,1379.7355052959708,0.8434152114334172
1100,2024-04-27,Wolves,Luton,H,1470.5997550146885,1420.2215700671234,0.703839001246563
1101,2024-04-27,Everton,Brentford,H,1472.169531481419,1486.7534462220042,0.6205055346395241
1102,2024-04-27,Aston Villa,Chelsea,D,1613.1759484987217,1534.6882553308958,0.736422731638948
1103,2024-04-28,Nott'm Forest,Man City,A,1425.0986098671228,1758.7690752267388,0.20667010370472133
1104,2024-04-28,Bournemouth,Brighton,H,1492.0757003865483,1527.1371412209874,0.5923808313052938
1105,2024-04-28,Tottenham,Arsenal,A,1595.0683036522466,1707.1586282972733,0.48260764406514683
1106,2024-05-02,Chelsea,Tottenham,H,1539.4167099636747,1585.4161507709437,0.5770932614370077
1107,2024-05-03,Luton,Everton,D,1414.2983500920545,1479.7594207886284,0.549542420398912
1108,2024-05-04,Man City,Wolves,H,1762.9024773008332,1476.5229749897574,0.9023998959248324
1109,2024-05-04,Arsenal,Bournemouth,H,1716.8107811785762,1500.2280837604424,0.8608534395585892
1110,2024-05-04,Brentford,Fulham,D,1479.1635569147948,1487.1038099159018,0.6294687685985677
1111,2024-05-04,Burnley,Newcastle,A,1400.6120926978067,1575.3839447692735,0.3940257144321223
1112,2024-05-04,Sheffield United,Nott'm Forest,A,1376.6038095246392,1420.9652077930284,0.5793928634270047
1113,2024-05-05,Chelsea,West Ham,H,1547.8748447349346,1497.064184483618,0.7043576790315069
1114,2024-05-05,Liverpool,Tottenham,H,1686.9495547719907,1576.9580159996838,0.7700880531267587
1115,2024-05-05,Brighton,Aston Villa,H,1518.9847578470933,1608.4474938659428,0.5151596940284566
1116,2024-05-06,Crystal Palace,Man United,H,1485.2099032048852,1585.8573062805997,0.499068313158763
1117,2024-05-11,Wolves,Crystal Palace,A,1474.570972908254,1495.22853694171,0.6122385767210748
1118,2024-05-11,Nott'm Forest,Chelsea,A,1432.5530650615685,1553.7876911543044,0.4694789102389363
1119,2024-05-11,Tottenham,Burnley,H,1572.3597770622189,1392.7315784091643,0.8333654686412594
1120,2024-05-11,West Ham,Luton,H,1491.1513380642482,1413.3075016840762,0.7357026854775481
1121,2024-05-11,Everton,Sheffield United,H,1480.7502691966067,1365.0159522560991,0.7758887481624831
1122,2024-05-11,Newcastle,Brighton,D,1583.264459057916,1528.6815639665242,0.7088593560994364
1123,2024-05-11,Bournemouth,Brentford,A,1497.4451525516142,1476.5741815428235,0.6672535322344253
1124,2024-05-11,Fulham,Man City,A,1489.6931852878731,1764.8544793823366,0.2673108221428338
1125,2024-05-12,Man United,Arsenal,A,1575.838672543775,1719.5937123874044,0.4373622346674464
1126,2024-05-13,Aston Villa,Liverpool,D,1598.7506877465119,1691.5477937094556,0.5103643129578316
1127,2024-05-14,Tottenham,Man City,A,1575.6924676893937,1770.2006958251934,0.3672498817650466
1128,2024-05-15,Brighton,Chelsea,A,1532.858751088513,1563.177269359083,0.5989564467946402
1129,2024-05-15,Man United,Newcastle,H,1567.091427850426,1579.0872719359272,0.6240073715866249
1130,2024-05-19,Sheffield United,Tottenham,A,1360.5337272193487,1568.3474700540928,0.34963913803457103
1131,2024-05-19,Man City,West Ham,H,1777.5456934604942,1496.4372843546973,0.8996946463542096
1132,2024-05-19,Luton,Fulham,A,1408.021555393627,1484.3469688450164,0.534017834690501
1133,2024-05-19,Liverpool,Wolves,H,1691.7550799686123,1462.3262013738324,0.8694772993344785
1134,2024-05-19,Crystal Palace,Aston Villa,H,1507.4733084761315,1598.5434014873551,0.512848340072793
1135,2024-05-19,Chelsea,Bournemouth,H,1575.1563982949758,1484.1000819069257,0.7502242347413722
1136,2024-05-19,Burnley,Nott'm Forest,A,1389.3988877819895,1423.1634868567899,0.5941821761433781
1137,2024-05-19,Brighton,Man United,A,1520.8796221526202,1574.6112804186935,0.56619464813307
1138,2024-05-19,Brentford,Newcastle,A,1489.919252187512,1571.5674193676598,0.526385875779708
1139,2024-05-19,Arsenal,Everton,H,1728.3409570807532,1485.232494233357,0.8781568948410478
1140,2024-08-16,Man United,Fulham,H,1585.9351733813548,1495.0273255388263,0.7500640487998095
1141,2024-08-17,Ipswich,Liverpool,A,1500.0,1694.3655339819227,0.36744078052725465
1142,2024-08-17,Arsenal,Wolves,H,1730.7778191839323,1459.715747360522,0.8943537354818887
1143,2024-08-17,Everton,Brighton,A,1482.795632130178,1509.5557291899588,0.6038667153971045
1144,2024-08-17,Newcastle,Southampton,H,1582.0951368832539,1361.778913842927,0.8634079330175723
1145,2024-08-17,Nott'm Forest,Bournemouth,D,1435.0471303796573,1479.104566601753,0.579819211591938
1146,2024-08-17,West Ham,Aston Villa,A,1494.4311772817816,1588.8003682888111,0.5081026761281066
1147,2024-08-18,Brentford,Crystal Palace,H,1479.391534671918,1517.2163416746757,0.5885342117703436
1148,2024-08-18,Chelsea,Man City,A,1580.1519136001484,1779.55180053341,0.3607312451556718
1149,2024-08-19,Leicester,Tottenham,D,1431.5210487331021,1575.3402528147842,0.43727134618637176
1150,2024-08-24,Brighton,Man United,H,1521.6330634979008,1590.9338924053586,0.5440650408786486
1151,2024-08-24,Crystal Palace,West Ham,A,1508.9870259100826,1484.2691237592196,0.6721518979106266
1152,2024-08-24,Fulham,Leicester,H,1490.0286065148225,1432.7756218093748,0.712021225855354
1153,2024-08-24,Man City,Ipswich,H,1786.7664254365234,1492.651184389455,0.9062522222209103
1154,2024-08-24,Southampton,Nott'm Forest,A,1359.0470725032785,1433.4507461478186,0.536769575407481
1155,2024-08-24,Tottenham,Everton,H,1574.0856797385115,1470.718297822236,0.7632673205897753
1156,2024-08-24,Aston Villa,Arsenal,A,1598.9624218113731,1732.8907444742945,0.4513278366071435
1157,2024-08-25,Bournemouth,Newcastle,D,1480.7009508335918,1584.8269782229024,0.4940624483993736
1158,2024-08-25,Wolves,Chelsea,A,1457.6028220701598,1572.937288697035,0.4779462469559786
1159,2024-08-25,Liverpool,Brentford,H,1701.7143495924677,1487.620850436511,0.8591281546368326
1160,2024-08-31,West Ham,Man City,A,1497.712161717432,1788.6413809921053,0.2499128888775974
1161,2024-08-31,Nott'm Forest,Wolves,D,1444.1861376559682,1448.0438971310402,0.6349331486872344
1162,2024-08-31,Leicester,Aston Villa,A,1427.016046326482,1589.9358650792303,0.41042817918116536
1163,2024-08-31,Ipswich,Fulham,D,1490.7762288338731,1495.7881819977154,0.6333917225561854
1164,2024-08-31,Everton,Bournemouth,A,1465.9836442340315,1480.8197018656044,0.6201636894890104
1165,2024-08-31,Brentford,Southampton,H,1484.8034135292478,1348.3116809951289,0.7959799696688853
1166,2024-08-31,Arsenal,Brighton,D,1741.9173012064373,1530.7517626803278,0.8570759081881211
1167,2024-09-01,Chelsea,Crystal Palace,D,1582.4962136361546,1495.5439879518701,0.7457710707166265
1168,2024-09-01,Newcastle,Tottenham,H,1584.7082271908898,1578.820333326716,0.6478357976669906
1169,2024-09-01,Man United,Liverpool,A,1581.8151932229316,1704.531786499731,0.4673547008277436
1170,2024-09-14,Southampton,Man United,A,1344.2312803885065,1572.4680992063768,0.32339996515326347
1171,2024-09-14,Brighton,Ipswich,D,1537.8932808440902,1488.1083943827493,0.7031265877175893
1172,2024-09-14,Crystal Palace,Leicester,D,1500.4594093662026,1418.8074827428586,0.7399430437664744
1173,2024-09-14,Fulham,West Ham,D,1498.4560164488391,1492.71390393988,0.6476443184302798
1174,2024-09-14,Liverpool,Nott'm Forest,A,1713.8788805162858,1441.4874746822236,0.8950745816191388
1175,2024-09-14,Man City,Brentford,H,1793.6396387696573,1488.8838141358701,0.9113282515245102
1176,2024-09-14,Aston Villa,Everton,H,1598.1444286628537,1453.5803704442512,0.8034224865632201
1177,2024-09-14,Bournemouth,Chelsea,A,1493.2229756553847,1577.580792221822,0.5224957142126243
1178,2024-09-15,Tottenham,Arsenal,A,1571.777049280056,1734.775783042675,0.41031826049650805
1179,2024-09-15,Wolves,Newcastle,A,1450.7425601047848,1591.75151123755,0.4412559267335486
1180,2024-09-21,Crystal Palace,Man United,D,1495.6605484908732,1578.936098509442,0.5240498453886745
1181,2024-09-21,Southampton,Ipswich,D,1337.7632810854413,1492.170926137101,0.4223349260278337
1182,2024-09-21,Liverpool,Bournemouth,H,1695.977388883903,1482.7730613711324,0.8585075406517216
1183,2024-09-21,Tottenham,Brentford,H,1563.5706840701257,1487.1103791663604,0.7341511791373685
1184,2024-09-21,Fulham,Newcastle,H,1495.5031300802336,1600.576629772221,0.4926991659584743
1185,2024-09-21,West Ham,Chelsea,A,1495.6667903084856,1588.0307065060747,0.5109874388510632
1186,2024-09-21,Leicester,Everton,D,1423.606343618188,1449.6488201755155,0.6048544631336343
1187,2024-09-21,Aston Villa,Wolves,H,1602.0759789315894,1441.9174415701139,0.8172151950062484
1188,2024-09-22,Brighton,Nott'm Forest,D,1533.8307490897384,1459.3889663146065,0.7318771932747948
1189,2024-09-22,Man City,Arsenal,D,1795.413073739167,1742.9821482526052,0.7062962045812804
1190,2024-09-28,Newcastle,Man City,D,1590.4306130913903,1791.2871496475414,0.3587998611659419
1191,2024-09-28,Arsenal,Leicester,H,1747.1080723442308,1421.5092543555154,0.920557336149134
1192,2024-09-28,Brentford,West Ham,D,1481.7934027491078,1485.4470415314643,0.6352054653594288
1193,2024-09-28,Chelsea,Brighton,H,1598.250455283096,1529.1932052242425,0.7257512451476084
1194,2024-09-28,Everton,Crystal Palace,H,1451.7459094381882,1495.1795515830997,0.5806937941489831
1195,2024-09-28,Nott'm Forest,Fulham,A,1464.0265101801024,1505.6491467610642,0.5832300019745031
1196,2024-09-28,Wolves,Liverpool,A,1438.2617454702388,1698.8072380708684,0.28410814745987656
1197,2024-09-29,Ipswich,Aston Villa,D,1490.6176246576579,1605.7316750314644,0.4782628431466911
1198,2024-09-29,Man United,Tottenham,A,1579.4170954172155,1568.8876604873783,0.6539072169373584
1199,2024-09-30,Bournemouth,Southampton,H,1479.943212184167,1339.3165825648846,0.7998181563962018
1200,2024-10-05,Crystal Palace,Liverpool,A,1486.7934274660795,1704.489401020066,0.3368167159875981
1201,2024-10-05,Arsenal,Southampton,H,1748.696925621248,1335.3129456928086,0.9505122435234297
1202,2024-10-05,Brentford,Wolves,H,1479.0892934419192,1432.5795825210412,0.6991761195048152
1203,2024-10-05,Leicester,Bournemouth,H,1419.9204010784981,1483.9468490562429,0.5515858910518057
1204,2024-10-05,Man City,Fulham,H,1788.46314687086,1517.3137468005543,0.8944012239121366
1205,2024-10-05,West Ham,Ipswich,H,1488.151150838653,1491.052367794724,0.6362085202476747
1206,2024-10-05,Everton,Newcastle,D,1460.1320335552084,1593.2546158680716,0.45247665963635314
1207,2024-10-06,Aston Villa,Man United,D,1605.2969318943983,1566.3389510784682,0.6899544669417983
1208,2024-10-06,Chelsea,Nott'm Forest,D,1603.735430380144,1452.3619101406123,0.8095397401740173
1209,2024-10-06,Brighton,Tottenham,H,1523.7082301271946,1581.9658048261256,0.5597847974633765
1210,2024-10-19,Bournemouth,Arsenal,H,1474.978566877279,1749.6866807507795,0.26782206402096975
1211,2024-10-19,Southampton,Leicester,A,1334.3231905632772,1428.888683257462,0.5078202469241321
1212,2024-10-19,Newcastle,Brighton,A,1592.3041490607986,1532.5125341779271,0.7150083778521281
1213,2024-10-19,Man United,Brentford,H,1570.1380404173042,1485.1057710518228,0.7436699336076261
1214,2024-10-19,Fulham,Aston Villa,A,1515.201771278797,1601.4978425555623,0.5197113178033302
1215,2024-10-19,Tottenham,West Ham,H,1573.161500775393,1495.4269804336996,0.7355803086812697
1216,2024-10-19,Ipswich,Everton,A,1483.7765381996774,1461.0825003624814,0.6695794642960435
1217,2024-10-20,Wolves,Man City,A,1426.5631049111375,1790.5751223926175,0.17949460418126523
1218,2024-10-20,Liverpool,Chelsea,H,1711.225735339818,1597.5446355766635,0.7738268505672964
1219,2024-10-21,Nott'm Forest,Crystal Palace,H,1458.5527049440927,1480.0570931463276,0.6110806767214657
1220,2024-10-25,Leicester,Nott'm Forest,A,1439.0450881959446,1466.3310914096635,0.6031423084150587
1221,2024-10-26,Aston Villa,Bournemouth,D,1611.892068911629,1489.6221255968596,0.7823627199585242
1222,2024-10-26,Brentford,Ipswich,H,1479.9791697239752,1470.3849489137565,0.6526878501376927
1223,2024-10-26,Brighton,Wolves,D,1546.8127017349698,1422.9732128275123,0.7838972011931744
1224,2024-10-26,Man City,Southampton,H,1794.1650144762427,1324.1667856247946,0.963777275729044
1225,2024-10-26,Everton,Fulham,D,1474.4740896484022,1504.8075449227304,0.5989357925333975
1226,2024-10-27,Arsenal,Liverpool,D,1735.043122031199,1715.749198328472,0.6652348791742113
1227,2024-10-27,West Ham,Man United,H,1490.138586607325,1575.2646417451517,0.5213922600140423
1228,2024-10-27,Crystal Palace,Tottenham,H,1472.2787066807568,1578.4498946017677,0.491119880529907
1229,2024-10-27,Chelsea,Newcastle,H,1593.0211725880094,1578.003981503756,0.6597302096193376
1230,2024-11-02,Newcastle,Arsenal,H,1571.1985856961428,1731.7384244477146,0.4137473481965945
1231,2024-11-02,Bournemouth,Man City,H,1495.26937999603,1794.8894689616618,0.24065248627067504
1232,2024-11-02,Ipswich,Leicester,D,1463.4387059165103,1426.9822420276435,0.6868656861261978
1233,2024-11-02,Liverpool,Brighton,H,1719.0538959119563,1541.1347577111062,0.8319947863297218
1234,2024-11-02,Nott'm Forest,West Ham,H,1478.3939375779646,1499.710741407044,0.6113372776918814
1235,2024-11-02,Southampton,Everton,H,1323.4423311393755,1472.4953737977344,0.4298723419113103
1236,2024-11-02,Wolves,Crystal Palace,D,1428.6511568513758,1482.4563090701588,0.5660907326826328
1237,2024-11-03,Tottenham,Aston Villa,H,1568.2722922123658,1606.2448145124586,0.5883282819290028
1238,2024-11-03,Man United,Chelsea,D,1565.6924869454326,1599.8265683956226,0.5936692120058316
1239,2024-11-04,Fulham,Brentford,H,1506.7862607733982,1486.9254127212214,0.6659612552150844
1240,2024-11-09,Liverpool,Aston Villa,H,1722.4140001853618,1598.0113801510386,0.7844458379010245
1241,2024-11-09,Brighton,Man City,H,1537.7746534377006,1779.7025186870753,0.3064003231545712
1242,2024-11-09,Wolves,Southampton,H,1427.3293421977232,1334.8448843011492,0.7517615870855616
1243,2024-11-09,West Ham,Everton,D,1491.9374869608816,1461.0928206359606,0.6798760952365439
1244,2024-11-09,Brentford,Bournemouth,H,1480.2446378255231,1510.4563302706165,0.5991041508084682
1245,2024-11-09,Crystal Palace,Fulham,A,1483.7781237238114,1513.4670356690965,0.5998267194877666
1246,2024-11-10,Man United,Leicester,H,1563.819102705316,1430.7195557501675,0.7927905350992519
1247,2024-11-10,Nott'm Forest,Newcastle,A,1486.167192024127,1582.923638732211,0.5046677128070214
1248,2024-11-10,Tottenham,Ipswich,A,1576.5057265737858,1459.7013921939863,0.7769579776067975
1249,2024-11-10,Chelsea,Arsenal,D,1601.6999526357392,1720.0133714116464,0.47366925284160716
1250,2024-11-23,Leicester,Chelsea,A,1426.5753664521526,1602.2265675789072,0.39281772836864365
1251,2024-11-23,Arsenal,Nott'm Forest,H,1719.4867564684785,1476.0738377679866,0.8783442929711366
1252,2024-11-23,Aston Villa,Crystal Palace,D,1593.700296909059,1471.781589334056,0.782018256071354
1253,2024-11-23,Bournemouth,Brighton,A,1502.4384132867858,1551.6466469746092,0.5725789189193843
1254,2024-11-23,Everton,Brentford,D,1464.6903425406915,1488.2625548093538,0.6082480011401827
1255,2024-11-23,Fulham,Wolves,A,1525.463570058852,1432.294110456012,0.7524967184904207
1256,2024-11-23,Man City,Tottenham,A,1765.8305251501667,1560.9665670216498,0.8525745479526834
1257,2024-11-24,Southampton,Liverpool,A,1329.8801160428604,1726.7250834273414,0.15332241280588635
1258,2024-11-24,Ipswich,Man United,D,1475.2405517461223,1567.963292003331,0.5104712873506998
1259,2024-11-25,Newcastle,West Ham,A,1593.0169929883514,1488.3399650561507,0.7646268272495301
1260,2024-11-29,Brighton,Southampton,D,1563.098225352997,1326.8136677867426,0.8738910530719004
1261,2024-11-30,Brentford,Leicester,H,1490.4275148321574,1418.7190118847798,0.7287784176380148
1262,2024-11-30,Crystal Palace,Newcastle,D,1477.421954455483,1577.7244564433609,0.49956466475507416
1263,2024-11-30,Nott'm Forest,Ipswich,H,1473.6407236274092,1475.0311259991083,0.6382190105197246
1264,2024-11-30,Wolves,Bournemouth,A,1447.3440448258204,1490.9868349083981,0.5804006171461388
1265,2024-11-30,West Ham,Arsenal,A,1503.6325016011413,1721.9198706090558,0.3360567060510406
1266,2024-12-01,Chelsea,Aston Villa,H,1610.08292214628,1588.059931787632,0.6687242752188107
1267,2024-12-01,Man United,Everton,H,1568.1727177503449,1462.525382517888,0.7656305850013578
1268,2024-12-01,Tottenham,Fulham,D,1578.0180579807034,1510.4136356890435,0.7240835354034443
1269,2024-12-01,Liverpool,Man City,H,1729.7915316834592,1748.7790341911132,0.6145184030139117
1270,2024-12-03,Ipswich,Crystal Palace,A,1467.7955062095027,1477.4306611603815,0.627190290947071
1271,2024-12-03,Leicester,West Ham,H,1413.29458023754,1496.9113674801204,0.523559878711305
1272,2024-12-04,Aston Villa,Brentford,H,1581.4344172920082,1495.8519464793972,0.7442732175929531
1273,2024-12-04,Arsenal,Man United,H,1728.6410047300767,1572.8601060503177,0.8134208698023064
1274,2024-12-04,Southampton,Chelsea,A,1334.2914888481805,1616.7084366419037,0.2592104375358166
1275,2024-12-04,Everton,Wolves,H,1457.8379942179151,1435.7360324828976,0.6688249750607819
1276,2024-12-04,Man City,Nott'm Forest,H,1741.0694022513915,1480.8763434170148,0.8882945527315464
1277,2024-12-04,Newcastle,Liverpool,D,1577.7157497384624,1737.501163623181,0.4148011374401751
1278,2024-12-05,Fulham,Brighton,H,1514.8953063971123,1555.620404291559,0.5844853307896138
1279,2024-12-05,Bournemouth,Tottenham,H,1502.594847251321,1573.5363872726346,0.5417212487866783
1280,2024-12-07,Aston Villa,Southampton,H,1586.548952940149,1329.1072800974641,0.8867132735530875
1281,2024-12-07,Brentford,Newcastle,H,1490.7374108312563,1579.4197269896588,0.5162816977486007
1282,2024-12-07,Crystal Palace,Man City,D,1489.9744669793229,1743.3035111967606,0.29263246862438275
1283,2024-12-07,Man United,Nott'm Forest,A,1569.1285234463637,1478.6422344716457,0.7496088465336435
1284,2024-12-08,Fulham,Arsenal,D,1523.20559978132,1732.3725873340306,0.3478698607841147
1285,2024-12-08,Ipswich,Bournemouth,A,1455.2517003905614,1511.7604222755874,0.5622641033968034
1286,2024-12-08,Leicester,Brighton,D,1422.8233826633139,1547.3101109073514,0.46481899660689385
1287,2024-12-08,Tottenham,Chelsea,A,1564.370812248368,1621.8926453926201,0.5608282111254231
1288,2024-12-09,West Ham,Wolves,H,1487.3825650543465,1429.1125319841133,0.7132202025131477
1289,2024-12-14,Arsenal,Everton,D,1729.329984549713,1464.4614947166995,0.8909373734165923
1290,2024-12-14,Liverpool,Fulham,D,1735.7971863719845,1526.2482025656377,0.8559322054090478
1291,2024-12-14,Newcastle,Leicester,H,1569.7453609446309,1423.527002731176,0.8049221418510825
1292,2024-12-14,Wolves,Ipswich,A,1423.3769360343763,1444.0064183226252,0.6122769524999424
1293,2024-12-14,Nott'm Forest,Aston Villa,H,1493.6344114023186,1588.8146874690874,0.5069356954042036
1294,2024-12-15,Brighton,Crystal Palace,A,1546.6064908394892,1494.1218176068353,0.7063603823572715
1295,2024-12-15,Man City,Man United,A,1739.1561605692482,1554.1363465156908,0.8376309715814662
1296,2024-12-15,Chelsea,Brentford,H,1633.1092096151285,1500.4117768762842,0.792410023925524
1297,2024-12-15,Southampton,Tottenham,A,1326.8415455685258,1553.1542480258597,0.3258282794410101
1298,2024-12-16,Bournemouth,West Ham,D,1523.0057043435236,1493.1181610040835,0.6786757647323589
1299,2024-12-21,Crystal Palace,Arsenal,A,1508.2490252539808,1721.511237081381,0.3425413028451165
1300,2024-12-21,Ipswich,Newcastle,A,1456.251957372624,1573.6469181076093,0.4749875350942328
1301,2024-12-21,West Ham,Brighton,D,1496.6916762987307,1532.4792831923437,0.5913710801732912
1302,2024-12-21,Aston Villa,Man City,H,1578.9534013771715,1722.403541137619,0.43779418223866234
1303,2024-12-21,Brentford,Nott'm Forest,A,1496.2599773547947,1503.4956974942345,0.6304141942610524
1304,2024-12-22,Everton,Chelsea,D,1472.2802421850313,1637.261009136618,0.4075605016630023
1305,2024-12-22,Fulham,Southampton,D,1533.3668466738186,1320.3249799797056,0.8583939016668621
1306,2024-12-22,Leicester,Wolves,A,1419.6254455681976,1411.1313969843775,0.6512508375029428
1307,2024-12-22,Man United,Bournemouth,A,1570.88896594732,1519.4321890488764,0.7051315989294694
1308,2024-12-22,Tottenham,Liverpool,A,1559.67081361468,1728.6785422638036,0.40197553925607005
1309,2024-12-26,Man City,Everton,D,1711.1594247823923,1474.1290321517713,0.8743634471308198
1310,2024-12-26,Bournemouth,Crystal Palace,D,1533.5348210274658,1501.3981991970784,0.6814925685560427
1311,2024-12-26,Chelsea,Fulham,A,1635.412219169878,1526.1989686404813,0.7692938653492356
1312,2024-12-26,Newcastle,Aston Villa,H,1583.146668809494,1590.1975177323982,0.6306621110576115
1313,2024-12-26,Nott'm Forest,Tottenham,H,1516.1039813794555,1551.6313028295585,0.5917331023928095
1314,2024-12-26,Southampton,West Ham,A,1327.492858013043,1494.864254695265,0.4042419762965611
1315,2024-12-26,Wolves,Man United,H,1424.1564137344365,1556.7863339687306,0.45317934659996184
1316,2024-12-26,Liverpool,Leicester,H,1736.718053048925,1406.6004288181387,0.9224389677286121
1317,2024-12-27,Arsenal,Ipswich,H,1728.3620631382835,1446.7522066707393,0.8999548415183987
1318,2024-12-27,Brighton,Brentford,D,1534.3067047958095,1483.6516934695737,0.7041710663393236
1319,2024-12-29,Leicester,Man City,A,1405.049208172711,1703.672155839776,0.24170296952117756
1320,2024-12-29,Crystal Palace,Southampton,H,1505.0280505681992,1319.4080184871116,0.8381003400218879
1321,2024-12-29,Everton,Nott'm Forest,A,1481.6163010943876,1524.2693193315993,0.5817875435786011
1322,2024-12-29,Fulham,Bournemouth,D,1541.584845947466,1529.904969656345,0.655404434266768
1323,2024-12-29,Tottenham,Wolves,D,1543.4659648774148,1435.0928268024372,0.7684344370570978
1324,2024-12-29,West Ham,Liverpool,A,1502.9490942211962,1738.2692736943527,0.3145428722005777
1325,2024-12-30,Aston Villa,Brighton,D,1582.8107599535504,1530.223283469023,0.7064831122874055
1326,2024-12-30,Ipswich,Chelsea,H,1444.7513035011073,1620.0263418628933,0.3933343139744836
1327,2024-12-30,Man United,Newcastle,A,1545.8499209007298,1590.5334265883419,0.5789409346283001
1328,2025-01-01,Brentford,Arsenal,A,1487.7351147963602,1730.3629663079155,0.3055446575648658
1329,2025-01-04,Brighton,Arsenal,D,1534.352945714771,1736.4738594592127,0.357127114351263
1330,2025-01-04,Southampton,Brentford,A,1316.1700252875494,1481.624221645063,0.4069026357916633
1331,2025-01-04,Man City,West Ham,H,1708.5062152301996,1496.6582367771846,0.8575564547959845
1332,2025-01-04,Crystal Palace,Chelsea,D,1508.2660437677614,1607.893028142383,0.5005368124302754
1333,2025-01-04,Bournemouth,Everton,H,1533.0130583416803,1469.9805502228155,0.7187946561868997
1334,2025-01-04,Aston Villa,Leicester,H,1578.6810977078023,1400.2151487822873,0.8324343098478089
1335,2025-01-04,Tottenham,Newcastle,A,1538.0972761362727,1602.112245280908,0.5516022345257988
1336,2025-01-05,Fulham,Ipswich,D,1538.4767572621306,1456.8846172216176,0.7398768126530038
1337,2025-01-05,Liverpool,Man United,D,1744.5601311383643,1534.2711022081637,0.8564567247447143
1338,2025-01-06,Wolves,Nott'm Forest,A,1440.4615155435793,1535.9050702031714,0.5065568760468078
1339,2025-01-14,Brentford,Man City,D,1489.7622743608963,1711.3550861342799,0.33182453533662587
1340,2025-01-14,Chelsea,Bournemouth,D,1607.9037643909885,1538.6371652179423,0.7259910406816537
1341,2025-01-14,West Ham,Fulham,H,1493.8093658731043,1533.6792210090705,0.5856804840525665
1342,2025-01-14,Nott'm Forest,Liverpool,D,1546.0362077241075,1737.43099664347,0.3714244622690456
1343,2025-01-15,Everton,Aston Villa,A,1464.3564433465535,1582.0324115108463,0.4745841613181729
1344,2025-01-15,Leicester,Crystal Palace,A,1396.8638349792434,1508.2553075191558,0.4836122251153189
1345,2025-01-15,Newcastle,Wolves,H,1613.1442899714239,1430.3303780226431,0.8358965369128086
1346,2025-01-15,Arsenal,Tottenham,H,1733.616401746238,1527.0652314457568,0.8537911322225451
1347,2025-01-16,Man United,Southampton,H,1541.400236703058,1308.031972571716,0.8720293330173716
1348,2025-01-16,Ipswich,Brighton,A,1461.6821534746778,1537.2104034277459,0.5351595546862251
1349,2025-01-18,Newcastle,Bournemouth,A,1616.4263592331677,1543.1569860315753,0.7305507595869184
1350,2025-01-18,Brentford,Liverpool,A,1493.1257836541638,1734.859485888851,0.3066379055433669
1351,2025-01-18,Leicester,Fulham,A,1387.191590476937,1525.3928306901219,0.44524447308542225
1352,2025-01-18,West Ham,Crystal Palace,A,1502.095756192053,1517.9275520214621,0.6188125452288247
1353,2025-01-18,Arsenal,Aston Villa,D,1736.540579101787,1591.5240947372097,0.8038334828631931
1354,2025-01-19,Everton,Tottenham,H,1454.86476012019,1524.1410540902077,0.5441000750349422
1355,2025-01-19,Man United,Brighton,A,1543.9596500427106,1547.9135945214703,0.6348047986788815
1356,2025-01-19,Nott'm Forest,Southampton,H,1548.6077184787266,1305.4725592320635,0.8781733369007781
1357,2025-01-19,Ipswich,Man City,A,1450.9789623809534,1707.9915768410124,0.2882625772751881
1358,2025-01-20,Chelsea,Wolves,H,1603.3839435773555,1427.0483087608993,0.830716784954862
1359,2025-01-25,Wolves,Arsenal,A,1423.6626444599965,1730.463909444523,0.23317957637631742
1360,2025-01-25,Man City,Chelsea,H,1713.7568283865162,1606.7696078782583,0.7670117720503343
1361,2025-01-25,Southampton,Newcastle,A,1303.036025970079,1601.8153440414294,0.24153802776847308
1362,2025-01-25,Liverpool,Ipswich,H,1740.9922439997183,1445.2137108354495,0.9070625206086402
1363,2025-01-25,Bournemouth,Nott'm Forest,H,1557.7680012233136,1551.0442517407112,0.6489327492580674
1364,2025-01-25,Brighton,Everton,A,1560.609690495048,1463.9827586194913,0.7561848693378678
1365,2025-01-26,Crystal Palace,Brentford,A,1530.3038029260385,1486.9930255432964,0.6952888621030245
1366,2025-01-26,Tottenham,Leicester,A,1515.0230555909066,1378.2867010152286,0.7962085533322435
1367,2025-01-26,Aston Villa,West Ham,D,1597.6007643944736,1489.7195052874765,0.7679302117115065
1368,2025-01-26,Fulham,Man United,A,1534.2977201518304,1531.2635540691329,0.6440789413035458
1369,2025-02-01,Nott'm Forest,Brighton,H,1544.0229067258724,1545.4859931082906,0.6381223976082794
1370,2025-02-01,Bournemouth,Liverpool,A,1564.7893462381523,1742.8509935875454,0.3895131889553851
1371,2025-02-01,Everton,Leicester,H,1479.1064560062487,1394.2108720818735,0.7435199164335135
1372,2025-02-01,Ipswich,Southampton,A,1443.3549612476224,1298.2052654147096,0.8039543719485509
1373,2025-02-01,Newcastle,Fulham,A,1606.6461045967988,1521.4161413257596,0.7438868080081735
1374,2025-02-01,Wolves,Aston Villa,H,1418.9990529324702,1592.2421601602434,0.3961288722648745
1375,2025-02-02,Arsenal,Man City,H,1735.1275009720493,1718.4165929455096,0.6619154893662951
1376,2025-02-02,Man United,Crystal Palace,A,1544.1451328952037,1516.398025683978,0.6759828943395153
1377,2025-02-02,Brentford,Tottenham,A,1500.898802785357,1499.0988845242616,0.642448542594457
1378,2025-02-03,Chelsea,West Ham,H,1602.1098433192649,1495.0781095217067,0.7670575600506807
1379,2025-02-12,Everton,Liverpool,D,1484.2360576775784,1750.641257366653,0.27729777855240073
1380,2025-02-14,Brighton,Chelsea,H,1538.2484410604561,1606.7686921182512,0.5451794352821129
1381,2025-02-15,Leicester,Arsenal,A,1389.0812704105438,1741.8891911847234,0.18919039461257006
1382,2025-02-15,Aston Villa,Ipswich,D,1580.164737605541,1427.2758738086513,0.8108810698588687
1383,2025-02-15,Fulham,Nott'm Forest,H,1536.293877485923,1551.260458773707,0.6199866839187805
1384,2025-02-15,Man City,Newcastle,H,1711.6549027328356,1591.7683684366352,0.780017548466661
1385,2025-02-15,Southampton,Bournemouth,A,1314.2843528536807,1556.9990824590448,0.30543855087731864
1386,2025-02-15,West Ham,Brentford,A,1490.4192607227203,1488.0498319334679,0.6432012586832915
1387,2025-02-15,Crystal Palace,Everton,A,1529.9176835707683,1488.6901021065303,0.6927423106627023
1388,2025-02-16,Liverpool,Wolves,H,1746.1872129377011,1431.0764754871727,0.9160284590645337
1389,2025-02-16,Tottenham,Man United,H,1511.9478553761508,1530.6254750084133,0.6149408799384082
1390,2025-02-19,Aston Villa,Liverpool,D,1573.9471162083635,1747.8666437564104,0.395197813823521
1391,2025-02-21,Leicester,Brentford,A,1385.2974625182924,1500.9138571071337,0.47754132391642407
1392,2025-02-22,Everton,Man United,D,1502.5449483197842,1522.9242926071815,0.6126187230365513
1393,2025-02-22,Arsenal,West Ham,A,1745.6729990769747,1477.5552355490545,0.8927415890871524
1394,2025-02-22,Bournemouth,Wolves,A,1563.1078534765911,1429.3970446684634,0.7933679704796163
1395,2025-02-22,Fulham,Crystal Palace,A,1543.8941438075474,1516.0628373575144,0.6760890468956394
1396,2025-02-22,Ipswich,Tottenham,A,1433.4934952058288,1519.6490377773825,0.5199132373306637
1397,2025-02-22,Southampton,Brighton,A,1308.1755818361344,1547.3448523548138,0.30978540957644257
1398,2025-02-22,Aston Villa,Chelsea,H,1576.0431599318931,1597.6722808238935,0.6109100179249946
1399,2025-02-23,Newcastle,Nott'm Forest,H,1587.3687194059685,1543.6601924520826,0.6957737313977457
1400,2025-02-23,Man City,Liverpool,A,1716.0545517635023,1745.7706000328808,0.5997892232770177
1401,2025-02-25,Brighton,Bournemouth,H,1553.5405605463427,1547.2404940669987,0.6483769162758967
1402,2025-02-25,Crystal Palace,Aston Villa,H,1529.5846182954272,1583.8249595733932,0.5654752861623111
1403,2025-02-25,Wolves,Fulham,A,1445.2644040780558,1530.3723628696346,0.5214182550201606
1404,2025-02-25,Chelsea,Southampton,H,1589.8904811823934,1301.9798736446055,0.9031734126094837
1405,2025-02-26,Liverpool,Newcastle,H,1757.766384498421,1593.4532447780136,0.820760542572641
1406,2025-02-26,Tottenham,Man City,A,1530.0473025239958,1704.058767297962,0.3950713253705225
1407,2025-02-26,Man United,Ipswich,H,1525.1766670679126,1423.0952304592156,0.7619271555497457
1408,2025-02-26,Brentford,Everton,D,1510.4646835854621,1500.2925738590532,0.6534415607513941
1409,2025-02-26,Nott'm Forest,Arsenal,D,1537.5756670800374,1727.8181672952317,0.3729743988750565
1410,2025-02-27,West Ham,Leicester,H,1495.4100673307976,1375.746636039964,0.7797970986818651
1411,2025-03-08,Nott'm Forest,Man City,H,1540.1161791025363,1711.9601938053725,0.39805703645419327
1412,2025-03-08,Brighton,Fulham,H,1560.5730222208247,1540.8007279700378,0.665847846756904
1413,2025-03-08,Crystal Palace,Ipswich,H,1538.275112572181,1418.3337735702105,0.7800716771659616
1414,2025-03-08,Liverpool,Southampton,H,1761.3511736469682,1300.0433418967953,0.9619897382769129
1415,2025-03-08,Brentford,Aston Villa,A,1507.3958523704343,1575.1344652966395,0.546294890104377
1416,2025-03-08,Wolves,Everton,D,1434.8360389776526,1503.361405074081,0.5451721342417089
1417,2025-03-09,Man United,Arsenal,D,1529.9381239569177,1725.2776552727328,0.3661385789634986
1418,2025-03-09,Chelsea,Leicester,H,1591.8270129302036,1371.3425780136013,0.8635220896196353
1419,2025-03-09,Tottenham,Bournemouth,D,1522.1458760165854,1540.2080323925168,0.6157794538242819
1420,2025-03-10,West Ham,Newcastle,A,1499.8141253571603,1589.8684556294666,0.5143090610046641
1421,2025-03-15,Bournemouth,Brentford,A,1542.5236214690024,1496.4699545683468,0.6986236755176478
1422,2025-03-15,Southampton,Wolves,A,1299.2831366623336,1433.9325962928185,0.45030008032233204
1423,2025-03-15,Ipswich,Nott'm Forest,A,1413.9352071135297,1552.1550383734525,0.4452180394333346
1424,2025-03-15,Man City,Brighton,D,1699.9213345344563,1567.2560652856866,0.7923795661124673
1425,2025-03-15,Everton,West Ham,D,1504.264847758915,1489.527944137067,0.6593679157542333
1426,2025-03-16,Arsenal,Chelsea,H,1722.6004268520028,1594.556571137811,0.7879689495780267
1427,2025-03-16,Fulham,Tottenham,H,1534.1176849051758,1519.8302869400998,0.6587865049363238
1428,2025-03-16,Leicester,Man United,A,1368.6130198059939,1532.6153523776477,0.40892115822537706
1429,2025-04-01,Arsenal,Fulham,H,1726.8410478604424,1540.9419548064493,0.8383181916695931
1430,2025-04-01,Wolves,West Ham,H,1442.9385978992652,1492.7153024521515,0.5717778719650332
1431,2025-04-01,Nott'm Forest,Man United,H,1561.0593991621192,1540.7937755421553,0.6664793958914498
1432,2025-04-02,Southampton,Crystal Palace,D,1290.277135055887,1542.6736790288617,0.29374485314086723
1433,2025-04-02,Newcastle,Brentford,H,1600.15463684956,1510.4424280786998,0.7487715526184704
1434,2025-04-02,Liverpool,Everton,H,1762.1113788814298,1501.0774894438305,0.8887739320052517
1435,2025-04-02,Brighton,Aston Villa,A,1573.103656607936,1586.060363098727,0.6227087493692443
1436,2025-04-02,Bournemouth,Ipswich,A,1528.5511479586494,1405.030846324863,0.7835857806571684
1437,2025-04-02,Man City,Leicester,H,1694.0737432122069,1360.4345966414862,0.9238769362677917
1438,2025-04-03,Chelsea,Tottenham,H,1590.3159501293715,1513.0060170388263,0.7351046488774466
1439,2025-04-05,Everton,Arsenal,D,1498.8529680839356,1730.0746840270506,0.3196516978002578
1440,2025-04-05,Crystal Palace,Brighton,H,1538.548576091679,1560.6494816205511,0.6102642784226073
1441,2025-04-05,Ipswich,Wolves,A,1420.7025619380063,1451.5030404599645,0.5982898354917233
1442,2025-04-05,West Ham,Bournemouth,D,1484.1508598914522,1512.879432345506,0.6011529336849372
1443,2025-04-05,Aston Villa,Nott'm Forest,H,1598.514538086112,1567.7298112442902,0.6798009946172018
1444,2025-04-06,Brentford,Chelsea,D,1505.4178591310692,1595.6138571518225,0.5141053493342788
1445,2025-04-06,Fulham,Liverpool,H,1537.708318639841,1764.3359002413247,0.3254302440440835
1446,2025-04-06,Tottenham,Southampton,H,1507.7081100163753,1294.4022379930695,0.8585785308752025
1447,2025-04-06,Man United,Man City,D,1534.1233634599844,1695.596204486851,0.41244521244826504
1448,2025-04-07,Leicester,Newcastle,A,1358.912135366842,1605.1792057971904,0.30111773925064317
1449,2025-04-12,Southampton,Aston Villa,A,1291.5738086105737,1604.918518193768,0.22651223870795142
1450,2025-04-12,Nott'm Forest,Everton,A,1561.3258311366342,1502.4599341279304,0.7139212655267159
1451,2025-04-12,Arsenal,Brentford,D,1726.4677179830558,1505.1357521443836,0.8640960430389556
1452,2025-04-12,Man City,Crystal Palace,H,1693.8451087358164,1546.3432905232269,0.8060796408627974
1453,2025-04-12,Brighton,Leicester,D,1552.8547671890033,1352.8897805818292,0.8489946049168838
1454,2025-04-13,Chelsea,Ipswich,D,1595.8959641385081,1408.7367652281719,0.8392989599010492
1455,2025-04-13,Liverpool,West Ham,H,1750.8445051222063,1482.1278012177536,0.8930712810122504
1456,2025-04-13,Wolves,Tottenham,H,1463.468837169799,1510.5365393988711,0.5755917507772899
1457,2025-04-13,Newcastle,Man United,H,1611.2015605822032,1535.874459211019,0.7328760734782384
1458,2025-04-14,Bournemouth,Fulham,H,1514.9024910192047,1551.1997137589594,0.5906619859988242
1459,2025-04-16,Newcastle,Crystal Palace,H,1616.5440391126385,1542.4648833404829,0.7314673687779701
1460,2025-04-19,Brentford,Brighton,H,1512.4176730051627,1545.8748750906657,0.5946087886264227
1461,2025-04-19,Crystal Palace,Bournemouth,D,1537.0942307160421,1523.0892512992282,0.6584209675211239
1462,2025-04-19,Everton,Man City,A,1516.7383594384646,1697.7235159185605,0.38551888048448313
1463,2025-04-19,West Ham,Southampton,D,1479.9892268379986,1287.0435638364147,0.8437410136069337
1464,2025-04-19,Aston Villa,Newcastle,H,1609.448762967927,1621.9146917370792,0.6233722653998334
1465,2025-04-20,Leicester,Liverpool,A,1359.8696726801668,1752.9830795019614,0.156131720441487
1466,2025-04-20,Man United,Wolves,A,1530.5319806805837,1471.9570021542531,0.7135791140525088
1467,2025-04-20,Fulham,Chelsea,A,1543.012953478936,1589.109984940487,0.5769561501102215
1468,2025-04-20,Ipswich,Arsenal,A,1415.522744426193,1719.1857971222767,0.23642527908421862
1469,2025-04-21,Tottenham,Nott'm Forest,A,1502.048374414417,1547.0474058260997,0.5784981118991249
1470,2025-04-22,Man City,Aston Villa,H,1705.43389352825,1616.9813176599303,0.7474050827883619
1471,2025-04-23,Arsenal,Crystal Palace,D,1723.914302703961,1533.9258113656197,0.8414835302111215
1472,2025-04-26,Chelsea,Everton,H,1600.6491079426914,1509.027981828775,0.7508329941549625
1473,2025-04-26,Brighton,West Ham,H,1537.767050863194,1473.1144065658598,0.7206759091427197
1474,2025-04-26,Newcastle,Ipswich,H,1614.382137045076,1410.7942388445085,0.8516488786399682
1475,2025-04-26,Southampton,Fulham,A,1293.9183841085535,1531.4738304767316,0.3117752671150497
1476,2025-04-26,Wolves,Leicester,H,1486.2285844353032,1356.747038271337,0.7893483596325218
1477,2025-04-27,Bournemouth,Man United,D,1526.2576706496507,1516.2603983995336,0.6532136102794555
1478,2025-04-27,Liverpool,Tottenham,H,1756.105713910791,1490.4784121764344,0.8913610859245168
1479,2025-05-01,Nott'm Forest,Brentford,A,1558.6173680640823,1520.5254972326343,0.6888869242543924
1480,2025-05-02,Man City,Wolves,H,1710.4857918724829,1490.4416172426527,0.8632231378778153
1481,2025-05-03,Arsenal,Bournemouth,A,1717.0846320997387,1523.1933984440616,0.8444573070181599
1482,2025-05-03,Leicester,Southampton,H,1352.5340054639876,1287.6828787662525,0.7209058502219153
1483,2025-05-03,Aston Villa,Fulham,H,1611.9294193156975,1537.7093358190325,0.7316266859520749
1484,2025-05-03,Everton,Ipswich,D,1504.0446417118742,1407.827216417308,0.7557499914046013
1485,2025-05-04,Brentford,Man United,H,1534.3032357177221,1519.3246706051227,0.6596802935588353
1486,2025-05-04,Brighton,Newcastle,D,1543.3535326803396,1617.3491594722766,0.537353575599374
1487,2025-05-04,West Ham,Tottenham,D,1467.5279247487142,1488.3056338949248,0.6120743738318356
1488,2025-05-04,Chelsea,Liverpool,H,1605.6324480595922,1758.2784921923007,0.4248108356151301
1489,2025-05-05,Crystal Palace,Nott'm Forest,D,1540.755481969842,1544.8396295789944,0.6346310240985271
1490,2025-05-10,Fulham,Everton,A,1532.341869538074,1498.929641883782,0.6830843100546228
1491,2025-05-10,Ipswich,Brentford,A,1412.9422162454,1541.1096298465454,0.459552411462566
1492,2025-05-10,Southampton,Man City,D,1282.1009957706908,1713.2213291149267,0.1294216751597154
1493,2025-05-10,Wolves,Brighton,A,1487.7060800002089,1542.606461168352,0.5645414697048794
1494,2025-05-10,Bournemouth,Aston Villa,A,1540.0825445844248,1617.296885596656,0.5327442677332678
1495,2025-05-11,Liverpool,Arsenal,D,1746.7747089046034,1700.1954859593754,0.6992602745024458
1496,2025-05-11,Tottenham,Crystal Palace,A,1490.5471213715614,1538.0628614878715,0.5749615872648152
1497,2025-05-11,Newcastle,Chelsea,H,1618.0962309842641,1617.1362313472896,0.6413371482591177
1498,2025-05-11,Man United,West Ham,A,1512.5182764762994,1465.2864372720776,0.7000497120017529
1499,2025-05-11,Nott'm Forest,Leicester,D,1547.532250060965,1358.1158884595493,0.841043726849293
1500,2025-05-16,Aston Villa,Tottenham,H,1627.9517709513214,1479.047889626265,0.8073381336585519
1501,2025-05-16,Chelsea,Man United,H,1609.962974312472,1498.5172822362645,0.771566768272661
1502,2025-05-18,Arsenal,Newcastle,H,1704.1806914494243,1625.2694880190818,0.736895669750578
1503,2025-05-18,Everton,Southampton,H,1512.5913280848745,1289.5125622674966,0.865272570974766
1504,2025-05-18,West Ham,Nott'm Forest,A,1479.2874315121126,1540.711375523979,0.5552883981280142
1505,2025-05-18,Brentford,Fulham,A,1550.3006780757967,1518.6801833369816,0.6808473201001088
1506,2025-05-18,Leicester,Ipswich,H,1364.9367629965352,1403.7511680161488,0.5871540249627843
1507,2025-05-19,Brighton,Liverpool,H,1553.8972905624496,1742.7895034145545,0.37479398669997305
1508,2025-05-20,Man City,Bournemouth,H,1705.8097626181209,1529.4276592297595,0.8307543984322984
1509,2025-05-20,Crystal Palace,Wolves,H,1549.5620932331678,1476.4152506061114,0.730411892879265
1510,2025-05-25,Wolves,Brentford,D,1471.0234884636966,1536.6837316737945,0.5492585861199417
1511,2025-05-25,Tottenham,Brighton,A,1475.194652299436,1566.40141082845,0.5126517904761857
1512,2025-05-25,Nott'm Forest,Chelsea,A,1551.8171434865394,1614.5316389470188,0.5534531089695783
1513,2025-05-25,Southampton,Arsenal,A,1286.818013686992,1709.4427780544129,0.13503238449872626
1514,2025-05-25,Newcastle,Everton,A,1620.0074014140932,1515.2858766653792,0.7646729230851376
1515,2025-05-25,Fulham,Man City,A,1532.2971297389838,1709.194674649475,0.3911078389933139
1516,2025-05-25,Liverpool,Crystal Palace,D,1730.285383148554,1554.9538553755826,0.8299023950794643
1517,2025-05-25,Ipswich,West Ham,A,1395.4942485154045,1468.1816635495522,0.5392252008594214
1518,2025-05-25,Bournemouth,Leicester,H,1526.0427471984053,1373.1936824972795,0.8108459338848103
1519,2025-05-25,Man United,Aston Villa,H,1493.9486176017176,1631.8050082781504,0.44573485290008513
1520,2025-08-15,Liverpool,Bournemouth,H,1723.6873352469647,1529.8258285207091,0.8444348289667576
1521,2025-08-16,Tottenham,Burnley,H,1464.9416164899123,1377.515244259122,0.7462882097144854
1522,2025-08-16,Sunderland,West Ham,H,1500.0,1478.9661675667408,0.6674616504710665
1523,2025-08-16,Wolves,Man City,A,1470.0383167412976,1717.0168314293412,0.30025658145486245
1524,2025-08-16,Aston Villa,Newcastle,D,1620.719705336152,1604.7139429523904,0.6610065241290852
1525,2025-08-16,Brighton,Fulham,D,1576.6544466379737,1524.4749729591176,0.7059958484386603
1526,2025-08-17,Chelsea,Crystal Palace,D,1625.6007011264103,1561.551903277172,0.7199756425017242
1527,2025-08-17,Nott'm Forest,Brentford,H,1540.748081307148,1537.6689033961934,0.6441383375389184
1528,2025-08-17,Man United,Arsenal,A,1505.033920543716,1712.1434257443875,0.3505615258897486
1529,2025-08-18,Leeds,Everton,H,1391.4622558493188,1530.579335127082,0.44394265985562215
1530,2025-08-22,West Ham,Chelsea,A,1472.3154005761621,1621.201188276376,0.4301083221316057
1531,2025-08-23,Burnley,Sunderland,H,1372.4410084534118,1506.6507669905786,0.4509266874708344
1532,2025-08-23,Man City,Tottenham,A,1723.0219630584384,1470.0158522956226,0.8841229601912992
1533,2025-08-23,Bournemouth,Wolves,H,1526.7145251000443,1464.0331851122005,0.7183858747352725
1534,2025-08-23,Brentford,Aston Villa,H,1530.5516701469717,1617.4995748535703,0.5187746437987569
1535,2025-08-23,Arsenal,Leeds,H,1719.1546562621825,1402.5834026522064,0.9166729016237282
1536,2025-08-24,Everton,Brighton,H,1519.4581883241945,1572.5345296692005,0.5671209633480343
1537,2025-08-24,Crystal Palace,Nott'm Forest,D,1565.9514161272064,1547.8653145563696,0.6636847375925372
1538,2025-08-24,Fulham,Man United,D,1528.5948899278908,1498.022690025921,0.6795346358794001
1539,2025-08-25,Newcastle,Liverpool,A,1607.934073434972,1726.7986386676296,0.47287835569286446
1540,2025-08-30,Chelsea,Fulham,H,1629.803354719008,1525.004197210303,0.7647533306600233
1541,2025-08-30,Man United,Burnley,H,1501.613382743509,1383.422474703995,0.7783381126084334
1542,2025-08-30,Sunderland,Brentford,H,1495.6693007399954,1540.1761772709965,0.5791887683954968
1543,2025-08-30,Tottenham,Bournemouth,A,1487.6983114994487,1532.3468076053389,0.5789900608075803
1544,2025-08-30,Wolves,Everton,A,1458.400902606906,1528.1157690572338,0.5434737590362304
1545,2025-08-30,Leeds,Newcastle,D,1400.9168606846808,1598.4765063211148,0.36317768665445027
1546,2025-08-31,Brighton,Man City,H,1563.8769489361612,1705.3395038546123,0.4406122482515454
1547,2025-08-31,Nott'm Forest,West Ham,A,1551.1390093082205,1463.71323413353,0.746287558958105
1548,2025-08-31,Liverpool,Arsenal,H,1736.2562057814869,1720.821198229708,0.6602699240039104
1549,2025-08-31,Aston Villa,Crystal Palace,A,1607.8750677295454,1562.6777213753555,0.6975847867874518
1550,2025-09-13,Brentford,Chelsea,D,1531.7599526389065,1634.5082881058074,0.4960449098214557
1551,2025-09-13,West Ham,Tottenham,A,1478.638985312692,1476.1185102832972,0.6434007765152081
1552,2025-09-13,Newcastle,Wolves,H,1595.740060054204,1447.5314274261814,0.8067148567318706
1553,2025-09-13,Fulham,Leeds,H,1520.2992638235035,1403.6533069515917,0.7767999463221777
1554,2025-09-13,Bournemouth,Brighton,H,1543.9266088214904,1575.0647039711303,0.5978226527379416
1555,2025-09-13,Crystal Palace,Sunderland,D,1576.6294171111047,1504.0855253720854,0.7297278974145688
1556,2025-09-13,Arsenal,Nott'm Forest,H,1714.0265967097862,1536.2132581290584,0.831909639010813
1557,2025-09-13,Everton,Aston Villa,D,1538.9852442379583,1593.9233719937963,0.5644880523799132
1558,2025-09-14,Burnley,Liverpool,A,1378.9892369561637,1743.0508073014087,0.17945259757570414
1559,2025-09-14,Man City,Man United,H,1694.1517488196432,1506.0466204913403,0.8400320326728605
1560,2025-09-20,Wolves,Leeds,A,1443.6657245608187,1399.1893058780354,0.6967085859548784
1561,2025-09-20,Man United,Chelsea,H,1502.8472611447976,1634.4291863022365,0.4546747257726808
1562,2025-09-20,West Ham,Crystal Palace,A,1465.770969782388,1572.0348591628133,0.4909865151213641
1563,2025-09-20,Fulham,Brentford,H,1524.7632648970598,1531.8390544424774,0.630628669096646
1564,2025-09-20,Brighton,Tottenham,D,1567.0211570258891,1488.9865258136012,0.7359161889486074
1565,2025-09-20,Liverpool,Everton,H,1746.6398592529229,1537.6954831903602,0.8555024972784404
1566,2025-09-20,Burnley,Nott'm Forest,D,1375.4001850046495,1532.8514509092747,0.4180664022328385
1567,2025-09-21,Bournemouth,Newcastle,D,1551.9701557667315,1599.6057629195666,0.5747929533491051
1568,2025-09-21,Sunderland,Aston Villa,D,1508.6800833203768,1595.2131330413945,0.5193707993285315
1569,2025-09-21,Arsenal,Man City,D,1717.38840392957,1697.351108166186,0.6661871698121843
1570,2025-09-27,Brentford,Man United,H,1524.4516278244103,1513.753766629344,0.6541266031624227
1571,2025-09-27,Chelsea,Brighton,A,1623.5226808176901,1562.302833246917,0.7166807326500938
1572,2025-09-27,Crystal Palace,Liverpool,H,1581.8545894652407,1749.529809307354,0.4038208473985271
1573,2025-09-27,Leeds,Bournemouth,D,1413.123477597133,1550.4742966997494,0.4464539719524416
1574,2025-09-27,Man City,Burnley,H,1700.6748515624297,1377.0388569599927,0.9197270925448825
1575,2025-09-27,Nott'm Forest,Sunderland,A,1531.2127789539315,1508.292667333806,0.6698673228643324
1576,2025-09-27,Tottenham,Wolves,D,1493.7048495925733,1429.7315528417212,0.7198880102246369
1577,2025-09-28,Newcastle,Arsenal,A,1601.1016219865487,1714.064660533326,0.4813533396877788
1578,2025-09-28,Aston Villa,Fulham,H,1595.6005490279651,1532.150691515127,0.7192800066634588
1579,2025-09-29,Everton,West Ham,D,1534.805533135929,1455.9512394799606,0.736832149783672
1580,2025-10-03,Bournemouth,Fulham,H,1549.4033761387982,1526.5362916483962,0.6697998151132954
1581,2025-10-04,Leeds,Tottenham,A,1414.1943981580841,1489.3070893880806,0.5357545842719692
1582,2025-10-04,Arsenal,West Ham,H,1723.6917273270817,1460.687882475634,0.8898900108940254
1583,2025-10-04,Man United,Sunderland,H,1506.8362986925924,1521.6900137910927,0.6201397457364056
1584,2025-10-04,Chelsea,Liverpool,H,1609.1890661646883,1737.6062262553246,0.4591953702125536
1585,2025-10-05,Aston Villa,Burnley,H,1601.214948894696,1375.4333988108904,0.8670760295952133
1586,2025-10-05,Everton,Crystal Palace,H,1530.0688901402555,1593.7781725172701,0.5520374278732938
1587,2025-10-05,Newcastle,Nott'm Forest,H,1591.474555192793,1517.815432496645,0.7309921712984786
1588,2025-10-05,Wolves,Brighton,D,1434.1293130462138,1576.636447899919,0.4391307179898244
1589,2025-10-05,Brentford,Man City,A,1531.3690957611618,1702.280309711532,0.3993443430212788
1590,2025-10-18,Man City,Everton,H,1710.2671965719576,1539.0281415827897,0.8265509280800774
1591,2025-10-18,Sunderland,Wolves,H,1514.0928087058207,1435.3466986864173,0.7367113732065659
1592,2025-10-18,Crystal Palace,Bournemouth,D,1584.818921074736,1556.0073798365322,0.6773235235590797
1593,2025-10-18,Fulham,Arsenal,A,1519.9322879506622,1725.8939271092013,0.35206735829273683
1594,2025-10-18,Brighton,Newcastle,H,1575.4190622597155,1596.8547117668236,0.6111747131137898
1595,2025-10-18,Nott'm Forest,Chelsea,A,1512.4352759226144,1620.005158760437,0.4891077863870423
1596,2025-10-18,Burnley,Leeds,H,1372.7749194027947,1403.4793064726448,0.5984227710845681
1597,2025-10-19,Tottenham,Aston Villa,A,1500.02218107352,1603.8734283027916,0.49445783670381377
1598,2025-10-19,Liverpool,Man United,A,1726.7901336595758,1514.4335037778644,0.857913749607168
1599,2025-10-20,West Ham,Brentford,A,1458.4856826935145,1523.3822089007363,0.550346758594017
1600,2025-10-24,Leeds,West Ham,H,1395.447761894336,1447.4787475216342,0.5685976398499953
1601,2025-10-25,Chelsea,Sunderland,A,1629.787314488178,1519.3585812416895,0.7705333369882478
1602,2025-10-25,Newcastle,Fulham,H,1589.0782060290994,1512.8909407848075,0.73384430418544
1603,2025-10-25,Man United,Brighton,H,1531.5917787700077,1583.1955679974396,0.5692007510264065
1604,2025-10-25,Brentford,Liverpool,H,1534.3891440726165,1709.6318586674324,0.393378715465036
1605,2025-10-26,Everton,Tottenham,A,1535.5591601443912,1490.1330243394436,0.6978625529042509
1606,2025-10-26,Wolves,Burnley,A,1430.0809261505485,1380.8064639811034,0.702512895206338
1607,2025-10-26,Bournemouth,Nott'm Forest,H,1559.553850307714,1502.6531201948735,0.7116052650738727
1608,2025-10-26,Arsenal,Crystal Palace,H,1732.935274275056,1581.2724506035543,0.8097963822789572
1609,2025-10-26,Aston Villa,Man City,H,1613.762585036868,1713.736178010356,0.5000380027659246
1610,2025-11-01,Brighton,Leeds,H,1574.5795830179677,1404.075809097336,0.8259432819832436
1611,2025-11-01,Burnley,Arsenal,A,1394.8567218852302,1736.7393466294768,0.19902674967770448
1612,2025-11-01,Crystal Palace,Brentford,H,1577.4683782491334,1546.521569763316,0.6800040518311756
1613,2025-11-01,Fulham,Wolves,H,1507.5678268685162,1416.0306682464218,0.7507425556426938
1614,2025-11-01,Nott'm Forest,Man United,D,1496.885225496351,1540.2077637494797,0.5808495129375376
1615,2025-11-01,Tottenham,Chelsea,A,1504.0902753975286,1614.376647748413,0.4852010439750095
1616,2025-11-01,Liverpool,Aston Villa,H,1697.499432976733,1623.7618249815494,0.7310810047079436
1617,2025-11-02,West Ham,Newcastle,H,1438.8507003186342,1594.4013199453907,0.4207305655921348
1618,2025-11-02,Man City,Bournemouth,H,1703.7369380656746,1565.3217450062364,0.7977721782909712
1619,2025-11-03,Sunderland,Everton,D,1534.7692479814546,1521.6019090863063,0.6573356938506023
1620,2025-11-08,Chelsea,Wolves,H,1624.0806686279132,1411.0455193592757,0.8583892012848731
1621,2025-11-08,West Ham,Burnley,H,1450.4360890067915,1390.876186891676,0.714736500275676
1622,2025-11-08,Sunderland,Arsenal,D,1531.6225341044426,1740.719881623031,0.3479608085906195
1623,2025-11-08,Tottenham,Man United,D,1494.3862545180284,1541.8247540082305,0.575070243339742
1624,2025-11-08,Everton,Fulham,H,1524.7486229633182,1512.5529757556624,0.6560746752055648
1625,2025-11-09,Aston Villa,Bournemouth,H,1618.3834450757083,1561.2771885720558,0.7118480048852305
1626,2025-11-09,Brentford,Newcastle,H,1540.1216507999395,1582.8159312572334,0.581729750197081
1627,2025-11-09,Crystal Palace,Brighton,D,1583.8682972125098,1578.0607173783028,0.6477303135814891
1628,2025-11-09,Nott'm Forest,Leeds,H,1495.2682352376003,1400.594674737001,0.754105759515995
1629,2025-11-09,Man City,Liverpool,H,1707.7814944998552,1702.877812882574,0.6465421459884673
1630,2025-11-22,Burnley,Chelsea,A,1385.1709168971895,1626.9128846022156,0.3066277896274984
1631,2025-11-22,Bournemouth,West Ham,D,1555.5141486697605,1456.141359001278,0.7590872762731806
1632,2025-11-22,Brighton,Brentford,H,1581.0153236499325,1548.487055795998,0.6819817300506777
1633,2025-11-22,Fulham,Sunderland,H,1505.6744692597736,1534.6633179326302,0.6007936418878526
1634,2025-11-22,Liverpool,Nott'm Forest,A,1695.8086558023433,1500.1861200472804,0.8457618666527167
1635,2025-11-22,Wolves,Crystal Palace,A,1408.2133033849732,1580.91369094088,0.39687644357516366
1636,2025-11-22,Newcastle,Man City,H,1574.450526261175,1714.850651580086,0.44212018036563683
1637,2025-11-23,Arsenal,Tottenham,H,1737.6790977948433,1492.8848496512335,0.8791914099216146
1638,2025-11-23,Leeds,Aston Villa,A,1395.676789927321,1624.1464849780036,0.32310670707706196
1639,2025-11-24,Man United,Everton,A,1543.3261588750254,1531.627129459207,0.6554293347027917
1640,2025-11-29,Brentford,Burnley,H,1542.1266903970115,1379.0383611046395,0.8197209668006161
1641,2025-11-29,Man City,Leeds,H,1703.6930551873986,1389.2146557857798,0.9157480424147391
1642,2025-11-29,Sunderland,Bournemouth,H,1526.6791907703873,1550.332403144297,0.6081368906394092
1643,2025-11-29,Everton,Newcastle,A,1544.735716153263,1585.6081226538622,0.5842793745837368
1644,2025-11-29,Tottenham,Fulham,A,1490.4686778496657,1513.6585964220164,0.6087722543842606
1645,2025-11-30,Crystal Palace,Man United,A,1588.8512198123833,1530.2175721809695,0.7136481349569056
1646,2025-11-30,Aston Villa,Wolves,H,1630.6086191195448,1400.27577451347,0.8700667085667069
1647,2025-11-30,Nott'm Forest,Brighton,A,1517.1013573803348,1587.375689048919,0.5426745993855978
1648,2025-11-30,West Ham,Liverpool,A,1461.3231045267416,1678.893418469289,0.3369783117120495
1649,2025-11-30,Chelsea,Arsenal,D,1633.0454403947656,1740.095269596411,0.4898558723956991
1650,2025-12-02,Bournemouth,Everton,A,1542.4951409570851,1533.0501286615881,0.6524931206406603
1651,2025-12-02,Fulham,Man City,A,1525.8340415097016,1705.3780943391039,0.3874859298631881
1652,2025-12-02,Newcastle,Tottenham,D,1597.293710145537,1478.2932327619806,0.7791410937033542
1653,2025-12-03,Liverpool,Sunderland,D,1685.63298470353,1534.516452957599,0.8093115427391628
1654,2025-12-03,Wolves,Nott'm Forest,A,1397.6771086848041,1506.2478653926228,0.48766819097393965
1655,2025-12-03,Leeds,Chelsea,H,1387.5296166340745,1633.2483229468517,0.30178245728092584
1656,2025-12-03,Brighton,Aston Villa,A,1598.229181036631,1633.2072849482106,0.5924966635570216
1657,2025-12-03,Burnley,Crystal Palace,A,1375.4327804406519,1574.5782571132452,0.36106903459628015
1658,2025-12-03,Arsenal,Brentford,H,1739.892387044325,1545.7322710609992,0.8446605023362933
1659,2025-12-04,Man United,West Ham,D,1544.4905348801076,1454.5835382925006,0.7489824224568439
1660,2025-12-06,Aston Villa,Arsenal,H,1645.057218219351,1742.999176997599,0.5029617247584075
1661,2025-12-06,Bournemouth,Chelsea,D,1529.445278544272,1619.28397209247,0.5146191274928088
1662,2025-12-06,Everton,Nott'm Forest,H,1546.0999910744013,1516.0012292121016,0.6789408582632542
1663,2025-12-06,Man City,Sunderland,H,1713.1278129363677,1540.7026838123822,0.8275275809740097
1664,2025-12-06,Newcastle,Burnley,H,1591.71088827147,1368.2113997487263,0.8655546536206495
1665,2025-12-06,Tottenham,Brentford,H,1483.8760546360477,1542.6254811077251,0.5590869679969629
1666,2025-12-06,Leeds,Liverpool,D,1401.493967488456,1679.4467538487468,0.2641753836348193
1667,2025-12-07,Brighton,West Ham,D,1586.3792477654906,1459.5631867416375,0.7867857090858683
1668,2025-12-07,Fulham,Crystal Palace,A,1518.0843229124378,1581.7996378051707,0.552028840403991
1669,2025-12-08,Wolves,Man United,A,1387.9237448653253,1539.5108864309707,0.42630093668187247
1670,2025-12-13,Chelsea,Everton,H,1619.5763546423264,1552.5211739091362,0.7234514251804194
1671,2025-12-13,Liverpool,Brighton,H,1674.7302615214433,1580.6435335837732,0.7534788237353354
1672,2025-12-13,Burnley,Fulham,A,1365.5224928211394,1507.043746104358,0.44052896790960455
1673,2025-12-13,Arsenal,Wolves,H,1733.0584114927672,1379.3977261316877,0.9315968211934534
1674,2025-12-14,Crystal Palace,Man City,A,1592.8402146132505,1716.5772613168874,0.46589269509156
1675,2025-12-14,Nott'm Forest,Tottenham,H,1509.5800463773667,1492.6943152761085,0.6621406598559767
1676,2025-12-14,Sunderland,Newcastle,H,1537.2532354318625,1594.3997951990568,0.5613602097455506
1677,2025-12-14,West Ham,Aston Villa,A,1465.298900923355,1654.9979837241829,0.3737062551398098
1678,2025-12-14,Brentford,Leeds,D,1533.8072204676644,1406.2104598157596,0.7875386351645101
1679,2025-12-15,Man United,Bournemouth,D,1548.0369051646082,1529.1528959944158,0.664709184727786
1680,2025-12-20,Leeds,Crystal Palace,H,1411.9612325190499,1583.5223607114194,0.3984472843670477
1681,2025-12-20,Everton,Arsenal,A,1546.9902024127446,1734.426475068898,0.37675991837515554
1682,2025-12-20,Tottenham,Liverpool,A,1485.937128473228,1679.6606850467365,0.3683001428228595
1683,2025-12-20,Wolves,Brentford,A,1378.0296625555568,1528.056447764374,0.4284991234285484
1684,2025-12-20,Man City,West Ham,H,1725.8951152187187,1457.8247758205587,0.8927154458864751
1685,2025-12-20,Brighton,Sunderland,D,1575.71311005848,1546.0260312369514,0.6784240616457519
1686,2025-12-20,Bournemouth,Burnley,D,1532.4470796889714,1356.7119134629472,0.8302301434007814
1687,2025-12-20,Newcastle,Chelsea,D,1585.626999393968,1625.107326138718,0.586224494633321
1688,2025-12-21,Aston Villa,Man United,H,1662.4721088269791,1544.7427214700526,0.7778794142356125
1689,2025-12-22,Fulham,Nott'm Forest,H,1515.8543254625502,1516.337233180247,0.6394243261679748
1690,2025-12-26,Man United,Newcastle,H,1540.3003097547648,1583.9025095013014,0.5804575198482291
1691,2025-12-27,West Ham,Fulham,A,1455.679084738288,1523.0658389391906,0.5467968672694182
1692,2025-12-27,Liverpool,Wolves,H,1687.0266879031938,1369.4596800869858,0.9171096902188326
1693,2025-12-27,Burnley,Everton,D,1363.316516330963,1539.4550040452414,0.39214889261451613
1694,2025-12-27,Chelsea,Aston Villa,A,1626.8318160313845,1666.914520542267,0.585383132808039
1695,2025-12-27,Arsenal,Brighton,H,1741.9616734364013,1572.144628825565,0.8253742434478766
1696,2025-12-27,Nott'm Forest,Man City,A,1509.1257197036066,1728.0408063009893,0.33525094572589687
1697,2025-12-27,Brentford,Bournemouth,H,1536.626430232945,1525.8424768209557,0.6542387185905243
1698,2025-12-28,Sunderland,Leeds,D,1549.5945124698665,1423.992286831709,0.7856111965843424
1699,2025-12-28,Crystal Palace,Tottenham,A,1571.4913063987603,1478.5711256167708,0.7522293661686568
1700,2025-12-30,Burnley,Newcastle,A,1365.4735384786727,1575.511659898266,0.34673312489000674
1701,2025-12-30,Chelsea,Bournemouth,D,1615.1241533752236,1518.927251192766,0.7557281829558457
1702,2025-12-30,Nott'm Forest,Everton,A,1502.4207007890886,1537.2979818975316,0.592636786166709
1703,2025-12-30,West Ham,Brighton,D,1444.7431473928998,1568.6521136945225,0.46564644250059695
1704,2025-12-30,Arsenal,Aston Villa,H,1745.4541885674437,1678.6221831984278,0.7231943220402512
1705,2025-12-30,Man United,Wolves,D,1548.6911593578002,1367.8018738913624,0.8343711248689988
1706,2026-01-01,Sunderland,Man City,D,1543.8822885381796,1734.7458252155072,0.3721387199382292
1707,2026-01-01,Crystal Palace,Fulham,D,1556.4467190753871,1534.001776284579,0.6692621457271895
1708,2026-01-01,Liverpool,Leeds,D,1688.6844940988171,1429.7045107633958,0.8875997647689123
1709,2026-01-01,Brentford,Tottenham,D,1543.5416558611346,1493.615712940144,0.7032960534343317
1710,2026-01-03,Wolves,West Ham,H,1374.4892963887423,1445.4302185428878,0.5417221317778134
1711,2026-01-03,Bournemouth,Arsenal,A,1524.041814851883,1750.9903021266387,0.32502484966925194
1712,2026-01-03,Aston Villa,Nott'm Forest,H,1673.0860696392328,1490.5679650657544,0.8356628236625755
1713,2026-01-03,Brighton,Burnley,H,1567.9650425445345,1358.5388759808725,0.8558450025752937
1714,2026-01-04,Leeds,Man United,D,1437.456506058774,1542.0037368604203,0.4934563824645809
1715,2026-01-04,Everton,Brentford,A,1549.1507176208659,1539.475734792448,0.6527932299765223
1716,2026-01-04,Newcastle,Crystal Palace,H,1582.4463223960663,1553.0614761608433,0.678044382714484
1717,2026-01-04,Tottenham,Sunderland,D,1497.6816340088305,1546.439514139415,0.5732132538638005
1718,2026-01-04,Fulham,Liverpool,D,1537.3870191991227,1680.9324988034389,0.4376591054839936
1719,2026-01-04,Man City,Chelsea,D,1732.1885996142719,1610.0095897161068,0.7822735774545296
1720,2026-01-06,West Ham,Nott'm Forest,A,1436.2646611784442,1487.2812215390059,0.5700294589712085
1721,2026-01-07,Newcastle,Leeds,H,1588.8854347417766,1437.5873784094824,0.8094727523415871
1722,2026-01-07,Fulham,Chelsea,H,1538.6338370894427,1615.6550612651974,0.5330209831820881
1723,2026-01-07,Everton,Wolves,D,1536.0948530213354,1383.654853753186,0.8104845071198084
1724,2026-01-07,Burnley,Man United,D,1355.6557760323783,1541.872864509712,0.37840929218747094
1725,2026-01-07,Brentford,Sunderland,H,1552.5315993919785,1547.903779216691,0.6461791664367558
1726,2026-01-07,Crystal Palace,Aston Villa,D,1546.622363815133,1676.3728131659814,0.45728999786109054
1727,2026-01-07,Bournemouth,Tottenham,H,1517.541317858498,1496.2173689315546,0.6678322242019401
1728,2026-01-07,Man City,Brighton,D,1726.5431280651812,1570.8481424930287,0.8133458007705232
1729,2026-01-08,Arsenal,Liverpool,D,1757.4907991200237,1679.6856809131189,0.735659345521975
1730,2026-01-17,Man United,Man City,H,1539.4410503534614,1720.2762120497707,0.38572344436485273
1731,2026-01-17,Chelsea,Brentford,H,1606.3154809288392,1559.6080160632434,0.6994154958561494
1732,2026-01-17,Leeds,Fulham,H,1433.776833456314,1547.973417425801,0.479580836218078
1733,2026-01-17,Sunderland,Crystal Palace,H,1540.827362545426,1547.4765638579113,0.631200492539717
1734,2026-01-17,Tottenham,West Ham,A,1489.5740134155933,1424.86407199902,0.7207422995404064
1735,2026-01-17,Nott'm Forest,Arsenal,D,1498.68181071843,1752.7776122095843,0.2917196526946861
1736,2026-01-17,Liverpool,Burnley,D,1684.3988678235582,1358.0875901886288,0.9208567497830619
1737,2026-01-18,Wolves,Newcastle,D,1389.864543895582,1592.695979694945,0.35618863034155024
1738,2026-01-18,Aston Villa,Everton,A,1675.518613123203,1529.8851628789394,0.8043929041363227
1739,2026-01-19,Brighton,Bournemouth,D,1577.1150585084392,1524.1846733744592,0.7068922710899254
1740,2026-01-24,Man City,Wolves,H,1707.9906809370677,1392.7407712887511,0.916090062442113
1741,2026-01-24,Bournemouth,Liverpool,H,1528.3225187962578,1675.981732827897,0.4318398602689206
1742,2026-01-24,Burnley,Tottenham,D,1366.50472518429,1475.1591674247852,0.487547831787529
1743,2026-01-24,West Ham,Sunderland,H,1439.2789179898282,1548.2033526946316,0.48715952997989964
1744,2026-01-24,Fulham,Brighton,H,1537.5650341501625,1572.9772130866406,0.5918932184975177
1745,2026-01-25,Brentford,Nott'm Forest,A,1553.5963259803664,1502.8474176645361,0.7042836507489977
1746,2026-01-25,Crystal Palace,Chelsea,A,1540.1005737087057,1612.3271710117162,0.5398842204676157
1747,2026-01-25,Newcastle,Aston Villa,A,1589.819752301776,1659.4307550404767,0.5436220970842173
1748,2026-01-25,Arsenal,Man United,A,1748.612005263478,1551.7265814661644,0.84670781674635
1749,2026-01-26,Everton,Leeds,D,1545.9730209616657,1444.1852167319526,0.7616204121906163
1750,2026-01-31,Brighton,Everton,D,1564.815077456591,1540.7406127178533,0.6713351676941544
1751,2026-01-31,Leeds,Arsenal,A,1449.417624975765,1731.6778489285512,0.2593837111476571
1752,2026-01-31,Wolves,Bournemouth,A,1391.0625725375935,1539.6857215908794,0.4304789433682235
1753,2026-01-31,Chelsea,West Ham,H,1623.1248554210686,1449.5357273902302,0.8284818190033706
1754,2026-01-31,Liverpool,Newcastle,H,1664.6185300332754,1578.9473103600915,0.7443704414587653
1755,2026-02-01,Tottenham,Man City,D,1474.9101240605357,1709.6688796882254,0.3152400871602304
1756,2026-02-01,Nott'm Forest,Crystal Palace,D,1516.933090679516,1529.3028892993534,0.6235021762511566
1757,2026-02-01,Man United,Fulham,H,1568.6607378010913,1545.727169780212,0.6698844528185333
1758,2026-02-01,Aston Villa,Brentford,A,1670.3031969821611,1539.5106529653865,0.790600467872033
1759,2026-02-02,Sunderland,Burnley,H,1537.9465432942295,1366.7537685485395,0.8265127309519092
1760,2026-02-06,Leeds,Nott'm Forest,H,1444.2299507528119,1514.4630471544929,0.5427335088296097
1761,2026-02-07,Man United,Tottenham,H,1575.2630487447207,1478.6053223173312,0.7562175505757903
1762,2026-02-07,Arsenal,Sunderland,H,1736.8655231515042,1541.4162886751913,0.845631685798351
1763,2026-02-07,Bournemouth,Aston Villa,D,1548.295300458244,1654.4911876247204,0.49108434671516304
1764,2026-02-07,Burnley,West Ham,A,1363.2840231675777,1446.1053637702976,0.5247019516107869
1765,2026-02-07,Fulham,Everton,A,1539.1248588365827,1544.1673160717364,0.6333509471471478
1766,2026-02-07,Wolves,Chelsea,A,1382.452993670229,1626.5552190410012,0.30374676566468883
1767,2026-02-07,Newcastle,Brentford,A,1573.8347191892667,1555.3226623228272,0.6642318211192404
1768,2026-02-08,Liverpool,Man City,A,1669.7311212041002,1705.97368143143,0.5907380631064765
1769,2026-02-08,Brighton,Crystal Palace,A,1561.388374102708,1531.7729328243765,0.678334088455766
1770,2026-02-10,Tottenham,Newcastle,A,1473.729673328847,1560.5500827668818,0.5189578630083838
1771,2026-02-10,West Ham,Man United,D,1456.5994028025134,1580.138697733205,0.4661759694844419
1772,2026-02-10,Chelsea,Leeds,D,1632.630154354295,1453.3752805762197,0.8330668243554501
1773,2026-02-10,Everton,Bournemouth,A,1556.8343350146795,1548.4736135239407,0.6510765019465862
1774,2026-02-11,Aston Villa,Brighton,H,1654.3128745590236,1547.8216923335926,0.7665011049825713
1775,2026-02-11,Crystal Palace,Burnley,A,1545.339614593492,1352.789984135362,0.8434402114041577
1776,2026-02-11,Man City,Fulham,H,1717.7884426935593,1526.4578398936396,0.842511352133753
1777,2026-02-11,Nott'm Forest,Wolves,D,1505.317717331085,1376.3780583569353,0.7888292131115946
1778,2026-02-11,Sunderland,Liverpool,A,1538.3289223911584,1657.9163599419708,0.4718412382479711
1779,2026-02-12,Brentford,Arsenal,D,1568.6072987452121,1739.9528894355371,0.39874470957533487
1780,2026-02-18,Wolves,Arsenal,D,1382.1546426191671,1737.927783627044,0.1865859077293947
1781,2026-02-21,Aston Villa,Leeds,D,1658.9828524593722,1460.0366170633288,0.8482412324571208
1782,2026-02-21,Brentford,Brighton,A,1570.6324045537053,1543.151714433244,0.6756468948896364
1783,2026-02-21,Chelsea,Burnley,D,1625.9688178671859,1369.6587883634452,0.8860572470266836
1784,2026-02-21,West Ham,Bournemouth,D,1457.2758834128247,1561.4951435628725,0.49392829502271324
1785,2026-02-21,Man City,Newcastle,H,1720.9382156508843,1570.9292400270494,0.8083256778486919
1786,2026-02-22,Tottenham,Arsenal,A,1463.3505160686793,1731.659501781632,0.27510690847624725
1787,2026-02-22,Sunderland,Fulham,A,1528.8920976261988,1523.3080669363146,0.647436629291986
1788,2026-02-22,Crystal Palace,Wolves,H,1528.4708103654086,1388.4229244645792,0.7992842175233041
1789,2026-02-22,Nott'm Forest,Liverpool,A,1499.5411330688532,1667.3531847069303,0.40363123124880085
1790,2026-02-23,Everton,Man United,A,1543.8128049757477,1579.4622171228937,0.5915633029398849
1791,2026-02-27,Wolves,Aston Villa,H,1384.4086088150452,1652.0180278102298,0.27591071810505263
1792,2026-02-28,Bournemouth,Sunderland,D,1561.3737094633268,1515.9433650403591,0.6978676611005262
1793,2026-02-28,Burnley,Brentford,A,1377.3799333039788,1557.1194666559127,0.3872188899567299
1794,2026-02-28,Liverpool,West Ham,H,1675.4258093319063,1457.3973175123704,0.8618473770813003
1795,2026-02-28,Newcastle,Everton,A,1567.0957535840232,1531.98153891695,0.6852014433511083
1796,2026-02-28,Leeds,Man City,A,1467.0014417124712,1724.7717020939106,0.2873685958487034
1797,2026-03-01,Brighton,Nott'm Forest,H,1556.6646523310367,1491.4685084438772,0.7213052750635692
1798,2026-03-01,Fulham,Tottenham,H,1536.2567995221543,1457.8483778991545,0.7363341476961398
1799,2026-03-01,Man United,Crystal Palace,H,1591.2934831816913,1532.4851260149426,0.7138536119088467
1800,2026-03-01,Arsenal,Chelsea,H,1737.1616399511568,1618.2476729266523,0.779055386917937
1801,2026-03-03,Wolves,Liverpool,H,1398.890394452944,1678.1888617902803,0.26267234666049144
1802,2026-03-03,Leeds,Sunderland,A,1461.2540697954971,1519.9007182623698,0.5592328067660431
1803,2026-03-03,Everton,Burnley,H,1545.6855677839721,1369.6355555048442,0.8304854447204739
1804,2026-03-03,Bournemouth,Brentford,D,1557.4163562413162,1564.8638444550472,0.6301301235575251
1805,2026-03-04,Aston Villa,Chelsea,A,1637.536242172331,1613.828780665011,0.6708688570935945
1806,2026-03-04,Brighton,Arsenal,A,1562.2385468297653,1741.580532212798,0.3877620390459245
1807,2026-03-04,Fulham,West Ham,A,1541.5301165682315,1454.6342650539964,0.7457095387217892
1808,2026-03-04,Man City,Nott'm Forest,D,1730.5190740108847,1485.8946139451486,0.8790875602585271
1809,2026-03-04,Newcastle,Man United,H,1553.3917247170011,1597.0164109435143,0.580425996809221
1810,2026-03-05,Tottenham,Crystal Palace,A,1452.5750608530773,1526.7621982531195,0.5370794966214022
1811,2026-03-14,Burnley,Bournemouth,D,1366.2452643992538,1554.8137537701657,0.37523075074205625
1812,2026-03-14,Sunderland,Brighton,A,1531.0853743976907,1554.4833060488468,0.6084870295384143
1813,2026-03-14,Arsenal,Everton,H,1749.3357729937165,1549.0758588895626,0.849212130834049
1814,2026-03-14,Chelsea,Newcastle,A,1627.2461578068828,1561.7832047808167,0.7216139181686555
1815,2026-03-14,West Ham,Man City,D,1469.5484558284322,1722.937322805714,0.29256119009049086
1816,2026-03-15,Liverpool,Tottenham,D,1663.44230872349,1441.8334709206492,0.8642831012421754
1817,2026-03-15,Nott'm Forest,Fulham,D,1493.4763651503192,1526.6159257937957,0.595049468550474
1818,2026-03-15,Man United,Aston Villa,H,1588.6249308796987,1624.1188650304591,0.59177953246553
1819,2026-03-15,Crystal Palace,Leeds,D,1537.5037881855476,1450.0694136601762,0.7462969316432455
1820,2026-03-16,Brentford,Wolves,D,1567.4664469261977,1413.6369475197343,0.8117100378627593
1821,2026-03-20,Bournemouth,Man United,D,1552.318368785007,1596.789340230388,0.579239143041657
1822,2026-03-21,Brighton,Liverpool,H,1566.653046639615,1656.1566466986465,0.5151009397983333
1823,2026-03-21,Fulham,Burnley,H,1528.5169151648051,1368.7406493844126,0.8168862621020965
1824,2026-03-21,Everton,Chelsea,H,1546.0601015062437,1612.8138794435097,0.5476996588816088
1825,2026-03-21,Leeds,Brentford,D,1454.9953522930412,1561.2322461689425,0.4910253522045829
1826,2026-03-22,Newcastle,Sunderland,A,1576.2154831441899,1518.9156338069224,0.7120765391443988
1827,2026-03-22,Aston Villa,West Ham,H,1615.9544556797698,1473.6972320266225,0.801316784326126
1828,2026-03-22,Tottenham,Nott'm Forest,A,1449.1191329454928,1491.5753757793098,0.5820631235256453
1829,2026-04-10,West Ham,Wolves,H,1469.723567713145,1419.8711482769895,0.7032077290442997
1830,2026-04-11,Liverpool,Fulham,H,1646.4586654946131,1532.1791899227633,0.7744291392477334
1831,2026-04-11,Burnley,Brighton,A,1365.0783746264544,1576.3510278436484,0.3451251867073817
1832,2026-04-11,Brentford,Everton,D,1561.0527532130343,1555.1061083286115,0.6479129518617046
1833,2026-04-11,Arsenal,Bournemouth,A,1752.3515303770355,1550.7335859241737,0.8502104319906986
1834,2026-04-12,Crystal Palace,Newcastle,H,1532.5778495526827,1561.9739523613018,0.600231240462031
1835,2026-04-12,Nott'm Forest,Aston Villa,D,1503.2166382498226,1619.9281199932473,0.47596877426157
1836,2026-04-12,Sunderland,Tottenham,H,1533.1571645898105,1437.47787047498,0.7551777221043892
1837,2026-04-12,Chelsea,Man City,A,1603.7678726211418,1718.7885466075238,0.47839697015493754
1838,2026-04-13,Man United,Leeds,A,1598.3741230912212,1455.1748452489494,0.8021787438591176
1839,2026-04-18,Brentford,Fulham,D,1558.0944941758003,1527.6677727077179,0.6793522411495656
1840,2026-04-18,Leeds,Wolves,H,1471.2184201261318,1413.9353028578755,0.7120567913795707
1841,2026-04-18,Newcastle,Bournemouth,A,1553.9785771705424,1567.7377945639876,0.621622789378047
1842,2026-04-18,Tottenham,Brighton,D,1432.5814249170676,1583.253531577796,0.42758966510571234
1843,2026-04-18,Chelsea,Man United,A,1594.199933218043,1582.3305482140388,0.6556507716230746
1844,2026-04-19,Nott'm Forest,Burnley,H,1503.6972627645912,1358.1758708923069,0.8042913872918386
1845,2026-04-19,Man City,Arsenal,H,1728.3564860106226,1735.3473217372216,0.6307425753970836
1846,2026-04-19,Aston Villa,Sunderland,H,1619.4474954784787,1538.0536101477228,0.7396571093655565
1847,2026-04-19,Everton,Liverpool,A,1558.0643673658456,1650.9700827096585,0.5102080776461767
1848,2026-04-20,Crystal Palace,West Ham,D,1540.573224743442,1475.659413132259,0.7209784463384206
1849,2026-04-21,Brighton,Chelsea,H,1581.8053248799101,1581.0869177855816,0.6410171870576394
1850,2026-04-22,Bournemouth,Leeds,D,1580.1702503515485,1476.9772842985403,0.7630858562324815
1851,2026-04-22,Burnley,Man City,A,1354.2616986381436,1735.7416345026809,0.16515953505620062
1852,2026-04-24,Sunderland,Nott'm Forest,A,1532.846752335034,1507.6114350187545,0.6728079102454829
1853,2026-04-25,Fulham,Aston Villa,H,1531.2548175307093,1624.6543532911676,0.5094976890230261
1854,2026-04-25,Liverpool,Crystal Palace,H,1661.174244262582,1536.1536558166738,0.7850467371590556
1855,2026-04-25,West Ham,Everton,H,1480.0789820590273,1547.860205812922,0.5462340932085066
1856,2026-04-25,Wolves,Tottenham,A,1408.176438685467,1434.0296316149534,0.6051148547880097
1857,2026-04-25,Arsenal,Newcastle,H,1727.9621732451633,1541.5461213829815,0.8387211353451114
1858,2026-04-27,Man United,Brentford,H,1595.4435636465003,1554.5074493528089,0.6923850705790238
1859,2026-05-01,Leeds,Burnley,H,1482.2390014231898,1350.9585079370195,0.7910650994096268
1860,2026-05-02,Arsenal,Fulham,H,1731.187750538261,1541.0648637502488,0.8415866983350534
1861,2026-05-02,Newcastle,Brighton,H,1538.3205440898837,1588.9849811387573,0.5705261938838322
1862,2026-05-02,Brentford,West Ham,H,1548.3551507643892,1489.1543001948571,0.7143149034745561
1863,2026-05-02,Wolves,Sunderland,D,1396.0741415897069,1519.3905941301243,0.46649521168271624
1864,2026-05-03,Bournemouth,Crystal Palace,H,1574.908533226899,1531.8545905598548,0.6949755419312181
1865,2026-05-03,Man United,Liverpool,H,1601.5958622349199,1665.473309519401,0.5517980284129148
1866,2026-05-03,Aston Villa,Tottenham,A,1614.844307071628,1446.1319287107135,0.8244558177328803
1867,2026-05-04,Chelsea,Nott'm Forest,A,1573.9072615267344,1521.067593223664,0.7067840601958146
1868,2026-05-04,Everton,Man City,D,1538.7848876770922,1739.044825203805,0.3595903474478706
1869,2026-05-09,Sunderland,Man United,D,1518.7204983637787,1610.5599016666615,0.5117418834760246
1870,2026-05-09,Liverpool,Chelsea,D,1656.5092700876594,1559.7715803228182,0.7563023991548229
1871,2026-05-09,Brighton,Wolves,H,1580.395505016434,1396.7442373560525,0.8365566715539391
1872,2026-05-09,Fulham,Bournemouth,A,1537.8965977169498,1581.0090223882746,0.5811439557168413
1873,2026-05-09,Man City,Brentford,H,1736.2366321527625,1554.0688526948982,0.8353856909427267
1874,2026-05-10,West Ham,Arsenal,A,1483.4405982643482,1734.35601657156,0.2955167615041658
1875,2026-05-10,Nott'm Forest,Newcastle,D,1535.2032744275803,1546.910020212207,0.624397745304024
1876,2026-05-10,Crystal Palace,Everton,D,1525.7541013984792,1541.5930807281347,0.618802791028944
1877,2026-05-10,Burnley,Aston Villa,D,1346.779809925212,1598.3551907169704,0.29472646518271556
1878,2026-05-11,Tottenham,Leeds,D,1462.6210450653712,1486.4176994349973,0.6079400990645372
1879,2026-05-13,Man City,Crystal Palace,H,1739.528918333908,1523.3780455779004,0.8605554134251624
1880,2026-05-15,Aston Villa,Liverpool,H,1594.2497200206246,1651.383222104563,0.5613787181710307
1881,2026-05-17,Wolves,Fulham,D,1393.4753707871314,1526.273718602613,0.4529390961668814
1882,2026-05-17,Leeds,Brighton,H,1488.576501416288,1583.6643715853552,0.5070686520991999
1883,2026-05-17,Newcastle,West Ham,H,1549.3979751182874,1477.5302630342649,0.7289595317758965
1884,2026-05-17,Brentford,Crystal Palace,D,1550.7765665137526,1520.5891538464036,0.6790520866660431
1885,2026-05-17,Man United,Nott'm Forest,H,1610.794739336182,1532.7153195214999,0.7359662923172519
1886,2026-05-17,Everton,Sunderland,A,1543.9691365487135,1518.4856606942583,0.6731223022798567
1887,2026-05-18,Arsenal,Burnley,H,1740.2663518016434,1350.8852806215577,0.9435931188732192
1888,2026-05-19,Chelsea,Tottenham,H,1564.8976283059146,1460.4622430840805,0.7643763918537184
1889,2026-05-19,Bournemouth,Man City,D,1592.6319015026115,1742.3178100654047,0.4289797199039899
1890,2026-05-24,Nott'm Forest,Bournemouth,D,1527.434645367845,1594.0523071045318,0.5478937558032362
1891,2026-05-24,Man City,Aston Villa,A,1740.8974044634845,1603.022145657204,0.7972702771912794
1892,2026-05-24,Sunderland,Chelsea,H,1531.9481067398553,1569.6101004688403,0.5887611537737958
1893,2026-05-24,Liverpool,Brentford,D,1642.6107964679836,1547.1955247804317,0.7548966194144201
1894,2026-05-24,Tottenham,Everton,H,1455.7497709211548,1530.5066905031165,0.5362639252300742
1895,2026-05-24,Crystal Palace,Arsenal,A,1524.1701955797246,1741.394489424179,0.33742348347412704
1896,2026-05-24,Burnley,Wolves,D,1349.757142999022,1394.4165888637938,0.578974696044331
1897,2026-05-24,Brighton,Man United,A,1573.8057446273392,1616.0754134898368,0.5823243692637192
1898,2026-05-24,Fulham,Newcastle,H,1525.3325005259505,1554.8187844827694,0.6001066681587868
1899,2026-05-24,West Ham,Leeds,H,1472.1094536697829,1498.435128374304,0.6044647650929582
