match_id,Date,season,HomeTeam,AwayTeam,FTHG,FTAG,FTR,PSCH,PSCD,PSCA,AvgCH,AvgCD,AvgCA,market_odds_source,market_home_odds,market_draw_odds,market_away_odds,market_raw_home_prob,market_raw_draw_prob,market_raw_away_prob,market_raw_prob_sum,market_overround,market_home_prob,market_draw_prob,market_away_prob,home_goals_for_lag_1,home_goals_for_lag_2,home_goals_against_lag_1,home_goals_against_lag_2,home_shots_for_lag_1,home_shots_for_lag_2,home_shots_against_lag_1,home_shots_against_lag_2,home_sot_for_lag_1,home_sot_for_lag_2,home_sot_against_lag_1,home_sot_against_lag_2,home_has_lag_1_history,home_has_lag_2_history,away_goals_for_lag_1,away_goals_for_lag_2,away_goals_against_lag_1,away_goals_against_lag_2,away_shots_for_lag_1,away_shots_for_lag_2,away_shots_against_lag_1,away_shots_against_lag_2,away_sot_for_lag_1,away_sot_for_lag_2,away_sot_against_lag_1,away_sot_against_lag_2,away_has_lag_1_history,away_has_lag_2_history
0,2021-08-13,2021_22,Brentford,Arsenal,2,0,H,3.94,3.33,2.13,3.89,3.28,2.1,Pinnacle,3.94,3.33,2.13,0.25380710659898476,0.3003003003003003,0.4694835680751174,1.0235909749744025,0.023590974974402545,0.24795754632882713,0.2933791989596333,0.4586632547115394,,,,,,,,,,,,,0,0,,,,,,,,,,,,,0,0
1,2021-08-14,2021_22,Man United,Leeds,5,1,H,1.67,4.2,5.4,1.64,4.19,5.22,Pinnacle,1.67,4.2,5.4,0.5988023952095809,0.23809523809523808,0.18518518518518517,1.0220828184900042,0.022082818490004152,0.5858648481091135,0.23295102293862366,0.18118412895226285,,,,,,,,,,,,,0,0,,,,,,,,,,,,,0,0
2,2021-08-14,2021_22,Burnley,Brighton,1,2,A,3.27,3.14,2.51,3.19,3.1,2.48,Pinnacle,3.27,3.14,2.51,0.3058103975535168,0.3184713375796178,0.39840637450199207,1.0226881096351268,0.022688109635126796,0.2990260614867454,0.3114061213572157,0.38956781715603883,,,,,,,,,,,,,0,0,,,,,,,,,,,,,0,0
3,2021-08-14,2021_22,Chelsea,Crystal Palace,3,0,H,1.34,5.4,11.0,1.33,5.17,10.58,Pinnacle,1.34,5.4,11.0,0.7462686567164178,0.18518518518518517,0.09090909090909091,1.0223629328106938,0.022362932810693792,0.7299449469130949,0.1811344868265828,0.08892056626032248,,,,,,,,,,,,,0,0,,,,,,,,,,,,,0,0
4,2021-08-14,2021_22,Everton,Southampton,3,1,H,2.05,3.45,4.07,2.04,3.39,3.95,Pinnacle,2.05,3.45,4.07,0.48780487804878053,0.2898550724637681,0.24570024570024568,1.0233601962127943,0.023360196212794282,0.4766697784944412,0.2832385640329288,0.24009165747263003,,,,,,,,,,,,,0,0,,,,,,,,,,,,,0,0
5,2021-08-14,2021_22,Leicester,Wolves,1,0,H,1.76,3.77,5.22,1.74,3.72,5.06,Pinnacle,1.76,3.77,5.22,0.5681818181818182,0.26525198938992045,0.19157088122605365,1.0250046887977924,0.025004688797792385,0.5543211893481457,0.25878124489462506,0.18689756575722918,,,,,,,,,,,,,0,0,,,,,,,,,,,,,0,0
6,2021-08-14,2021_22,Watford,Aston Villa,3,2,H,3.68,3.35,2.21,3.49,3.3,2.22,Pinnacle,3.68,3.35,2.21,0.2717391304347826,0.29850746268656714,0.45248868778280543,1.0227352809041552,0.02273528090415522,0.2656984026155331,0.2918716780970632,0.4424299192874036,,,,,,,,,,,,,0,0,,,,,,,,,,,,,0,0
7,2021-08-14,2021_22,Norwich,Liverpool,0,3,A,7.0,4.9,1.48,6.8,4.85,1.46,Pinnacle,7.0,4.9,1.48,0.14285714285714285,0.2040816326530612,0.6756756756756757,1.0226144511858797,0.02261445118587968,0.13969795037756202,0.1995685005393743,0.6607335490830637,,,,,,,,,,,,,0,0,,,,,,,,,,,,,0,0
8,2021-08-15,2021_22,Newcastle,West Ham,2,4,A,3.46,3.55,2.21,3.36,3.5,2.19,Pinnacle,3.46,3.55,2.21,0.28901734104046245,0.28169014084507044,0.45248868778280543,1.0231961696683383,0.023196169668338262,0.2824652296481381,0.27530413931903036,0.44223063103283156,,,,,,,,,,,,,0,0,,,,,,,,,,,,,0,0
9,2021-08-15,2021_22,Tottenham,Man City,1,0,H,5.97,4.25,1.61,5.88,4.12,1.6,Pinnacle,5.97,4.25,1.61,0.16750418760469013,0.23529411764705882,0.6211180124223602,1.023916317674109,0.023916317674109067,0.16359167708664565,0.22979819110759397,0.6066101318057605,,,,,,,,,,,,,0,0,,,,,,,,,,,,,0,0
10,2021-08-21,2021_22,Brighton,Watford,2,0,H,1.78,3.55,5.6,1.74,3.58,5.41,Pinnacle,1.78,3.55,5.6,0.5617977528089888,0.28169014084507044,0.17857142857142858,1.022059322225488,0.0220593222254879,0.5496723532502005,0.27561036303812864,0.17471728371167083,2,,1,,14,,14,,8,,3,,1,0,3,,2,,13,,11,,7,,2,,1,0
11,2021-08-21,2021_22,Man City,Norwich,5,0,H,1.13,10.0,26.0,1.12,9.88,23.15,Pinnacle,1.13,10.0,26.0,0.8849557522123894,0.1,0.038461538461538464,1.0234172906739278,0.023417290673927837,0.8647066648929095,0.09771185313289876,0.03758148197419183,0,,1,,18,,13,,4,,3,,1,0,0,,3,,14,,19,,3,,8,,1,0
12,2021-08-21,2021_22,Leeds,Everton,2,2,D,2.15,3.52,3.65,2.13,3.49,3.53,Pinnacle,2.15,3.52,3.65,0.46511627906976744,0.2840909090909091,0.273972602739726,1.0231797909004026,0.023179790900402564,0.4545792276257364,0.2776549259645833,0.2677658464096803,1,,5,,10,,16,,3,,8,,1,0,3,,1,,14,,6,,6,,3,,1,0
13,2021-08-21,2021_22,Aston Villa,Newcastle,2,0,H,1.87,3.83,4.39,1.84,3.88,4.21,Pinnacle,1.87,3.83,4.39,0.53475935828877,0.2610966057441253,0.22779043280182235,1.0236463968347176,0.023646396834717587,0.522406330879817,0.2550652320483702,0.22252843707181277,2,,3,,11,,13,,2,,7,,1,0,2,,4,,17,,8,,3,,9,,1,0
14,2021-08-21,2021_22,Liverpool,Burnley,2,0,H,1.25,6.75,13.5,1.24,6.57,12.29,Pinnacle,1.25,6.75,13.5,0.8,0.14814814814814814,0.07407407407407407,1.0222222222222221,0.022222222222222143,0.7826086956521741,0.14492753623188406,0.07246376811594203,3,,0,,19,,14,,8,,3,,1,0,1,,2,,14,,14,,3,,8,,1,0
15,2021-08-21,2021_22,Crystal Palace,Brentford,0,0,D,2.68,3.2,2.97,2.65,3.16,2.9,Pinnacle,2.68,3.2,2.97,0.3731343283582089,0.3125,0.33670033670033667,1.0223346650585456,0.022334665058545644,0.3649825650163597,0.30567289820120125,0.329344536782439,0,,3,,4,,13,,1,,6,,1,0,2,,0,,8,,22,,3,,4,,1,0
16,2021-08-22,2021_22,Southampton,Man United,1,1,D,5.7,4.45,1.61,5.39,4.28,1.62,Pinnacle,5.7,4.45,1.61,0.17543859649122806,0.2247191011235955,0.6211180124223602,1.0212757100371839,0.02127571003718387,0.1717837747113759,0.2200376440123242,0.6081785812762998,1,,3,,6,,14,,3,,6,,1,0,5,,1,,16,,10,,8,,3,,1,0
17,2021-08-22,2021_22,Wolves,Tottenham,0,1,A,2.95,3.09,2.79,2.93,3.06,2.7,Pinnacle,2.95,3.09,2.79,0.3389830508474576,0.3236245954692557,0.35842293906810035,1.0210305853848136,0.021030585384813616,0.3320008780341278,0.31695876705523535,0.35104035491063695,0,,1,,17,,9,,3,,5,,1,0,1,,0,,13,,18,,3,,4,,1,0
18,2021-08-22,2021_22,Arsenal,Chelsea,0,2,A,4.5,3.56,1.93,4.51,3.54,1.88,Pinnacle,4.5,3.56,1.93,0.2222222222222222,0.2808988764044944,0.5181347150259068,1.0212558136526235,0.021255813652623523,0.21759702050304341,0.2750524135572178,0.5073505659397386,0,,2,,22,,8,,4,,3,,1,0,3,,0,,13,,4,,6,,1,,1,0
19,2021-08-23,2021_22,West Ham,Leicester,4,1,H,2.52,3.5,2.95,2.46,3.47,2.9,Pinnacle,2.52,3.5,2.95,0.3968253968253968,0.2857142857142857,0.3389830508474576,1.0215227333871402,0.02152273338714017,0.3884645772978667,0.279694495654464,0.3318409270476692,4,,2,,8,,17,,9,,3,,1,0,1,,0,,9,,17,,5,,3,,1,0
20,2021-08-28,2021_22,Liverpool,Chelsea,1,1,D,2.47,3.36,3.13,2.43,3.32,3.07,Pinnacle,2.47,3.36,3.13,0.4048582995951417,0.2976190476190476,0.3194888178913738,1.0219661651055632,0.02196616510556315,0.39615626565613565,0.2912220167174569,0.3126217176264074,2,3,0,0,27,19,9,14,9,8,3,3,1,1,2,3,0,0,22,13,6,4,5,6,3,1,1,1
21,2021-08-28,2021_22,Man City,Arsenal,5,0,H,1.36,5.2,10.5,1.34,5.24,9.86,Pinnacle,1.36,5.2,10.5,0.7352941176470588,0.1923076923076923,0.09523809523809523,1.0228399051928463,0.022839905192846288,0.7188750789972614,0.18801348219928377,0.09311143880345482,5,0,0,1,16,18,1,13,4,4,0,3,1,1,0,0,2,2,6,22,22,8,3,4,5,3,1,1
22,2021-08-28,2021_22,Aston Villa,Brentford,1,1,D,2.1,3.33,4.07,2.09,3.3,3.9,Pinnacle,2.1,3.33,4.07,0.47619047619047616,0.3003003003003003,0.24570024570024568,1.0221910221910222,0.022191022191022203,0.465852727966425,0.2937809996184662,0.24036627241510872,2,2,0,3,10,11,9,13,2,2,1,7,1,1,0,2,0,0,14,8,7,22,3,3,2,4,1,1
23,2021-08-28,2021_22,Brighton,Everton,0,2,A,2.35,3.26,3.46,2.31,3.23,3.36,Pinnacle,2.35,3.26,3.46,0.425531914893617,0.3067484662576687,0.28901734104046245,1.021297722191748,0.02129772219174808,0.4166580475479839,0.30035166004225833,0.28299029240975787,2,2,0,1,13,14,10,14,3,8,1,3,1,1,2,3,2,1,17,14,17,6,8,6,4,3,1,1
24,2021-08-28,2021_22,Newcastle,Southampton,2,2,D,2.51,3.59,2.89,2.44,3.54,2.86,Pinnacle,2.51,3.59,2.89,0.39840637450199207,0.2785515320334262,0.3460207612456747,1.022978667781093,0.022978667781093032,0.38945716763201066,0.27229456567029153,0.33824826669769775,0,2,2,4,9,17,10,8,1,3,2,9,1,1,1,1,1,3,8,6,15,14,3,3,4,6,1,1
25,2021-08-28,2021_22,Norwich,Leicester,1,2,A,4.4,3.67,1.91,4.21,3.63,1.9,Pinnacle,4.4,3.67,1.91,0.22727272727272727,0.2724795640326976,0.5235602094240838,1.0233125007295087,0.023312500729508745,0.2220951342925127,0.26627209560955206,0.5116327700979351,0,0,5,3,1,14,16,19,0,3,4,8,1,1,1,1,4,0,5,9,13,17,1,5,7,3,1,1
26,2021-08-28,2021_22,West Ham,Crystal Palace,2,2,D,1.59,4.0,6.8,1.57,4.12,6.39,Pinnacle,1.59,4.0,6.8,0.6289308176100629,0.25,0.14705882352941177,1.0259896411394747,0.025989641139474662,0.6129991886775443,0.2436671774993239,0.14333363382313172,4,4,1,2,13,8,5,17,7,9,1,3,1,1,0,0,0,3,7,4,14,13,2,1,3,6,1,1
27,2021-08-29,2021_22,Tottenham,Watford,1,0,H,1.44,4.65,8.5,1.47,4.45,7.65,Pinnacle,1.44,4.65,8.5,0.6944444444444444,0.2150537634408602,0.11764705882352941,1.027145266708834,0.027145266708834104,0.6760917534766767,0.20937034946374503,0.11453789705957818,1,1,0,0,8,13,25,18,6,3,6,4,1,1,0,3,2,2,10,13,13,11,1,7,3,2,1,1
28,2021-08-29,2021_22,Wolves,Man United,0,1,A,4.93,3.8,1.79,4.88,3.71,1.77,Pinnacle,4.93,3.8,1.79,0.20283975659229211,0.2631578947368421,0.5586592178770949,1.024656869206229,0.024656869206229004,0.1979587144615797,0.25682538481462835,0.5452159007237921,0,0,1,1,25,17,8,9,6,3,6,5,1,1,1,5,1,1,15,16,8,10,4,8,3,3,1,1
29,2021-08-29,2021_22,Burnley,Leeds,1,1,D,3.35,3.6,2.24,3.27,3.54,2.22,Pinnacle,3.35,3.6,2.24,0.29850746268656714,0.2777777777777778,0.4464285714285714,1.0227138118929164,0.022713811892916436,0.2918778051252352,0.2716085131026495,0.4365136817721152,0,1,2,2,9,14,27,14,3,3,9,8,1,1,2,1,2,5,17,10,17,16,4,3,8,8,1,1
30,2021-09-11,2021_22,Crystal Palace,Tottenham,3,0,H,3.95,3.33,2.13,3.95,3.32,2.07,Pinnacle,3.95,3.33,2.13,0.2531645569620253,0.3003003003003003,0.4694835680751174,1.022948425337443,0.022948425337443012,0.24748516219526231,0.293563480682068,0.45895135712266966,2,0,2,0,9,7,14,14,2,2,4,3,1,1,1,1,0,0,15,8,9,25,8,6,2,6,1,1
31,2021-09-11,2021_22,Arsenal,Norwich,1,0,H,1.44,4.91,7.9,1.42,4.89,7.72,Pinnacle,1.44,4.91,7.9,0.6944444444444444,0.20366598778004072,0.12658227848101264,1.0246927107054977,0.024692710705497722,0.6777099487380188,0.1987581112388487,0.12353194002313253,0,0,5,2,1,6,25,22,0,3,10,5,1,1,1,0,2,5,14,1,9,16,4,0,3,4,1,1
32,2021-09-11,2021_22,Brentford,Brighton,0,1,A,3.14,3.0,2.7,3.01,3.01,2.67,Pinnacle,3.14,3.0,2.7,0.3184713375796178,0.3333333333333333,0.37037037037037035,1.0221750412833215,0.022175041283321484,0.3115624278790676,0.32610200784675747,0.36233556427417496,1,0,1,0,9,14,7,7,2,3,5,2,1,1,0,2,2,0,14,13,14,10,3,3,5,1,1,1
33,2021-09-11,2021_22,Leicester,Man City,0,1,A,5.62,4.15,1.65,5.58,4.04,1.63,Pinnacle,5.62,4.15,1.65,0.17793594306049823,0.24096385542168672,0.6060606060606061,1.024960404542791,0.024960404542790915,0.17360274823481692,0.2350957698987159,0.5913014818664674,2,1,1,4,9,5,14,13,3,1,4,7,1,1,5,5,0,0,25,16,1,1,10,4,0,0,1,1
34,2021-09-11,2021_22,Man United,Newcastle,4,1,H,1.2,7.45,15.76,1.19,7.42,15.77,Pinnacle,1.2,7.45,15.76,0.8333333333333334,0.1342281879194631,0.06345177664974619,1.0310132979025426,0.03101329790254259,0.808266328890847,0.1301905496200022,0.06154312148915078,1,1,0,1,10,15,15,8,3,4,6,3,1,1,2,0,2,2,10,9,22,10,5,1,6,2,1,1
35,2021-09-11,2021_22,Southampton,West Ham,0,0,D,3.16,3.55,2.36,3.06,3.53,2.33,Pinnacle,3.16,3.55,2.36,0.3164556962025316,0.28169014084507044,0.42372881355932207,1.021874650606924,0.021874650606924062,0.3096815211284265,0.27566017091995154,0.414658307951622,2,1,2,1,22,8,10,15,6,3,5,4,1,1,2,4,2,1,14,13,9,5,4,7,2,1,1,1
36,2021-09-11,2021_22,Watford,Wolves,0,2,A,3.67,3.21,2.28,3.57,3.17,2.25,Pinnacle,3.67,3.21,2.28,0.2724795640326976,0.3115264797507788,0.4385964912280702,1.0226025350115466,0.02260253501154663,0.26645696123726204,0.30464082484135563,0.4289022139213823,0,0,1,2,9,10,15,13,2,1,8,3,1,1,0,0,1,1,15,25,10,8,6,6,3,6,1,1
37,2021-09-11,2021_22,Chelsea,Aston Villa,3,0,H,1.35,5.38,10.33,1.34,5.29,9.78,Pinnacle,1.35,5.38,10.33,0.7407407407407407,0.1858736059479554,0.0968054211035818,1.0234197677922778,0.023419767792277835,0.7237897527997406,0.1816201052564405,0.09459014194381896,1,2,1,0,6,22,24,6,3,5,7,3,1,1,1,2,1,0,7,10,9,9,5,2,2,1,1,1
38,2021-09-12,2021_22,Leeds,Liverpool,0,3,A,5.04,4.48,1.66,4.86,4.31,1.67,Pinnacle,5.04,4.48,1.66,0.1984126984126984,0.2232142857142857,0.6024096385542169,1.024036622681201,0.024036622681200992,0.19375547125765974,0.21797490516486723,0.588269623577473,1,2,1,2,12,17,12,17,2,4,3,8,1,1,1,2,1,0,24,27,6,9,7,9,3,3,1,1
39,2021-09-13,2021_22,Everton,Burnley,3,1,H,1.78,3.53,5.58,1.78,3.52,5.23,Pinnacle,1.78,3.53,5.58,0.5617977528089888,0.28328611898017,0.17921146953405018,1.024295341323209,0.024295341323208985,0.548472427965205,0.2765668333648909,0.17496073866990408,2,2,0,2,14,17,14,17,5,8,3,4,1,1,1,0,1,2,12,9,12,27,3,3,2,9,1,1
40,2021-09-17,2021_22,Newcastle,Leeds,1,1,D,3.25,3.74,2.23,3.09,3.67,2.26,Pinnacle,3.25,3.74,2.23,0.3076923076923077,0.267379679144385,0.4484304932735426,1.0235024801102353,0.023502480110235258,0.30062683156289766,0.2612398937378121,0.4381332746992903,1,2,4,2,12,10,21,22,3,5,7,6,1,1,0,1,3,1,9,12,30,12,4,2,9,3,1,1
41,2021-09-18,2021_22,Liverpool,Crystal Palace,3,0,H,1.29,6.13,11.57,1.27,6.16,11.26,Pinnacle,1.29,6.13,11.57,0.7751937984496123,0.1631321370309951,0.08643042350907519,1.0247563589896826,0.024756358989682647,0.7564664436080041,0.1591911439240335,0.08434241246796242,3,1,0,1,30,24,9,6,9,7,4,3,1,1,3,2,0,2,18,9,2,14,4,2,1,4,1,1
42,2021-09-18,2021_22,Aston Villa,Everton,3,0,H,2.18,3.46,3.65,2.18,3.36,3.52,Pinnacle,2.18,3.46,3.65,0.4587155963302752,0.28901734104046245,0.273972602739726,1.0217055401104638,0.021705540110463772,0.4489704502147265,0.2828773356844231,0.26815221410085033,0,1,3,1,18,7,12,9,6,5,4,2,1,1,3,2,1,0,14,14,11,14,6,5,6,3,1,1
43,2021-09-18,2021_22,Norwich,Watford,1,3,A,2.41,3.29,3.31,2.3,3.3,3.34,Pinnacle,2.41,3.29,3.31,0.41493775933609955,0.303951367781155,0.3021148036253776,1.0210039307426322,0.021003930742632182,0.40640172563713106,0.2976985285062267,0.29589974585664225,0,1,1,2,10,14,30,9,1,4,7,3,1,1,0,0,2,1,6,9,14,15,2,2,5,8,1,1
44,2021-09-18,2021_22,Burnley,Arsenal,0,1,A,3.94,3.79,1.98,3.76,3.63,2.01,Pinnacle,3.94,3.79,1.98,0.25380710659898476,0.2638522427440633,0.5050505050505051,1.022709854393553,0.02270985439355311,0.24817117534228453,0.2579932535220584,0.4938355711356572,1,1,3,1,11,12,14,12,6,3,6,2,1,1,1,0,0,5,30,1,10,25,7,0,1,10,1,1
45,2021-09-18,2021_22,Wolves,Brentford,0,2,A,1.83,3.42,5.38,1.83,3.35,5.1,Pinnacle,1.83,3.42,5.38,0.5464480874316939,0.29239766081871343,0.1858736059479554,1.0247193541983628,0.024719354198362797,0.5332660939728028,0.28534413800299097,0.1813897680242062,2,0,0,1,14,15,6,10,5,6,2,3,1,1,0,1,1,1,7,9,4,7,1,2,2,5,1,1
46,2021-09-18,2021_22,Man City,Southampton,0,0,D,1.18,8.18,16.74,1.17,8.1,16.62,Pinnacle,1.18,8.18,16.74,0.8474576271186441,0.12224938875305624,0.059737156511350066,1.0294441723830505,0.029444172383050526,0.8232186357001493,0.11875281052887239,0.058028553770978264,1,5,0,0,25,25,6,1,8,10,1,0,1,1,0,2,0,2,11,22,13,10,3,6,3,5,1,1
47,2021-09-19,2021_22,Brighton,Leicester,2,1,H,2.55,3.23,3.12,2.52,3.22,3.02,Pinnacle,2.55,3.23,3.12,0.3921568627450981,0.30959752321981426,0.3205128205128205,1.022267206477733,0.022267206477732948,0.3836148320714424,0.302853814793244,0.31353135313531344,1,0,0,2,4,14,7,14,2,3,1,5,1,1,0,2,1,1,6,9,25,14,1,3,8,4,1,1
48,2021-09-19,2021_22,West Ham,Man United,1,2,A,4.31,3.79,1.89,4.38,3.77,1.83,Pinnacle,4.31,3.79,1.89,0.2320185614849188,0.2638522427440633,0.5291005291005292,1.0249713333295114,0.024971333329511403,0.2263659030650457,0.2574240216913844,0.5162100752435699,0,2,0,2,13,14,11,9,3,4,3,2,1,1,4,1,1,0,21,10,12,15,7,3,3,6,1,1
49,2021-09-19,2021_22,Tottenham,Chelsea,0,3,A,4.2,3.4,2.04,4.2,3.41,1.97,Pinnacle,4.2,3.4,2.04,0.23809523809523808,0.29411764705882354,0.49019607843137253,1.022408963585434,0.022408963585434094,0.23287671232876714,0.28767123287671237,0.4794520547945206,0,1,3,0,2,15,18,9,1,8,4,2,1,1,3,1,0,1,12,6,18,24,4,3,6,7,1,1
50,2021-09-25,2021_22,Watford,Newcastle,1,1,D,2.16,3.57,3.59,2.13,3.48,3.52,Pinnacle,2.16,3.57,3.59,0.4629629629629629,0.2801120448179272,0.2785515320334262,1.0216265398143163,0.02162653981431628,0.4531626234446766,0.2741824276303926,0.2726549489249308,3,0,1,2,12,6,12,14,8,2,5,5,1,1,1,1,1,4,17,12,22,21,7,3,9,7,1,1
51,2021-09-25,2021_22,Chelsea,Man City,0,1,A,2.92,3.21,2.72,2.89,3.18,2.64,Pinnacle,2.92,3.21,2.72,0.3424657534246575,0.3115264797507788,0.3676470588235294,1.0216392919989656,0.021639291998965637,0.3352120030099667,0.304928052582275,0.35985994440775837,3,3,0,0,20,12,8,18,10,4,2,6,1,1,0,1,0,0,18,25,10,6,1,8,2,1,1,1
52,2021-09-25,2021_22,Man United,Aston Villa,0,1,A,1.42,5.1,7.95,1.4,4.99,7.82,Pinnacle,1.42,5.1,7.95,0.7042253521126761,0.19607843137254904,0.12578616352201258,1.0260899470072378,0.026089947007237768,0.6863193174893357,0.19109282957546211,0.1225878529352021,2,4,1,1,17,21,13,12,10,7,4,3,1,1,3,0,0,3,15,18,11,12,3,6,1,4,1,1
53,2021-09-25,2021_22,Everton,Norwich,2,0,H,1.7,3.82,5.72,1.69,3.76,5.53,Pinnacle,1.7,3.82,5.72,0.5882352941176471,0.2617801047120419,0.17482517482517484,1.0248405736548638,0.024840573654863807,0.5739773670550903,0.2554349539250402,0.17058767901986951,0,3,3,1,11,14,15,11,1,6,3,6,1,1,1,0,3,1,12,10,12,30,5,1,8,7,1,1
54,2021-09-25,2021_22,Leeds,West Ham,1,2,A,3.08,3.62,2.38,2.95,3.6,2.36,Pinnacle,3.08,3.62,2.38,0.3246753246753247,0.27624309392265195,0.42016806722689076,1.0210864858248674,0.021086485824867385,0.3179704453859667,0.2705383899968999,0.4114911646171334,1,0,1,3,22,9,17,30,9,4,7,9,1,1,1,0,2,0,13,13,17,11,4,3,10,3,1,1
55,2021-09-25,2021_22,Leicester,Burnley,2,2,D,1.71,3.9,5.39,1.68,3.86,5.32,Pinnacle,1.71,3.9,5.39,0.5847953216374269,0.25641025641025644,0.1855287569573284,1.0267343350050115,0.026734335005011545,0.5695682921079799,0.24973378961657583,0.18069791827544446,1,0,2,1,14,6,12,25,3,1,5,8,1,1,0,1,1,3,18,11,13,14,3,6,3,6,1,1
56,2021-09-25,2021_22,Brentford,Liverpool,3,3,D,7.88,4.98,1.43,7.58,4.86,1.42,Pinnacle,7.88,4.98,1.43,0.12690355329949238,0.2008032128514056,0.6993006993006994,1.0270074654515975,0.02700746545159749,0.12356633965040374,0.19552264185646212,0.680911018493134,2,0,0,1,9,7,11,4,3,1,0,2,1,1,3,3,0,0,25,30,13,9,10,9,2,4,1,1
57,2021-09-26,2021_22,Southampton,Wolves,0,1,A,2.15,3.42,3.78,2.21,3.3,3.52,Pinnacle,2.15,3.42,3.78,0.46511627906976744,0.29239766081871343,0.2645502645502646,1.0220642044387456,0.02206420443874557,0.45507540235711563,0.28608541376251423,0.25883918388037,0,0,0,0,10,11,18,13,2,3,1,3,1,1,0,2,2,0,11,14,9,6,0,5,3,2,1,1
58,2021-09-26,2021_22,Arsenal,Tottenham,3,1,H,2.25,3.4,3.53,2.2,3.39,3.45,Pinnacle,2.25,3.4,3.53,0.4444444444444444,0.29411764705882354,0.28328611898017,1.021848210483438,0.021848210483438102,0.4349417456377176,0.2878290963779014,0.2772291579843809,1,1,0,0,13,30,18,10,3,7,3,1,1,1,0,0,3,3,8,2,20,18,2,1,10,4,1,1
59,2021-09-27,2021_22,Crystal Palace,Brighton,1,1,D,2.96,3.14,2.74,2.9,3.09,2.69,Pinnacle,2.96,3.14,2.74,0.33783783783783783,0.3184713375796178,0.36496350364963503,1.0212726790670907,0.02127267906709074,0.3308008181971978,0.31183771396933296,0.35736146783346917,0,3,3,0,13,18,25,2,2,4,10,1,1,1,2,1,1,0,12,4,14,7,5,2,3,1,1,1
60,2021-10-02,2021_22,Man United,Everton,1,1,D,1.56,4.33,6.57,1.54,4.24,6.48,Pinnacle,1.56,4.33,6.57,0.641025641025641,0.23094688221709006,0.15220700152207,1.0241795247648011,0.02417952476480112,0.6258918729827664,0.22549453160580038,0.14861359541143312,0,2,1,1,28,17,7,13,4,10,3,4,1,1,2,0,0,3,11,11,10,15,4,1,2,3,1,1
61,2021-10-02,2021_22,Burnley,Norwich,0,0,D,1.99,3.6,4.12,1.96,3.54,4.01,Pinnacle,1.99,3.6,4.12,0.5025125628140703,0.2777777777777778,0.24271844660194175,1.0230087871937898,0.023008787193789848,0.4912104070899625,0.2715301972525071,0.23725939565753046,2,0,2,1,9,18,22,13,3,3,5,3,1,1,0,1,2,3,10,12,11,12,2,5,4,8,1,1
62,2021-10-02,2021_22,Chelsea,Southampton,3,1,H,1.46,4.71,7.79,1.42,4.73,7.94,Pinnacle,1.46,4.71,7.79,0.684931506849315,0.21231422505307856,0.12836970474967907,1.0256154366520727,0.025615436652072665,0.6678248809174949,0.20701153421221713,0.1251635848702879,0,3,1,0,5,20,15,8,0,10,4,2,1,1,0,0,1,0,18,10,5,18,6,2,3,1,1,1
63,2021-10-02,2021_22,Leeds,Watford,1,0,H,1.78,3.98,4.74,1.76,3.95,4.6,Pinnacle,1.78,3.98,4.74,0.5617977528089888,0.25125628140703515,0.21097046413502107,1.0240244983510451,0.024024498351045143,0.5486174927588493,0.24536159223888232,0.20602091500226827,1,1,2,1,15,22,20,17,5,9,7,7,1,1,1,3,1,1,15,12,20,12,4,8,6,5,1,1
64,2021-10-02,2021_22,Wolves,Newcastle,2,1,H,1.83,3.72,4.77,1.78,3.71,4.75,Pinnacle,1.83,3.72,4.77,0.5464480874316939,0.26881720430107525,0.20964360587002098,1.0249088976027902,0.024908897602790248,0.5331674734308661,0.2622839990264745,0.20454852754265937,1,0,0,2,5,11,18,9,3,0,6,3,1,1,1,1,1,1,20,17,15,22,6,7,4,9,1,1
65,2021-10-02,2021_22,Brighton,Arsenal,0,0,D,3.31,3.4,2.35,3.24,3.29,2.35,Pinnacle,3.31,3.4,2.35,0.3021148036253776,0.29411764705882354,0.425531914893617,1.0217643655778181,0.021764365577818134,0.2956795263206587,0.28785271532981777,0.4164677583495236,1,2,1,1,8,12,8,14,4,5,3,3,1,1,3,1,1,0,12,13,10,18,7,3,4,3,1,1
66,2021-10-03,2021_22,Crystal Palace,Leicester,2,2,D,2.87,3.3,2.7,2.82,3.25,2.64,Pinnacle,2.87,3.3,2.7,0.3484320557491289,0.30303030303030304,0.37037037037037035,1.0218327291498022,0.021832729149802166,0.34098737083811714,0.29655568312284736,0.3624569460390356,1,0,1,3,8,13,8,25,3,2,4,10,1,1,2,1,2,2,22,14,9,12,5,3,3,5,1,1
67,2021-10-03,2021_22,Tottenham,Aston Villa,2,1,H,2.14,3.47,3.74,2.11,3.44,3.65,Pinnacle,2.14,3.47,3.74,0.4672897196261682,0.2881844380403458,0.267379679144385,1.022853836810899,0.02285383681089903,0.4568489678673013,0.28174547297868147,0.26140555915401725,1,0,3,3,10,8,12,20,4,2,7,10,1,1,1,3,0,0,7,15,28,11,3,3,4,1,1,1
68,2021-10-03,2021_22,West Ham,Brentford,1,2,A,1.76,3.85,5.13,1.78,3.72,4.81,Pinnacle,1.76,3.85,5.13,0.5681818181818182,0.2597402597402597,0.19493177387914232,1.0228538518012202,0.022853851801220237,0.5554868050614115,0.2539368251709309,0.1905763697676577,2,1,1,2,20,13,15,17,7,4,5,10,1,1,3,2,3,0,12,9,16,11,4,3,6,0,1,1
69,2021-10-03,2021_22,Liverpool,Man City,2,2,D,3.12,3.54,2.38,3.02,3.56,2.35,Pinnacle,3.12,3.54,2.38,0.3205128205128205,0.2824858757062147,0.42016806722689076,1.023166763445926,0.023166763445926053,0.3132556998170704,0.2760897693302994,0.41065453085263015,3,3,3,0,16,25,12,13,6,10,4,2,1,1,1,0,0,0,15,18,5,10,4,1,0,2,1,1
70,2021-10-16,2021_22,Brentford,Chelsea,0,1,A,5.64,3.87,1.7,5.58,3.83,1.66,Pinnacle,5.64,3.87,1.7,0.1773049645390071,0.25839793281653745,0.5882352941176471,1.0239381914731918,0.02393819147319176,0.17315983134090296,0.25235696350457176,0.5744832051545251,2,3,1,3,13,12,18,16,6,4,5,6,1,1,3,0,1,1,20,5,6,15,9,0,2,4,1,1
71,2021-10-16,2021_22,Southampton,Leeds,1,0,H,2.12,3.72,3.55,2.16,3.58,3.34,Pinnacle,2.12,3.72,3.55,0.4716981132075471,0.26881720430107525,0.28169014084507044,1.0222054583536928,0.02220545835369281,0.4614513739412406,0.26297766471920164,0.2755709613395578,1,0,3,1,6,18,20,5,2,6,9,3,1,1,1,1,0,2,20,15,5,20,4,5,1,7,1,1
72,2021-10-16,2021_22,Norwich,Brighton,0,0,D,4.12,3.69,1.96,4.03,3.49,1.97,Pinnacle,4.12,3.69,1.96,0.24271844660194175,0.2710027100271003,0.5102040816326531,1.023925238261695,0.023925238261695014,0.23704703969793908,0.26467040746761766,0.4982825528344434,0,0,0,2,10,10,14,11,2,2,4,4,1,1,0,1,0,1,21,8,8,8,2,4,2,3,1,1
73,2021-10-16,2021_22,Man City,Burnley,2,0,H,1.15,9.13,21.3,1.14,8.96,19.09,Pinnacle,1.15,9.13,21.3,0.8695652173913044,0.10952902519167579,0.046948356807511735,1.026042599390492,0.026042599390492027,0.847494263793588,0.10674900365417592,0.04575673255223597,2,1,2,0,12,15,6,5,3,4,4,0,1,1,0,2,0,2,14,9,10,22,4,3,2,5,1,1
74,2021-10-16,2021_22,Leicester,Man United,4,2,H,3.7,3.97,1.99,3.66,3.75,2.0,Pinnacle,3.7,3.97,1.99,0.27027027027027023,0.2518891687657431,0.5025125628140703,1.0246720018500837,0.02467200185008367,0.26376271605185575,0.2458241938014777,0.4904130901466665,2,2,2,2,9,22,18,9,5,5,4,3,1,1,1,0,1,1,13,28,12,7,6,4,2,3,1,1
75,2021-10-16,2021_22,Aston Villa,Wolves,2,3,A,2.16,3.31,3.89,2.13,3.2,3.84,Pinnacle,2.16,3.31,3.89,0.4629629629629629,0.3021148036253776,0.2570694087403599,1.0221471753287004,0.022147175328700364,0.4529318029119281,0.2955687898156389,0.2514994072724331,1,1,2,0,14,7,17,28,3,3,8,4,1,1,2,1,1,0,7,5,8,18,3,3,2,6,1,1
76,2021-10-16,2021_22,Watford,Liverpool,0,5,A,8.6,5.68,1.36,8.61,5.48,1.35,Pinnacle,8.6,5.68,1.36,0.11627906976744186,0.17605633802816903,0.7352941176470588,1.0276295254426697,0.027629525442669722,0.1131527139776882,0.17132277116340117,0.7155245148589106,0,1,1,1,5,15,20,20,1,4,4,6,1,1,2,3,2,3,6,16,12,12,4,6,3,4,1,1
77,2021-10-17,2021_22,Everton,West Ham,0,1,A,2.91,3.36,2.63,2.84,3.27,2.61,Pinnacle,2.91,3.36,2.63,0.3436426116838488,0.2976190476190476,0.3802281368821293,1.0214897961850258,0.021489796185025778,0.33641316141116273,0.29135782729359627,0.37222901129524094,1,2,1,0,12,11,13,10,2,4,6,2,1,1,1,2,2,1,18,20,13,15,5,7,6,5,1,1
78,2021-10-17,2021_22,Newcastle,Tottenham,2,3,A,3.58,3.71,2.11,3.56,3.61,2.07,Pinnacle,3.58,3.71,2.11,0.27932960893854747,0.2695417789757412,0.47393364928909953,1.0228050372033883,0.022805037203388334,0.2731015186455342,0.263531923652564,0.46336655770190166,1,1,2,1,8,20,7,15,2,6,3,4,1,1,2,1,1,3,17,10,14,12,8,4,3,7,1,1
79,2021-10-18,2021_22,Arsenal,Crystal Palace,2,2,D,1.62,4.17,5.96,1.61,4.0,5.81,Pinnacle,1.62,4.17,5.96,0.6172839506172839,0.23980815347721823,0.16778523489932887,1.024877338993831,0.024877338993831044,0.6023003213470403,0.2339871751995696,0.16371250345339014,0,3,0,1,8,12,21,10,2,7,2,4,1,1,2,1,2,1,18,8,9,8,4,3,5,4,1,1
80,2021-10-22,2021_22,Arsenal,Aston Villa,3,1,H,2.04,3.65,3.87,1.98,3.64,3.87,Pinnacle,2.04,3.65,3.87,0.49019607843137253,0.273972602739726,0.25839793281653745,1.0225666139876362,0.022566613987636153,0.4793781370582665,0.26792641084900376,0.2526954520927296,2,0,2,0,17,8,9,21,6,2,6,2,1,1,2,1,3,2,14,14,9,17,5,3,4,8,1,1
81,2021-10-23,2021_22,Chelsea,Norwich,7,0,H,1.22,6.75,15.5,1.22,6.51,14.53,Pinnacle,1.22,6.75,15.5,0.819672131147541,0.14814814814814814,0.06451612903225806,1.0323364083279472,0.03233640832794715,0.7939971161872961,0.14350762692570387,0.06249525688700008,1,3,0,1,5,20,17,6,1,9,7,2,1,1,0,0,0,0,15,10,11,14,3,2,3,4,1,1
82,2021-10-23,2021_22,Crystal Palace,Newcastle,1,1,D,2.0,3.51,4.2,1.91,3.54,4.24,Pinnacle,2.0,3.51,4.2,0.5,0.2849002849002849,0.23809523809523808,1.022995522995523,0.022995522995522988,0.48876069226178637,0.2784961209468868,0.23274318679132683,2,2,2,2,9,18,17,9,6,4,6,5,1,1,2,1,3,2,7,8,14,7,1,2,4,3,1,1
83,2021-10-23,2021_22,Everton,Watford,2,5,A,1.84,3.57,4.98,1.79,3.62,4.84,Pinnacle,1.84,3.57,4.98,0.5434782608695652,0.2801120448179272,0.2008032128514056,1.024393518538898,0.02439351853889793,0.5305366063275501,0.2734418363144796,0.1960215573579703,0,1,1,1,15,12,16,13,2,2,4,6,1,1,0,0,5,1,6,5,19,20,2,1,8,4,1,1
84,2021-10-23,2021_22,Leeds,Wolves,1,1,D,2.64,3.44,2.84,2.44,3.4,2.96,Pinnacle,2.64,3.44,2.84,0.3787878787878788,0.29069767441860467,0.35211267605633806,1.0215982292628214,0.0215982292628214,0.37077969395190674,0.28455185814913775,0.3446684478989556,0,1,1,0,3,20,19,5,0,4,5,1,1,1,3,2,2,1,9,7,14,8,4,3,5,2,1,1
85,2021-10-23,2021_22,Southampton,Burnley,2,2,D,2.09,3.46,3.92,1.97,3.61,3.9,Pinnacle,2.09,3.46,3.92,0.47846889952153115,0.28901734104046245,0.25510204081632654,1.02258828137832,0.02258828137832003,0.46789984614004715,0.2826331440556932,0.2494670098042598,1,1,0,3,19,6,3,20,5,2,0,9,1,1,0,0,2,0,7,14,15,10,2,4,6,2,1,1
86,2021-10-23,2021_22,Brighton,Man City,1,4,A,8.18,4.95,1.43,8.1,4.84,1.41,Pinnacle,8.18,4.95,1.43,0.12224938875305624,0.20202020202020202,0.6993006993006994,1.0235702900739576,0.02357029007395761,0.11943428794149855,0.1973681768406986,0.6831975352178029,0,0,0,0,11,21,15,8,3,2,3,2,1,1,2,2,0,2,15,12,7,6,6,3,2,4,1,1
87,2021-10-24,2021_22,West Ham,Tottenham,1,0,H,2.25,3.65,3.29,2.29,3.5,3.13,Pinnacle,2.25,3.65,3.29,0.4444444444444444,0.273972602739726,0.303951367781155,1.0223684149653254,0.02236841496532538,0.43472043730881316,0.2679783517657067,0.2973012109254801,1,1,0,2,16,18,15,13,4,5,2,6,1,1,3,2,2,1,14,17,7,14,4,8,1,3,1,1
88,2021-10-24,2021_22,Man United,Liverpool,0,5,A,3.09,3.66,2.35,2.97,3.59,2.35,Pinnacle,3.09,3.66,2.35,0.3236245954692557,0.27322404371584696,0.425531914893617,1.0223805540787196,0.02238055407871964,0.3165402493016683,0.2672429973612445,0.41621675333708724,2,1,4,1,18,13,22,12,6,6,11,2,1,1,5,2,0,2,19,6,6,12,8,4,2,3,1,1
89,2021-10-24,2021_22,Brentford,Leicester,1,2,A,2.86,3.56,2.55,2.78,3.41,2.58,Pinnacle,2.86,3.56,2.55,0.3496503496503497,0.2808988764044944,0.3921568627450981,1.0227060887999422,0.02270608879994218,0.3418874234538237,0.27466236828031904,0.38345020826585724,0,2,1,1,17,13,5,18,7,6,1,5,1,1,4,2,2,2,22,9,18,18,11,5,6,4,1,1
90,2021-10-30,2021_22,Leicester,Arsenal,0,2,A,2.55,3.53,2.88,2.5,3.49,2.8,Pinnacle,2.55,3.53,2.88,0.3921568627450981,0.28328611898017,0.3472222222222222,1.0226652039474904,0.022665203947490387,0.38346553811684564,0.2770076833421972,0.33952677854095703,2,4,1,2,10,22,15,18,6,11,5,6,1,1,3,2,1,2,22,17,10,9,9,6,4,6,1,1
91,2021-10-30,2021_22,Burnley,Brentford,3,1,H,2.74,3.21,2.9,2.64,3.15,2.88,Pinnacle,2.74,3.21,2.9,0.36496350364963503,0.3115264797507788,0.3448275862068966,1.0213175696073105,0.02131756960731046,0.35734576052575007,0.3050241071154377,0.3376301323588122,2,0,2,2,9,7,16,15,5,2,4,6,1,1,1,0,2,1,15,17,10,5,5,7,6,1,1,1
92,2021-10-30,2021_22,Liverpool,Brighton,2,2,D,1.3,5.75,11.6,1.28,6.06,10.42,Pinnacle,1.3,5.75,11.6,0.7692307692307692,0.17391304347826086,0.08620689655172414,1.0293507092607541,0.029350709260754115,0.7472970701921461,0.1689541202173548,0.08374880959049914,5,5,0,0,19,19,12,6,8,8,4,2,1,1,1,0,4,0,10,11,23,15,5,3,14,3,1,1
93,2021-10-30,2021_22,Man City,Crystal Palace,0,2,A,1.14,9.25,21.0,1.14,8.64,19.87,Pinnacle,1.14,9.25,21.0,0.8771929824561404,0.10810810810810811,0.047619047619047616,1.0329201381832962,0.0329201381832962,0.8492360154764247,0.10466260082628369,0.046101383697291616,4,2,1,0,23,15,10,7,14,6,5,2,1,1,1,2,1,2,15,9,6,17,3,6,2,6,1,1
94,2021-10-30,2021_22,Newcastle,Chelsea,0,3,A,8.43,4.52,1.46,7.84,4.54,1.44,Pinnacle,8.43,4.52,1.46,0.11862396204033215,0.22123893805309736,0.684931506849315,1.0247944069427446,0.024794406942744596,0.11575391243031997,0.21588616853707907,0.668359919032601,1,2,1,3,6,7,15,14,2,1,3,4,1,1,7,1,0,0,23,5,3,17,13,1,1,7,1,1
95,2021-10-30,2021_22,Watford,Southampton,0,1,A,3.22,3.54,2.33,3.23,3.44,2.26,Pinnacle,3.22,3.54,2.33,0.3105590062111801,0.2824858757062147,0.4291845493562232,1.022229431273618,0.022229431273617983,0.3038055809293691,0.2763429295459233,0.4198514895247076,5,0,2,5,20,6,15,19,8,2,4,8,1,1,2,1,2,0,16,19,9,3,4,5,5,0,1,1
96,2021-10-30,2021_22,Tottenham,Man United,0,3,A,3.18,3.74,2.27,3.12,3.58,2.26,Pinnacle,3.18,3.74,2.27,0.31446540880503143,0.267379679144385,0.44052863436123346,1.02237372231065,0.022373722310649935,0.30758361834096576,0.26152831719900294,0.4308880644600313,0,3,1,2,7,14,13,7,4,4,4,1,1,1,0,2,5,4,12,18,19,22,4,6,8,11,1,1
97,2021-10-31,2021_22,Norwich,Leeds,1,2,A,3.66,3.72,2.08,3.59,3.66,2.03,Pinnacle,3.66,3.72,2.08,0.27322404371584696,0.26881720430107525,0.4807692307692307,1.022810478786153,0.022810478786152943,0.26713066534095614,0.26282210622255364,0.47004722843649016,0,0,7,0,3,15,23,11,1,3,13,3,1,1,1,0,1,1,18,3,8,19,4,0,4,5,1,1
98,2021-10-31,2021_22,Aston Villa,West Ham,1,4,A,2.94,3.5,2.52,2.96,3.48,2.39,Pinnacle,2.94,3.5,2.52,0.3401360544217687,0.2857142857142857,0.3968253968253968,1.0226757369614512,0.0226757369614512,0.3325942350332594,0.2793791574279379,0.38802660753880264,1,2,3,3,10,14,22,9,4,5,9,4,1,1,1,1,0,0,13,16,7,15,4,4,4,2,1,1
99,2021-11-01,2021_22,Wolves,Everton,2,1,H,2.3,3.19,3.66,2.24,3.17,3.56,Pinnacle,2.3,3.19,3.66,0.4347826086956522,0.31347962382445144,0.27322404371584696,1.0214862762359505,0.021486276235950452,0.42563724918338786,0.30688579094727025,0.26747695986934206,1,3,1,2,8,9,18,14,4,4,4,5,1,1,2,0,5,1,15,15,20,16,4,2,8,4,1,1
100,2021-11-05,2021_22,Southampton,Aston Villa,1,0,H,2.17,3.59,3.54,2.06,3.64,3.56,Pinnacle,2.17,3.59,3.54,0.4608294930875576,0.2785515320334262,0.2824858757062147,1.0218669008271986,0.021866900827198554,0.45096821583566055,0.2725908157001068,0.2764409684642326,1,2,0,2,12,16,10,9,1,4,4,5,1,1,1,1,4,3,9,10,21,22,3,4,9,9,1,1
101,2021-11-06,2021_22,Brighton,Newcastle,1,1,D,1.61,4.2,6.11,1.59,4.13,5.84,Pinnacle,1.61,4.2,6.11,0.6211180124223602,0.23809523809523808,0.1636661211129296,1.0228793716305278,0.02287937163052778,0.6072250840607557,0.232769615556623,0.1600053003826214,2,1,2,4,9,10,14,23,6,5,3,14,1,1,0,1,3,1,6,6,19,15,1,2,6,3,1,1
102,2021-11-06,2021_22,Crystal Palace,Wolves,2,0,H,2.37,3.16,3.52,2.34,3.1,3.42,Pinnacle,2.37,3.16,3.52,0.42194092827004215,0.3164556962025316,0.2840909090909091,1.0224875335634829,0.022487533563482875,0.41266119577960136,0.309495896834701,0.27784290738569756,2,1,0,1,8,15,14,6,3,3,3,2,1,1,2,1,1,1,10,8,14,18,4,4,5,4,1,1
103,2021-11-06,2021_22,Chelsea,Burnley,1,1,D,1.29,5.77,13.05,1.27,5.67,12.59,Pinnacle,1.29,5.77,13.05,0.7751937984496123,0.1733102253032929,0.07662835249042145,1.0251323762433266,0.02513237624332665,0.7561889726772335,0.16906131278225844,0.07474971454050813,3,7,0,0,19,23,6,3,6,13,1,1,1,1,3,2,1,2,15,9,12,16,6,5,5,4,1,1
104,2021-11-06,2021_22,Man United,Man City,0,2,A,4.79,4.21,1.73,4.65,4.14,1.71,Pinnacle,4.79,4.21,1.73,0.20876826722338204,0.23752969121140144,0.5780346820809249,1.0243326405157083,0.02433264051570827,0.20380905476005923,0.23188726182914102,0.5643036834107998,3,0,0,5,10,12,9,19,4,4,0,8,1,1,0,4,2,1,14,23,8,10,3,14,3,5,1,1
105,2021-11-06,2021_22,Brentford,Norwich,1,2,A,1.68,4.07,5.46,1.64,3.97,5.53,Pinnacle,1.68,4.07,5.46,0.5952380952380952,0.24570024570024568,0.18315018315018314,1.024088524088524,0.02408852408852402,0.5812369548500494,0.2399209051960892,0.17884213995386136,1,1,3,2,12,15,15,10,5,5,6,6,1,1,1,0,2,7,14,3,13,23,3,1,6,13,1,1
106,2021-11-07,2021_22,Arsenal,Watford,1,0,H,1.46,4.86,7.41,1.45,4.76,7.13,Pinnacle,1.46,4.86,7.41,0.684931506849315,0.20576131687242796,0.1349527665317139,1.025645590253457,0.025645590253456918,0.6678052471127528,0.20061639110794632,0.13157836177930082,2,3,0,1,9,22,16,10,5,9,8,4,1,1,0,5,1,2,10,20,12,15,4,8,1,4,1,1
107,2021-11-07,2021_22,Everton,Tottenham,0,0,D,3.48,3.35,2.31,3.39,3.28,2.26,Pinnacle,3.48,3.35,2.31,0.28735632183908044,0.29850746268656714,0.4329004329004329,1.0187642174260805,0.018764217426080476,0.2820636187685208,0.29300937113864256,0.4249270100928366,1,2,2,5,14,15,10,20,5,4,4,8,1,1,0,0,3,1,9,7,10,13,0,4,4,4,1,1
108,2021-11-07,2021_22,Leeds,Leicester,1,1,D,2.69,3.49,2.76,2.64,3.44,2.68,Pinnacle,2.69,3.49,2.76,0.3717472118959108,0.28653295128939826,0.3623188405797102,1.0205990037650192,0.02059900376501922,0.36424414537396627,0.2807497854028565,0.3550060692231773,2,1,1,1,13,18,14,8,6,4,3,4,1,1,0,2,2,1,16,10,9,15,8,6,5,5,1,1
109,2021-11-07,2021_22,West Ham,Liverpool,3,2,H,4.47,4.4,1.75,4.45,4.21,1.73,Pinnacle,4.47,4.4,1.75,0.2237136465324385,0.22727272727272727,0.5714285714285714,1.0224149452337372,0.022414945233737216,0.21880905357980138,0.22229010670493454,0.558900839715264,4,1,1,0,21,13,9,7,9,4,3,4,1,1,2,5,2,0,14,19,9,12,3,8,6,4,1,1
110,2021-11-20,2021_22,Watford,Man United,4,1,H,6.58,4.8,1.5,6.42,4.62,1.5,Pinnacle,6.58,4.8,1.5,0.1519756838905775,0.20833333333333334,0.6666666666666666,1.0269756838905775,0.026975683890577473,0.14798372179060304,0.202861018621285,0.6491552595881119,0,0,1,1,7,10,14,12,1,4,6,1,1,1,0,3,2,0,5,10,16,9,1,4,5,0,1,1
111,2021-11-20,2021_22,Wolves,West Ham,1,0,H,3.19,3.32,2.46,3.14,3.27,2.41,Pinnacle,3.19,3.32,2.46,0.31347962382445144,0.30120481927710846,0.4065040650406504,1.0211885081422103,0.021188508142210294,0.3069752756959114,0.2949551594789028,0.39806956482518585,0,2,2,1,4,10,13,14,2,4,6,5,1,1,3,4,2,1,7,21,16,9,3,9,5,3,1,1
112,2021-11-20,2021_22,Norwich,Southampton,2,1,H,3.53,3.53,2.19,3.54,3.45,2.14,Pinnacle,3.53,3.53,2.19,0.28328611898017,0.28328611898017,0.4566210045662101,1.02319324252655,0.023193242526549973,0.27686472819216185,0.27686472819216185,0.4462705436156764,2,1,1,2,9,14,19,13,5,3,7,6,1,1,1,1,0,0,9,12,14,10,3,1,3,4,1,1
113,2021-11-20,2021_22,Liverpool,Arsenal,4,0,H,1.55,4.68,6.09,1.52,4.7,5.93,Pinnacle,1.55,4.68,6.09,0.6451612903225806,0.2136752136752137,0.16420361247947454,1.023040116477269,0.02304011647726889,0.6306314678491062,0.2088629861466057,0.1605055460042881,2,2,3,2,16,14,7,9,5,3,3,6,1,1,1,2,0,0,14,9,7,16,6,5,1,8,1,1
114,2021-11-20,2021_22,Burnley,Crystal Palace,3,3,D,2.86,3.25,2.74,2.85,3.18,2.68,Pinnacle,2.86,3.25,2.74,0.3496503496503497,0.3076923076923077,0.36496350364963503,1.0223061609922923,0.022306160992292323,0.342021170361494,0.3009786299181147,0.3570001997203915,1,3,1,1,5,15,25,12,2,6,4,5,1,1,2,2,0,0,13,8,4,14,6,3,2,3,1,1
115,2021-11-20,2021_22,Aston Villa,Brighton,2,0,H,2.5,3.37,3.08,2.48,3.29,3.0,Pinnacle,2.5,3.37,3.08,0.4,0.29673590504451036,0.3246753246753247,1.021411229719835,0.021411229719835,0.39161504040808015,0.2905156086113354,0.3178693509805845,0,1,1,4,14,9,9,21,3,3,3,9,1,1,1,2,1,2,14,9,6,14,5,6,1,3,1,1
116,2021-11-20,2021_22,Leicester,Chelsea,0,3,A,5.06,3.81,1.78,4.91,3.71,1.76,Pinnacle,5.06,3.81,1.78,0.19762845849802374,0.26246719160104987,0.5617977528089888,1.0218934029080624,0.02189340290806241,0.19339439704339098,0.2568440023725875,0.5497616005840216,1,0,1,2,9,16,18,9,3,8,5,5,1,1,1,3,1,0,25,19,5,6,4,6,2,1,1,1
117,2021-11-20,2021_22,Newcastle,Brentford,3,3,D,2.51,3.45,3.0,2.48,3.39,2.92,Pinnacle,2.51,3.45,3.0,0.39840637450199207,0.2898550724637681,0.3333333333333333,1.0215947802990935,0.021594780299093452,0.3899847397275759,0.28372802803368563,0.32628723223873846,1,0,1,3,6,6,14,19,1,1,5,6,1,1,1,1,2,3,19,12,9,15,7,5,5,6,1,1
118,2021-11-21,2021_22,Tottenham,Leeds,2,1,H,1.61,4.18,6.01,1.61,4.06,5.73,Pinnacle,1.61,4.18,6.01,0.6211180124223602,0.23923444976076558,0.1663893510815308,1.0267418132646566,0.026741813264656633,0.6049407985513283,0.23300351331761693,0.1620556881310547,0,0,0,3,8,9,12,10,0,0,2,4,1,1,1,2,1,1,18,13,9,14,5,6,3,3,1,1
119,2021-11-21,2021_22,Man City,Everton,3,0,H,1.2,7.5,16.0,1.21,7.11,14.63,Pinnacle,1.2,7.5,16.0,0.8333333333333334,0.13333333333333333,0.0625,1.0291666666666668,0.029166666666666785,0.8097165991902834,0.12955465587044532,0.060728744939271245,2,0,0,2,16,14,5,8,5,3,1,3,1,1,0,1,0,2,12,14,8,10,2,5,0,4,1,1
120,2021-11-27,2021_22,Arsenal,Newcastle,2,0,H,1.53,4.52,6.63,1.51,4.54,6.3,Pinnacle,1.53,4.52,6.63,0.6535947712418301,0.22123893805309736,0.15082956259426847,1.0256632718891958,0.025663271889195816,0.6372410801431515,0.21570328597765973,0.1470556338791888,0,1,4,0,5,14,19,7,3,6,9,1,1,1,3,1,3,1,23,6,10,14,9,1,4,5,1,1
121,2021-11-27,2021_22,Crystal Palace,Aston Villa,1,2,A,2.36,3.26,3.43,2.32,3.23,3.32,Pinnacle,2.36,3.26,3.43,0.42372881355932207,0.3067484662576687,0.29154518950437314,1.0220224693213638,0.022022469321363758,0.41459833445803157,0.3001386715708449,0.2852629939711237,3,2,3,0,18,13,15,4,8,6,9,2,1,1,2,0,0,1,9,14,6,9,5,3,2,3,1,1
122,2021-11-27,2021_22,Liverpool,Southampton,4,0,H,1.25,6.75,12.0,1.25,6.5,11.34,Pinnacle,1.25,6.75,12.0,0.8,0.14814814814814814,0.08333333333333333,1.0314814814814814,0.031481481481481444,0.7755834829443448,0.1436265709156194,0.0807899461400359,4,2,0,3,19,16,5,7,9,5,3,3,1,1,1,1,2,0,17,9,8,14,5,3,4,3,1,1
123,2021-11-27,2021_22,Norwich,Wolves,0,0,D,3.6,3.35,2.24,3.57,3.29,2.19,Pinnacle,3.6,3.35,2.24,0.2777777777777778,0.29850746268656714,0.4464285714285714,1.0227138118929164,0.022713811892916436,0.2716085131026495,0.2918778051252352,0.4365136817721152,2,2,1,1,8,9,17,19,4,5,5,7,1,1,1,0,0,2,15,4,8,13,5,2,3,6,1,1
124,2021-11-27,2021_22,Brighton,Leeds,0,0,D,2.23,3.34,3.64,2.19,3.31,3.54,Pinnacle,2.23,3.34,3.64,0.4484304932735426,0.29940119760479045,0.2747252747252747,1.0225569656036078,0.02255696560360776,0.43853839772030445,0.29279659488511345,0.2686650073945821,0,1,2,1,6,14,9,6,2,5,5,1,1,1,1,1,2,1,18,18,13,9,7,5,4,3,1,1
125,2021-11-28,2021_22,Brentford,Everton,1,0,H,2.29,3.26,3.62,2.25,3.21,3.52,Pinnacle,2.29,3.26,3.62,0.4366812227074236,0.3067484662576687,0.27624309392265195,1.0196727828877443,0.019672782887744322,0.42825623085744147,0.30083029713605547,0.270913472006503,3,1,3,2,10,19,23,9,4,7,9,5,1,1,0,0,3,0,4,12,17,8,1,2,7,0,1,1
126,2021-11-28,2021_22,Leicester,Watford,4,2,H,1.69,4.05,5.33,1.7,3.9,5.1,Pinnacle,1.69,4.05,5.33,0.591715976331361,0.2469135802469136,0.18761726078799248,1.026246817366267,0.026246817366267106,0.5765825202263968,0.24059863189694086,0.18281884787666236,0,1,3,1,4,9,16,18,3,3,7,5,1,1,4,0,1,1,20,7,9,14,7,1,3,6,1,1
127,2021-11-28,2021_22,Man City,West Ham,2,1,H,1.27,6.5,11.0,1.27,6.21,10.75,Pinnacle,1.27,6.5,11.0,0.7874015748031495,0.15384615384615385,0.09090909090909091,1.0321568195583943,0.032156819558394334,0.7628700986929847,0.14905308082155241,0.0880768204854628,3,2,0,0,17,16,4,5,7,5,1,1,1,1,0,3,1,2,8,7,15,16,3,3,5,5,1,1
128,2021-11-28,2021_22,Chelsea,Man United,1,1,D,1.58,4.21,6.44,1.56,4.21,6.21,Pinnacle,1.58,4.21,6.44,0.6329113924050632,0.23752969121140144,0.15527950310559005,1.0257205867220547,0.025720586722054684,0.6170407424771389,0.23157348530020896,0.15138577222265212,3,1,0,1,16,25,4,5,7,4,3,2,1,1,1,0,4,2,9,5,20,16,3,1,7,5,1,1
129,2021-11-30,2021_22,Newcastle,Norwich,1,1,D,2.09,3.6,3.75,2.11,3.51,3.56,Pinnacle,2.09,3.6,3.75,0.47846889952153115,0.2777777777777778,0.26666666666666666,1.0229133439659757,0.022913343965975663,0.4677511563848033,0.271555532456733,0.26069331115846367,0,3,2,3,9,23,24,10,5,9,6,4,1,1,0,2,0,1,14,8,5,17,4,4,2,5,1,1
130,2021-11-30,2021_22,Leeds,Crystal Palace,1,0,H,2.36,3.39,3.31,2.25,3.34,3.35,Pinnacle,2.36,3.39,3.31,0.42372881355932207,0.2949852507374631,0.3021148036253776,1.0208288679221629,0.020828867922162875,0.4150831024418394,0.28896640759962855,0.29595048995853196,0,1,0,2,11,18,20,13,4,7,4,4,1,1,1,3,2,3,8,18,10,15,3,8,3,9,1,1
131,2021-12-01,2021_22,Everton,Liverpool,1,4,A,9.13,5.18,1.38,8.49,5.18,1.37,Pinnacle,9.13,5.18,1.38,0.10952902519167579,0.19305019305019305,0.7246376811594204,1.0272168994012891,0.02721689940128913,0.10662696968431352,0.18793518015787308,0.7054378501578135,0,0,1,3,14,4,6,17,5,1,4,7,1,1,4,4,0,0,20,19,7,5,6,9,3,3,1,1
132,2021-12-01,2021_22,Aston Villa,Man City,1,2,A,7.4,4.69,1.48,7.35,4.63,1.45,Pinnacle,7.4,4.69,1.48,0.13513513513513511,0.21321961620469082,0.6756756756756757,1.0240304270155016,0.02403042701550162,0.13196398424310635,0.20821609454136183,0.6598199212155318,2,2,1,0,10,9,8,6,3,5,3,2,1,1,2,3,1,0,19,17,5,4,9,7,3,1,1,1
133,2021-12-01,2021_22,Wolves,Burnley,0,0,D,1.88,3.43,4.94,1.94,3.37,4.4,Pinnacle,1.88,3.43,4.94,0.5319148936170213,0.29154518950437314,0.20242914979757085,1.0258892329189653,0.025889232918965277,0.5184915452358949,0.2841877857269628,0.1973206690371422,0,1,0,0,5,15,14,8,2,5,4,3,1,1,3,1,3,1,15,5,18,25,9,2,8,4,1,1
134,2021-12-01,2021_22,West Ham,Brighton,1,1,D,2.04,3.45,4.49,1.98,3.45,4.14,Pinnacle,2.04,3.45,4.49,0.49019607843137253,0.2898550724637681,0.22271714922048996,1.0027683001156307,0.002768300115630673,0.4888428148106071,0.28905488180105465,0.2221023033883382,1,0,2,1,5,8,19,15,3,3,9,5,1,1,0,0,0,2,20,6,11,9,4,2,4,5,1,1
135,2021-12-01,2021_22,Watford,Chelsea,1,2,A,11.04,5.51,1.32,9.78,5.33,1.33,Pinnacle,11.04,5.51,1.32,0.09057971014492755,0.18148820326678766,0.7575757575757576,1.0296436709874728,0.02964367098747278,0.0879719000827322,0.176263117407144,0.7357649825101238,2,4,4,1,16,20,18,9,5,7,8,3,1,1,1,3,1,0,24,16,3,4,6,7,2,3,1,1
136,2021-12-01,2021_22,Southampton,Leicester,2,2,D,2.42,3.57,3.02,2.36,3.46,3.07,Pinnacle,2.42,3.57,3.02,0.4132231404958678,0.2801120448179272,0.33112582781456956,1.0244610131283647,0.024461013128364684,0.4033566287056851,0.273423821139428,0.32321955015488674,0,1,4,2,7,17,20,8,3,5,6,4,1,1,4,0,2,3,18,4,16,16,8,3,5,7,1,1
137,2021-12-02,2021_22,Tottenham,Brentford,2,0,H,1.69,3.98,5.44,1.66,3.93,5.46,Pinnacle,1.69,3.98,5.44,0.591715976331361,0.25125628140703515,0.1838235294117647,1.0267957871501607,0.026795787150160733,0.576274254078944,0.24469936919432542,0.17902637672673072,2,0,1,0,13,8,18,12,4,0,7,2,1,1,1,3,0,3,6,10,14,23,4,4,5,9,1,1
138,2021-12-02,2021_22,Man United,Arsenal,3,2,H,2.08,3.76,3.58,2.07,3.66,3.52,Pinnacle,2.08,3.76,3.58,0.4807692307692307,0.26595744680851063,0.27932960893854747,1.0260562865162888,0.026056286516288774,0.46856028961292123,0.2592035644667224,0.27223614592035644,1,1,1,4,3,9,24,20,2,3,6,7,1,1,2,0,0,4,24,5,9,19,6,3,5,9,1,1
139,2021-12-04,2021_22,West Ham,Chelsea,3,2,H,4.92,3.65,1.83,4.84,3.64,1.8,Pinnacle,4.92,3.65,1.83,0.2032520325203252,0.273972602739726,0.5464480874316939,1.023672722691745,0.02367272269174503,0.1985517714937978,0.2676369084245165,0.5338113200816859,1,1,1,2,14,5,9,19,6,3,3,9,1,1,2,1,1,1,8,24,13,3,4,6,6,2,1,1
140,2021-12-04,2021_22,Newcastle,Burnley,1,0,H,2.41,3.49,3.09,2.36,3.44,3.07,Pinnacle,2.41,3.49,3.09,0.41493775933609955,0.28653295128939826,0.3236245954692557,1.0250953060947534,0.02509530609475341,0.4047796891362853,0.2795183526700423,0.31570195819367247,1,0,1,2,9,9,16,24,1,5,6,6,1,1,0,3,0,3,6,15,16,18,1,9,2,8,1,1
141,2021-12-04,2021_22,Southampton,Brighton,1,1,D,2.65,3.23,2.96,2.57,3.16,2.99,Pinnacle,2.65,3.23,2.96,0.37735849056603776,0.30959752321981426,0.33783783783783783,1.0247938516236899,0.024793851623689855,0.36822868323043567,0.30210712401258655,0.32966419275697784,2,0,2,4,15,7,15,20,7,3,6,6,1,1,1,0,1,0,9,20,14,11,3,4,6,4,1,1
142,2021-12-04,2021_22,Wolves,Liverpool,0,1,A,9.24,5.16,1.38,8.46,5.02,1.39,Pinnacle,9.24,5.16,1.38,0.10822510822510822,0.19379844961240308,0.7246376811594204,1.0266612389969318,0.026661238996931846,0.10541462374760177,0.1887657215945427,0.7058196546578555,0,0,0,0,16,5,6,14,2,2,1,4,1,1,4,4,1,0,16,20,8,7,7,6,2,3,1,1
143,2021-12-04,2021_22,Watford,Man City,1,3,A,15.0,7.0,1.22,13.55,7.1,1.21,Pinnacle,15.0,7.0,1.22,0.06666666666666667,0.14285714285714285,0.819672131147541,1.0291959406713505,0.02919594067135045,0.06477548543689321,0.13880461165048544,0.7964199029126214,1,2,2,4,13,16,8,18,6,5,4,8,1,1,2,2,1,1,17,19,9,5,7,9,3,3,1,1
144,2021-12-05,2021_22,Leeds,Brentford,2,2,D,1.83,3.63,4.94,1.84,3.52,4.75,Pinnacle,1.83,3.63,4.94,0.5464480874316939,0.27548209366391185,0.20242914979757085,1.0243593308931767,0.024359330893176656,0.5334535167022159,0.26893111172591055,0.19761537157187353,1,0,0,0,15,11,9,20,3,4,1,4,1,1,0,1,2,0,6,6,11,14,2,4,6,5,1,1
145,2021-12-05,2021_22,Man United,Crystal Palace,1,0,H,1.54,4.49,6.56,1.52,4.46,6.42,Pinnacle,1.54,4.49,6.56,0.6493506493506493,0.22271714922048996,0.1524390243902439,1.0245068229613832,0.02450682296138318,0.6338177890057111,0.2173896202825824,0.14879259071170656,3,1,2,1,14,3,17,24,10,2,8,6,1,1,0,1,1,2,9,8,15,10,1,3,3,3,1,1
146,2021-12-05,2021_22,Tottenham,Norwich,3,0,H,1.48,4.51,7.94,1.46,4.49,7.52,Pinnacle,1.48,4.51,7.94,0.6756756756756757,0.22172949002217296,0.12594458438287154,1.02334975008072,0.023349750080720044,0.6602587977593971,0.21667029283456934,0.12307090940603371,2,2,0,1,11,13,6,18,6,4,2,7,1,1,1,0,1,0,16,14,9,5,6,4,1,2,1,1
147,2021-12-05,2021_22,Aston Villa,Leicester,2,1,H,2.4,3.42,3.17,2.26,3.43,3.27,Pinnacle,2.4,3.42,3.17,0.4166666666666667,0.29239766081871343,0.31545741324921134,1.0245217407345915,0.024521740734591457,0.4066938261045714,0.2853991762137343,0.3079069976816944,1,2,2,1,9,10,17,8,3,3,7,3,1,1,2,4,2,2,15,18,15,16,6,8,7,5,1,1
148,2021-12-06,2021_22,Everton,Arsenal,2,1,H,3.33,3.42,2.31,3.47,3.44,2.18,Pinnacle,3.33,3.42,2.31,0.3003003003003003,0.29239766081871343,0.4329004329004329,1.0255983940194466,0.025598394019446635,0.29280496347443213,0.28509956969878913,0.42209546682677873,1,0,4,1,8,14,16,6,2,5,7,4,1,1,2,2,3,0,17,24,14,9,8,6,10,5,1,1
149,2021-12-10,2021_22,Brentford,Watford,2,1,H,2.63,3.45,2.82,2.52,3.32,2.94,Pinnacle,2.63,3.45,2.82,0.3802281368821293,0.2898550724637681,0.3546099290780142,1.0246931384239117,0.024693138423911742,0.37106536837648885,0.282870121400048,0.346064510223463,2,0,2,2,9,6,13,11,3,2,6,6,1,1,1,1,3,2,11,13,26,8,4,6,13,4,1,1
150,2021-12-11,2021_22,Man City,Wolves,1,0,H,1.16,8.25,21.0,1.17,7.8,18.64,Pinnacle,1.16,8.25,21.0,0.8620689655172414,0.12121212121212122,0.047619047619047616,1.0309001343484103,0.030900134348410324,0.8362293657688966,0.1175789168838691,0.04619171734723428,3,2,1,1,26,17,11,9,13,7,4,3,1,1,0,0,1,0,3,16,17,6,1,2,5,1,1,1
151,2021-12-11,2021_22,Arsenal,Southampton,3,0,H,1.75,4.1,4.76,1.75,3.92,4.76,Pinnacle,1.75,4.1,4.76,0.5714285714285714,0.24390243902439027,0.21008403361344538,1.025415044066407,0.025415044066406933,0.5572656406156307,0.23785728562862288,0.20487707375574657,1,2,2,3,10,17,11,14,3,8,5,10,1,1,1,2,1,2,14,15,14,15,4,7,4,6,1,1
152,2021-12-11,2021_22,Chelsea,Leeds,3,2,H,1.25,6.75,13.0,1.24,6.6,12.72,Pinnacle,1.25,6.75,13.0,0.8,0.14814814814814814,0.07692307692307693,1.025071225071225,0.025071225071225056,0.7804335742078933,0.14452473596442467,0.07504168982768206,2,2,3,1,19,8,11,13,7,4,5,6,1,1,2,1,2,0,13,15,9,9,6,3,3,1,1,1
153,2021-12-11,2021_22,Liverpool,Aston Villa,1,0,H,1.24,6.75,13.0,1.24,6.71,11.84,Pinnacle,1.24,6.75,13.0,0.8064516129032259,0.14814814814814814,0.07692307692307693,1.031522837974451,0.03152283797445099,0.7818068424803991,0.14362081254454737,0.07457234497505345,1,4,0,1,17,16,3,8,5,7,1,2,1,1,2,1,1,2,13,9,12,17,4,3,5,7,1,1
154,2021-12-11,2021_22,Norwich,Man United,0,1,A,7.48,5.11,1.44,7.35,4.91,1.43,Pinnacle,7.48,5.11,1.44,0.1336898395721925,0.19569471624266144,0.6944444444444444,1.0238290002592985,0.02382900025929846,0.13057828947835404,0.19114004017575115,0.6782816703458947,0,1,3,1,10,16,17,9,1,6,7,1,1,1,1,3,0,2,16,14,8,17,3,10,2,8,1,1
155,2021-12-12,2021_22,Burnley,West Ham,0,0,D,3.58,3.53,2.16,3.44,3.47,2.17,Pinnacle,3.58,3.53,2.16,0.27932960893854747,0.28328611898017,0.4629629629629629,1.0255786908816802,0.02557869088168019,0.27236292195034834,0.276220753706019,0.4514163243436328,0,0,1,0,10,6,19,16,1,1,4,2,1,1,3,1,2,1,11,14,19,9,5,6,7,3,1,1
156,2021-12-12,2021_22,Leicester,Newcastle,4,0,H,1.7,4.12,5.06,1.74,4.01,4.64,Pinnacle,1.7,4.12,5.06,0.5882352941176471,0.24271844660194175,0.19762845849802374,1.0285821992176125,0.028582199217612514,0.571889436318348,0.23597379653912415,0.19213676714252798,1,2,2,2,12,15,13,15,5,6,4,7,1,1,1,1,0,1,19,9,10,16,4,1,1,6,1,1
157,2021-12-12,2021_22,Crystal Palace,Everton,3,1,H,2.27,3.25,3.66,2.25,3.19,3.56,Pinnacle,2.27,3.25,3.66,0.44052863436123346,0.3076923076923077,0.27322404371584696,1.0214449857693881,0.021444985769388136,0.4312798442389062,0.3012323835145591,0.2674877722465347,0,0,1,1,8,9,16,15,2,1,3,3,1,1,2,1,1,4,11,8,10,16,5,2,3,7,1,1
158,2021-12-14,2021_22,Norwich,Aston Villa,0,2,A,3.78,3.43,2.14,3.71,3.36,2.12,Pinnacle,3.78,3.43,2.14,0.2645502645502646,0.29154518950437314,0.4672897196261682,1.023385173680806,0.02338517368080595,0.25850507839463566,0.284883147618578,0.4566117739867863,0,0,1,3,11,10,13,17,5,1,5,7,1,1,0,2,1,1,4,13,20,12,0,4,5,5,1,1
159,2021-12-14,2021_22,Man City,Leeds,7,0,H,1.14,9.5,20.0,1.15,9.07,17.53,Pinnacle,1.14,9.5,20.0,0.8771929824561404,0.10526315789473684,0.05,1.0324561403508772,0.03245614035087718,0.8496176720475787,0.10195412064570943,0.04842820730671198,1,3,0,1,24,26,2,11,10,13,1,4,1,1,2,2,3,2,12,13,16,9,5,6,6,3,1,1
160,2021-12-15,2021_22,Crystal Palace,Southampton,2,2,D,2.03,3.49,4.08,2.09,3.41,3.77,Pinnacle,2.03,3.49,4.08,0.4926108374384237,0.28653295128939826,0.24509803921568626,1.0242418279435082,0.024241827943508154,0.4809516893363913,0.2797512691555514,0.23929704150805742,3,0,1,1,17,8,12,16,6,2,6,3,1,1,0,1,3,1,11,14,15,14,6,4,5,4,1,1
161,2021-12-15,2021_22,Arsenal,West Ham,2,0,H,2.3,3.62,3.19,2.09,3.59,3.58,Pinnacle,2.3,3.62,3.19,0.4347826086956522,0.27624309392265195,0.31347962382445144,1.0245053264427557,0.024505326442755715,0.4243829655871933,0.26963558587031616,0.30598144854249043,3,1,0,2,15,10,11,11,5,3,6,5,1,1,0,3,0,2,16,11,9,19,3,5,1,7,1,1
162,2021-12-15,2021_22,Brighton,Wolves,0,1,A,2.0,3.25,4.6,2.07,3.18,4.19,Pinnacle,2.0,3.25,4.6,0.5,0.3076923076923077,0.2173913043478261,1.0250836120401339,0.025083612040133874,0.48776508972267535,0.300163132137031,0.21207177814029363,1,1,1,1,14,9,14,14,4,3,4,6,1,1,0,0,1,1,2,3,24,17,1,1,10,5,1,1
163,2021-12-16,2021_22,Chelsea,Everton,1,1,D,1.23,7.83,16.72,1.21,6.99,16.25,Pinnacle,1.23,7.83,16.72,0.8130081300813008,0.1277139208173691,0.059808612440191394,1.0005306633388613,0.0005306633388613147,0.812576925297041,0.12764618366735128,0.05977689103560769,3,2,2,3,16,19,12,11,6,7,5,5,1,1,1,2,3,1,12,11,17,10,6,5,6,3,1,1
164,2021-12-16,2021_22,Liverpool,Newcastle,3,1,H,1.1,12.0,27.0,1.11,10.85,24.82,Pinnacle,1.1,12.0,27.0,0.9090909090909091,0.08333333333333333,0.037037037037037035,1.0294612794612794,0.02946127946127941,0.8830744071954211,0.08094848732624693,0.035977105478331974,1,1,0,0,20,17,4,3,5,5,0,1,1,1,0,1,4,0,12,19,8,10,3,4,5,1,1,1
165,2021-12-18,2021_22,Leeds,Arsenal,1,4,A,5.58,4.41,1.62,5.8,4.35,1.57,Pinnacle,5.58,4.41,1.62,0.17921146953405018,0.22675736961451246,0.6172839506172839,1.0232527897658465,0.02325278976584655,0.17513899920571882,0.221604447974583,0.6032565528196981,0,2,7,3,6,12,31,16,3,5,15,6,1,1,2,3,0,0,21,15,7,11,8,5,1,6,1,1
166,2021-12-19,2021_22,Newcastle,Man City,0,4,A,23.5,10.0,1.13,20.93,9.45,1.13,Pinnacle,23.5,10.0,1.13,0.0425531914893617,0.1,0.8849557522123894,1.027508943701751,0.027508943701751054,0.04141393780579428,0.09732275384361658,0.8612633083505892,1,0,3,4,4,12,23,8,2,3,8,5,1,1,7,1,0,0,31,24,6,2,15,10,3,1,1,1
167,2021-12-19,2021_22,Wolves,Chelsea,0,0,D,5.74,3.54,1.76,5.4,3.42,1.79,Pinnacle,5.74,3.54,1.76,0.17421602787456444,0.2824858757062147,0.5681818181818182,1.0248837217625972,0.024883721762597233,0.1699861400617695,0.2756272440549596,0.5543866158832711,1,0,0,1,8,2,12,24,5,1,2,10,1,1,1,3,1,2,23,16,5,12,10,6,3,5,1,1
168,2021-12-19,2021_22,Tottenham,Liverpool,2,2,D,5.13,4.4,1.65,4.82,4.17,1.69,Pinnacle,5.13,4.4,1.65,0.19493177387914232,0.22727272727272727,0.6060606060606061,1.0282651072124755,0.02826510721247555,0.18957345971563985,0.2210254200775528,0.5894011202068075,3,2,0,0,17,11,10,6,7,6,1,2,1,1,3,1,1,0,23,20,4,4,8,5,2,0,1,1
169,2021-12-26,2021_22,Man City,Leicester,6,3,H,1.13,10.5,21.0,1.13,10.01,18.83,Pinnacle,1.13,10.5,21.0,0.8849557522123894,0.09523809523809523,0.047619047619047616,1.0278128950695322,0.027812895069532217,0.861008610086101,0.09266092660926609,0.04633046330463304,4,7,0,0,18,31,5,6,7,15,1,3,1,1,4,1,0,2,8,12,12,13,5,5,3,4,1,1
170,2021-12-26,2021_22,Norwich,Arsenal,0,5,A,6.58,4.54,1.53,6.42,4.48,1.52,Pinnacle,6.58,4.54,1.53,0.1519756838905775,0.22026431718061673,0.6535947712418301,1.0258347723130243,0.025834772313024335,0.14814830613306942,0.21471714853647508,0.6371345453304554,0,0,2,1,7,11,17,13,3,5,6,5,1,1,4,2,1,0,21,21,9,7,12,8,2,1,1,1
171,2021-12-26,2021_22,Tottenham,Crystal Palace,3,0,H,1.75,3.87,5.14,1.72,3.81,5.07,Pinnacle,1.75,3.87,5.14,0.5714285714285714,0.25839793281653745,0.19455252918287938,1.0243790334279883,0.024379033427988306,0.5578292338884947,0.25224836157748465,0.18992240453402057,2,3,2,0,10,17,18,10,5,7,6,1,1,1,2,3,2,1,9,17,15,12,6,6,4,6,1,1
172,2021-12-26,2021_22,West Ham,Southampton,2,3,A,1.98,3.66,4.07,1.96,3.64,3.94,Pinnacle,1.98,3.66,4.07,0.5050505050505051,0.27322404371584696,0.24570024570024568,1.0239747944665978,0.023974794466597782,0.4932255244755245,0.266826923076923,0.23994755244755242,0,0,2,0,7,16,21,9,1,3,8,1,1,1,2,0,2,3,15,11,9,15,4,6,6,5,1,1
173,2021-12-26,2021_22,Aston Villa,Chelsea,1,3,A,5.37,3.91,1.71,5.19,3.77,1.72,Pinnacle,5.37,3.91,1.71,0.186219739292365,0.2557544757033248,0.5847953216374269,1.0267695366331167,0.026769536633116653,0.18136469056434878,0.24908654433006472,0.5695487651055865,2,0,0,1,17,4,7,20,6,0,3,5,1,1,0,1,0,1,8,23,4,5,1,10,1,3,1,1
174,2021-12-26,2021_22,Brighton,Brentford,2,0,H,1.99,3.41,4.42,1.95,3.41,4.3,Pinnacle,1.99,3.41,4.42,0.5025125628140703,0.29325513196480935,0.22624434389140272,1.0220120386702825,0.022012038670282452,0.49168947507494964,0.2869390191786363,0.221371505746414,0,1,1,1,12,14,8,14,2,4,5,4,1,1,2,2,1,2,14,9,6,13,5,3,2,6,1,1
175,2021-12-27,2021_22,Newcastle,Man United,1,1,D,6.28,4.74,1.53,6.38,4.7,1.5,Pinnacle,6.28,4.74,1.53,0.1592356687898089,0.21097046413502107,0.6535947712418301,1.02380090416666,0.02380090416666003,0.1555338231698686,0.20606590917864448,0.6384002676514869,0,1,4,3,5,4,18,23,1,2,7,8,1,1,1,1,0,0,13,16,11,8,5,3,5,2,1,1
176,2021-12-28,2021_22,Leicester,Liverpool,1,0,H,8.27,6.23,1.33,8.66,6.13,1.31,Pinnacle,8.27,6.23,1.33,0.12091898428053205,0.16051364365971107,0.7518796992481203,1.0333123271883635,0.03331232718836352,0.11702075074392257,0.15533894199875434,0.727640307257323,3,4,6,0,14,8,17,12,8,5,9,3,1,1,2,3,2,1,18,23,10,4,6,8,5,2,1,1
177,2021-12-28,2021_22,Watford,West Ham,1,4,A,3.59,3.84,2.07,3.52,3.7,2.06,Pinnacle,3.59,3.84,2.07,0.2785515320334262,0.2604166666666667,0.48309178743961356,1.0220599861397064,0.02205998613970639,0.2725393184459828,0.2547958732346558,0.4726648083193615,1,1,2,3,6,11,14,26,2,4,5,13,1,1,2,0,3,2,11,7,11,21,5,1,6,8,1,1
178,2021-12-28,2021_22,Southampton,Tottenham,1,1,D,3.77,3.37,2.17,3.7,3.41,2.11,Pinnacle,3.77,3.37,2.17,0.26525198938992045,0.29673590504451036,0.4608294930875576,1.0228173875219884,0.022817387521988364,0.259334650178909,0.290116211031005,0.45054913879008607,3,2,2,2,11,15,11,9,6,4,5,6,1,1,3,2,0,2,17,10,4,18,6,5,0,6,1,1
179,2021-12-28,2021_22,Crystal Palace,Norwich,3,0,H,1.78,3.6,5.48,1.74,3.59,5.35,Pinnacle,1.78,3.6,5.48,0.5617977528089888,0.2777777777777778,0.18248175182481752,1.0220572824115841,0.02205728241158411,0.5496734502819696,0.2717829837505294,0.17854356596750104,0,2,3,2,4,9,17,15,0,6,6,4,1,1,0,0,5,2,4,7,16,17,2,3,6,6,1,1
180,2021-12-29,2021_22,Chelsea,Brighton,1,1,D,1.35,5.04,11.23,1.35,5.04,10.37,Pinnacle,1.35,5.04,11.23,0.7407407407407407,0.1984126984126984,0.08904719501335707,1.0282006341667962,0.02820063416679619,0.7204243181011077,0.19297079949136814,0.08660488240752408,3,0,1,0,10,8,8,4,4,1,1,1,1,1,2,0,0,1,15,12,16,8,5,2,6,5,1,1
181,2021-12-29,2021_22,Brentford,Man City,0,1,A,14.33,8.47,1.19,15.88,8.3,1.17,Pinnacle,14.33,8.47,1.19,0.06978367062107467,0.11806375442739078,0.8403361344537815,1.028183559502247,0.028183559502247046,0.067870829071472,0.11482750656365923,0.8173016643648687,0,2,2,1,16,14,15,6,6,5,5,2,1,1,6,4,3,0,17,18,14,5,9,7,8,1,1,1
182,2021-12-30,2021_22,Man United,Burnley,3,1,H,1.39,4.97,9.7,1.37,5.01,8.98,Pinnacle,1.39,4.97,9.7,0.7194244604316548,0.2012072434607646,0.10309278350515465,1.023724487397574,0.023724487397573935,0.7027520287812153,0.19654432998106422,0.10070364123772053,1,1,1,0,13,13,13,11,4,5,8,5,1,1,0,0,0,1,9,10,16,19,1,1,3,4,1,1
183,2022-01-01,2021_22,Arsenal,Man City,1,2,A,5.24,4.21,1.68,5.21,4.18,1.65,Pinnacle,5.24,4.21,1.68,0.19083969465648853,0.23752969121140144,0.5952380952380952,1.0236074811059852,0.023607481105985206,0.18643835472000506,0.23205153889140773,0.5815101063885872,5,4,0,1,16,21,4,9,6,12,2,2,1,1,1,6,0,3,12,17,6,14,3,9,2,8,1,1
184,2022-01-01,2021_22,Watford,Tottenham,0,1,A,6.01,4.12,1.63,5.67,4.1,1.62,Pinnacle,6.01,4.12,1.63,0.1663893510815308,0.24271844660194175,0.6134969325153374,1.02260473019881,0.02260473019880993,0.16271130591111405,0.23735314284606682,0.5999355512428192,1,1,4,2,14,6,13,14,5,2,6,5,1,1,1,3,1,0,21,17,9,4,11,6,2,0,1,1
185,2022-01-01,2021_22,Crystal Palace,West Ham,2,3,A,3.56,3.37,2.25,3.45,3.32,2.23,Pinnacle,3.56,3.37,2.25,0.2808988764044944,0.29673590504451036,0.4444444444444444,1.0220792258934492,0.02207922589344924,0.27483082454684177,0.2903257375034886,0.43484343794966956,3,0,0,3,19,4,12,17,6,0,3,6,1,1,4,2,1,3,13,11,14,11,6,5,5,6,1,1
186,2022-01-02,2021_22,Brentford,Aston Villa,2,1,H,2.95,3.21,2.69,2.87,3.23,2.62,Pinnacle,2.95,3.21,2.69,0.3389830508474576,0.3115264797507788,0.3717472118959108,1.0222567424941473,0.02225674249414733,0.33160265592417787,0.3047438738244002,0.36365347025142186,0,0,1,2,6,16,12,15,2,6,3,5,1,1,1,2,3,0,8,17,10,7,1,6,4,3,1,1
187,2022-01-02,2021_22,Everton,Brighton,2,3,A,2.91,3.12,2.67,2.88,3.11,2.71,Pinnacle,2.91,3.12,2.67,0.3436426116838488,0.3205128205128205,0.37453183520599254,1.0386872674026617,0.03868726740266171,0.3308431926225114,0.3085749008113808,0.36058190656610795,1,1,1,3,5,12,23,17,3,6,10,6,1,1,1,2,1,0,18,15,11,16,6,5,5,6,1,1
188,2022-01-02,2021_22,Leeds,Burnley,3,1,H,2.12,3.52,3.73,2.05,3.59,3.67,Pinnacle,2.12,3.52,3.73,0.4716981132075471,0.2840909090909091,0.2680965147453083,1.0238855370437645,0.023885537043764504,0.46069418518154637,0.27746354334797685,0.2618422714704768,1,0,4,7,9,6,21,31,2,3,12,15,1,1,1,0,3,0,10,9,18,16,3,1,6,3,1,1
189,2022-01-02,2021_22,Chelsea,Liverpool,2,2,D,2.67,3.58,2.72,2.61,3.48,2.72,Pinnacle,2.67,3.58,2.72,0.37453183520599254,0.27932960893854747,0.3676470588235294,1.0215085029680695,0.0215085029680695,0.36664583223513286,0.2734481486222918,0.35990601914257525,1,3,1,1,11,10,18,8,5,4,6,1,1,1,0,2,1,2,21,18,6,10,4,6,1,5,1,1
190,2022-01-03,2021_22,Man United,Wolves,0,1,A,1.74,3.74,5.53,1.69,3.75,5.58,Pinnacle,1.74,3.74,5.53,0.5747126436781609,0.267379679144385,0.18083182640144665,1.0229241492239924,0.02292414922399244,0.5618330979028578,0.26138759100293385,0.17677931109420844,3,1,1,1,18,13,10,13,6,4,3,8,1,1,0,1,0,0,4,8,8,12,1,5,1,2,1,1
191,2022-01-11,2021_22,Southampton,Brentford,4,1,H,2.23,3.33,3.67,2.18,3.31,3.57,Pinnacle,2.23,3.33,3.67,0.4484304932735426,0.3003003003003003,0.2724795640326976,1.0212103576065406,0.021210357606540553,0.43911667163712537,0.29406311644167854,0.2668202119211961,1,3,1,2,9,11,21,11,2,6,11,5,1,1,2,0,1,1,10,6,16,12,4,2,5,3,1,1
192,2022-01-12,2021_22,West Ham,Norwich,2,0,H,1.4,5.15,8.47,1.4,4.96,7.99,Pinnacle,1.4,5.15,8.47,0.7142857142857143,0.1941747572815534,0.11806375442739078,1.0265242259946585,0.026524225994658535,0.6958293785941599,0.1891575009770532,0.11501312042878677,3,4,2,1,10,13,22,14,5,6,6,5,1,1,0,0,3,5,12,4,19,16,3,2,6,6,1,1
193,2022-01-14,2021_22,Brighton,Crystal Palace,1,1,D,2.05,3.4,4.14,2.04,3.37,3.96,Pinnacle,2.05,3.4,4.14,0.48780487804878053,0.29411764705882354,0.24154589371980678,1.0234684188274108,0.023468418827410797,0.47661937493651174,0.28737344665289677,0.23600717841059154,3,1,2,1,12,18,17,11,5,6,6,5,1,1,2,3,3,0,22,19,10,12,6,6,5,3,1,1
194,2022-01-15,2021_22,Man City,Chelsea,1,0,H,1.67,4.21,5.35,1.63,4.2,5.3,Pinnacle,1.67,4.21,5.35,0.5988023952095809,0.23752969121140144,0.1869158878504673,1.0232479742714498,0.023247974271449756,0.5851977333607006,0.23213306762764133,0.18266919901165796,2,1,1,0,15,12,7,6,2,3,2,2,1,1,2,1,2,1,15,11,10,18,6,5,6,6,1,1
195,2022-01-15,2021_22,Newcastle,Watford,1,1,D,1.84,3.71,4.61,1.84,3.75,4.35,Pinnacle,1.84,3.71,4.61,0.5434782608695652,0.2695417789757412,0.21691973969631234,1.0299397795416187,0.02993977954161875,0.5276796485241532,0.2617063485941892,0.21061400288165766,1,0,1,4,13,5,13,18,8,1,4,7,1,1,0,1,1,4,6,14,21,13,4,5,9,6,1,1
196,2022-01-15,2021_22,Norwich,Everton,2,1,H,3.56,3.37,2.25,3.42,3.33,2.24,Pinnacle,3.56,3.37,2.25,0.2808988764044944,0.29673590504451036,0.4444444444444444,1.0220792258934492,0.02207922589344924,0.27483082454684177,0.2903257375034886,0.43484343794966956,0,0,2,3,7,12,13,19,3,3,5,6,1,1,2,1,3,1,17,5,12,23,6,3,5,10,1,1
197,2022-01-15,2021_22,Wolves,Southampton,3,1,H,2.49,3.04,3.44,2.42,3.1,3.3,Pinnacle,2.49,3.04,3.44,0.4016064257028112,0.32894736842105265,0.29069767441860467,1.0212514685424685,0.02125146854246851,0.39324930056255825,0.32210222315814807,0.2846484762792937,1,0,0,0,19,4,9,8,6,1,2,1,1,1,4,1,1,1,12,9,5,21,6,2,4,11,1,1
198,2022-01-15,2021_22,Aston Villa,Man United,2,2,D,2.49,3.61,2.91,2.56,3.49,2.77,Pinnacle,2.49,3.61,2.91,0.4016064257028112,0.2770083102493075,0.3436426116838488,1.0222573476359673,0.022257347635967317,0.3928623517664614,0.27097707919625735,0.3361605690372814,1,1,2,3,16,8,10,10,5,1,4,4,1,1,0,3,1,1,9,18,19,10,2,6,6,3,1,1
199,2022-01-16,2021_22,Liverpool,Brentford,3,0,H,1.29,6.25,11.37,1.28,6.13,11.02,Pinnacle,1.29,6.25,11.37,0.7751937984496123,0.16,0.08795074758135445,1.0231445460309667,0.023144546030966717,0.7576581446451361,0.1563806410547561,0.08596121430010781,2,0,2,1,10,21,15,6,6,4,6,1,1,1,1,2,4,1,5,10,12,16,4,4,6,5,1,1
200,2022-01-16,2021_22,West Ham,Leeds,2,3,A,1.69,4.24,5.03,1.68,4.2,4.88,Pinnacle,1.69,4.24,5.03,0.591715976331361,0.23584905660377356,0.19880715705765406,1.0263721899927885,0.026372189992788453,0.5765120899617502,0.22978901698947113,0.19369889304877885,2,3,0,2,13,10,7,22,5,5,3,6,1,1,3,1,1,4,22,9,8,21,7,2,2,12,1,1
201,2022-01-18,2021_22,Brighton,Chelsea,1,1,D,5.48,3.81,1.72,5.62,3.77,1.67,Pinnacle,5.48,3.81,1.72,0.18248175182481752,0.26246719160104987,0.5813953488372093,1.0263442922630768,0.026344292263076774,0.17779779475603402,0.2557301614863691,0.5664720437575967,1,3,1,2,19,12,3,17,4,5,1,6,1,1,0,2,1,2,4,15,11,10,1,6,6,6,1,1
202,2022-01-19,2021_22,Leicester,Tottenham,2,3,A,3.34,3.5,2.27,3.23,3.44,2.28,Pinnacle,3.34,3.5,2.27,0.29940119760479045,0.2857142857142857,0.44052863436123346,1.0256441176803097,0.02564411768030972,0.2919152876164722,0.2785705887540048,0.4295141236295229,1,3,0,6,6,14,21,17,1,8,4,9,1,1,1,1,0,1,21,21,6,9,9,11,4,2,1,1
203,2022-01-19,2021_22,Brentford,Man United,1,3,A,4.91,3.91,1.76,4.59,3.71,1.81,Pinnacle,4.91,3.91,1.76,0.20366598778004072,0.2557544757033248,0.5681818181818182,1.0276022816651837,0.027602281665183748,0.19819534406833844,0.24888469037737643,0.5529199655542851,0,1,3,4,6,5,27,12,1,4,13,6,1,1,2,0,2,1,13,9,13,19,6,2,9,6,1,1
204,2022-01-21,2021_22,Watford,Norwich,0,3,A,2.07,3.54,3.88,2.04,3.52,3.78,Pinnacle,2.07,3.54,3.88,0.48309178743961356,0.2824858757062147,0.2577319587628866,1.0233096219087148,0.023309621908714773,0.4720876038852571,0.2760512260007012,0.2518611701140418,1,0,1,1,18,6,12,21,5,4,1,9,1,1,2,0,1,2,14,7,12,13,3,3,5,5,1,1
205,2022-01-22,2021_22,Southampton,Man City,1,1,D,12.25,6.06,1.3,10.89,5.92,1.29,Pinnacle,12.25,6.06,1.3,0.08163265306122448,0.16501650165016502,0.7692307692307692,1.0158799239421588,0.015879923942158758,0.08035659642179563,0.1624370142189763,0.757206389359228,1,4,3,1,13,12,9,5,10,6,5,4,1,1,1,2,0,1,11,15,4,7,6,2,1,2,1,1
206,2022-01-22,2021_22,Man United,West Ham,1,0,H,2.17,3.6,3.52,2.1,3.62,3.52,Pinnacle,2.17,3.6,3.52,0.4608294930875576,0.2777777777777778,0.2840909090909091,1.0226981799562445,0.022698179956244458,0.45060165561971954,0.27161266463744205,0.27778567974283846,3,2,1,2,13,13,18,13,5,6,8,9,1,1,2,2,3,0,15,13,18,7,5,5,5,3,1,1
207,2022-01-22,2021_22,Leeds,Newcastle,0,1,A,1.86,4.06,4.17,1.9,3.88,3.96,Pinnacle,1.86,4.06,4.17,0.5376344086021505,0.24630541871921185,0.23980815347721823,1.0237479807985805,0.023747980798580537,0.5251628512935046,0.24059184812953663,0.2342453005769589,3,3,2,1,18,22,15,8,5,7,5,2,1,1,1,1,1,1,12,13,18,13,1,8,5,4,1,1
208,2022-01-22,2021_22,Brentford,Wolves,1,2,A,2.53,3.07,3.33,2.48,3.04,3.25,Pinnacle,2.53,3.07,3.33,0.3952569169960475,0.32573289902280134,0.3003003003003003,1.021290116319149,0.02129011631914901,0.38701727421058413,0.3189425745123055,0.2940401512771105,1,0,3,3,18,6,13,27,8,1,5,13,1,1,3,1,1,0,9,19,13,9,5,6,10,2,1,1
209,2022-01-22,2021_22,Everton,Aston Villa,0,1,A,2.65,3.63,2.69,2.75,3.41,2.62,Pinnacle,2.65,3.63,2.69,0.37735849056603776,0.27548209366391185,0.3717472118959108,1.0245877961258605,0.024587796125860484,0.36830273793314144,0.26887114477212803,0.3628261172947304,1,2,2,3,12,17,14,12,5,6,3,5,1,1,2,1,2,2,13,16,13,10,9,5,6,4,1,1
210,2022-01-23,2021_22,Arsenal,Burnley,0,0,D,1.32,5.57,11.9,1.3,5.46,11.04,Pinnacle,1.32,5.57,11.9,0.7575757575757576,0.17953321364452424,0.08403361344537814,1.0211425846656599,0.02114258466565988,0.7418902795282025,0.17581600879303902,0.08229371167875858,1,5,2,0,7,16,15,4,2,6,2,2,1,1,1,1,3,3,8,10,22,18,2,3,7,6,1,1
211,2022-01-23,2021_22,Crystal Palace,Liverpool,1,3,A,6.26,4.27,1.58,5.98,4.18,1.58,Pinnacle,6.26,4.27,1.58,0.1597444089456869,0.234192037470726,0.6329113924050632,1.0268478388214761,0.026847838821476122,0.15556775103994688,0.22806888091570668,0.6163633680443464,1,2,1,3,3,22,19,10,1,6,4,5,1,1,3,2,0,2,27,10,6,15,13,6,1,6,1,1
212,2022-01-23,2021_22,Leicester,Brighton,1,1,D,2.71,3.39,2.79,2.6,3.43,2.76,Pinnacle,2.71,3.39,2.79,0.36900369003690037,0.2949852507374631,0.35842293906810035,1.022411879842464,0.022411879842463955,0.36091490847480906,0.2885189976303046,0.35056609389488624,2,1,3,0,14,6,27,21,4,1,10,4,1,1,1,1,1,1,10,19,15,3,2,4,3,1,1,1
213,2022-01-23,2021_22,Chelsea,Tottenham,2,0,H,1.74,3.89,5.2,1.74,3.78,5.02,Pinnacle,1.74,3.89,5.2,0.5747126436781609,0.2570694087403599,0.1923076923076923,1.0240897447262132,0.02408974472621317,0.5611936323332759,0.2510223445398201,0.18778402312690387,1,0,1,1,15,4,10,11,3,1,2,6,1,1,3,1,2,0,27,21,14,6,10,9,4,4,1,1
214,2022-02-05,2021_22,Burnley,Watford,0,0,D,2.22,3.32,3.69,2.19,3.27,3.6,Pinnacle,2.22,3.32,3.69,0.4504504504504504,0.30120481927710846,0.2710027100271003,1.0226579797546593,0.02265797975465933,0.4404702836802933,0.294531334268148,0.2649983820515586,0,1,0,3,10,8,20,22,1,2,5,7,1,1,0,1,3,1,15,18,7,12,4,5,2,1,1,1
215,2022-02-08,2021_22,Newcastle,Everton,3,1,H,2.59,3.44,2.87,2.53,3.34,2.92,Pinnacle,2.59,3.44,2.87,0.3861003861003861,0.29069767441860467,0.3484320557491289,1.0252301162681197,0.025230116268119662,0.37659875570745777,0.2835438306053243,0.33985741368721795,1,1,0,1,15,12,13,18,3,1,4,5,1,1,0,1,1,2,15,12,8,14,1,5,3,3,1,1
216,2022-02-08,2021_22,West Ham,Watford,1,0,H,1.55,4.32,7.03,1.54,4.27,6.5,Pinnacle,1.55,4.32,7.03,0.6451612903225806,0.23148148148148145,0.14224751066856328,1.0188902824726254,0.018890282472625364,0.6331999641383509,0.22718980194778793,0.13961023391386115,0,2,1,3,6,15,18,18,1,5,3,5,1,1,0,0,0,3,11,15,13,7,5,4,2,2,1,1
217,2022-02-08,2021_22,Burnley,Man United,1,1,D,6.65,4.25,1.56,6.21,4.22,1.56,Pinnacle,6.65,4.25,1.56,0.15037593984962405,0.23529411764705882,0.641025641025641,1.026695698522324,0.026695698522323896,0.14646592955055063,0.22917610153203805,0.6243579689174112,0,0,0,0,13,10,11,20,2,1,5,5,1,1,1,3,0,1,18,13,6,18,3,5,1,8,1,1
218,2022-02-09,2021_22,Tottenham,Southampton,2,3,A,1.57,4.27,6.41,1.59,4.19,5.84,Pinnacle,1.57,4.27,6.41,0.6369426751592356,0.234192037470726,0.15600624024961,1.0271409528795716,0.027140952879571634,0.6201122381242594,0.22800379715575816,0.15188396471998242,0,3,2,2,6,27,15,14,3,10,7,4,1,1,1,1,1,3,7,13,20,9,3,10,5,5,1,1
219,2022-02-09,2021_22,Aston Villa,Leeds,3,3,D,1.98,3.71,3.96,1.94,3.79,3.9,Pinnacle,1.98,3.71,3.96,0.5050505050505051,0.2695417789757412,0.25252525252525254,1.0271175365514988,0.027117536551498844,0.4917163684559311,0.26242544731610334,0.24585818422796554,1,2,0,2,8,13,15,13,3,9,1,6,1,1,0,3,1,2,13,18,15,15,4,5,3,5,1,1
220,2022-02-09,2021_22,Man City,Brentford,2,0,H,1.1,11.25,31.0,1.09,11.02,30.43,Pinnacle,1.1,11.25,31.0,0.9090909090909091,0.08888888888888889,0.03225806451612903,1.030237862495927,0.03023786249592697,0.8824087545069265,0.08627996710734392,0.03131127838572965,1,1,1,0,20,11,7,4,5,6,3,1,1,1,1,1,2,3,11,18,7,13,1,8,2,5,1,1
221,2022-02-09,2021_22,Norwich,Crystal Palace,1,1,D,3.53,3.27,2.31,3.55,3.27,2.22,Pinnacle,3.53,3.27,2.31,0.28328611898017,0.3058103975535168,0.4329004329004329,1.0219969494341197,0.021996949434119673,0.27718881072690643,0.2992282880324097,0.4235829012406839,3,2,0,1,7,14,15,12,2,3,4,5,1,1,1,1,3,1,8,3,15,19,5,1,7,4,1,1
222,2022-02-10,2021_22,Liverpool,Leicester,2,0,H,1.2,8.0,14.0,1.21,7.35,12.97,Pinnacle,1.2,8.0,14.0,0.8333333333333334,0.125,0.07142857142857142,1.0297619047619049,0.029761904761904878,0.8092485549132947,0.1213872832369942,0.06936416184971098,3,3,1,0,15,27,8,6,7,13,5,1,1,1,1,2,1,3,15,14,14,27,5,4,5,10,1,1
223,2022-02-10,2021_22,Wolves,Arsenal,0,1,A,4.16,3.35,2.05,3.69,3.18,2.22,Pinnacle,4.16,3.35,2.05,0.24038461538461536,0.29850746268656714,0.48780487804878053,1.026696956119963,0.026696956119963033,0.23413395155379027,0.29074544431754257,0.4751206041286672,2,3,1,1,7,9,11,13,2,5,1,10,1,1,0,1,0,2,20,7,10,15,5,2,1,2,1,1
224,2022-02-12,2021_22,Man United,Southampton,1,1,D,1.54,4.61,6.26,1.56,4.51,5.76,Pinnacle,1.54,4.61,6.26,0.6493506493506493,0.21691973969631234,0.1597444089456869,1.0260147979926486,0.02601479799264861,0.6328862416225131,0.2114196989368048,0.15569405944068213,1,1,1,0,22,18,9,6,5,3,3,1,1,1,3,1,2,1,23,7,8,20,10,3,3,5,1,1
225,2022-02-12,2021_22,Brentford,Crystal Palace,0,0,D,3.14,3.28,2.49,2.93,3.08,2.69,Pinnacle,3.14,3.28,2.49,0.3184713375796178,0.3048780487804878,0.4016064257028112,1.0249558120629167,0.02495581206291675,0.31071713905269166,0.29745482214190605,0.3918280388054023,0,1,2,2,6,11,15,7,2,1,7,2,1,1,1,1,1,3,13,8,5,15,5,5,1,7,1,1
226,2022-02-12,2021_22,Everton,Leeds,3,0,H,2.66,3.65,2.67,2.52,3.55,2.79,Pinnacle,2.66,3.65,2.67,0.37593984962406013,0.273972602739726,0.37453183520599254,1.0244442875697786,0.024444287569778567,0.3669695406432275,0.26743533646876305,0.3655951228880095,1,0,3,1,11,15,20,8,3,1,9,3,1,1,3,0,3,1,16,13,12,15,8,4,4,3,1,1
227,2022-02-12,2021_22,Watford,Brighton,0,2,A,4.25,3.45,2.0,3.82,3.3,2.11,Pinnacle,4.25,3.45,2.0,0.23529411764705882,0.2898550724637681,0.5,1.025149190110827,0.025149190110826947,0.2295218295218295,0.28274428274428276,0.4877338877338877,0,0,1,0,6,11,9,13,1,5,3,2,1,1,1,1,1,1,14,10,15,15,5,2,5,3,1,1
228,2022-02-12,2021_22,Norwich,Man City,0,4,A,18.5,7.75,1.18,16.51,7.29,1.19,Pinnacle,18.5,7.75,1.18,0.05405405405405406,0.12903225806451613,0.8474576271186441,1.0305439392372144,0.030543939237214435,0.05245196443934614,0.12520791511327786,0.8223401204473759,1,3,1,0,5,7,13,15,1,2,5,4,1,1,2,1,0,1,15,20,6,7,7,5,2,3,1,1
229,2022-02-13,2021_22,Burnley,Liverpool,0,1,A,13.5,7.2,1.22,12.85,6.77,1.23,Pinnacle,13.5,7.2,1.22,0.07407407407407407,0.1388888888888889,0.819672131147541,1.032635094110504,0.032635094110504026,0.07173305894458326,0.13449948552109364,0.793767455534323,1,0,1,0,9,13,22,11,3,2,5,5,1,1,2,3,0,1,22,15,5,8,11,7,1,5,1,1
230,2022-02-13,2021_22,Newcastle,Aston Villa,1,0,H,2.83,3.4,2.67,2.78,3.39,2.6,Pinnacle,2.83,3.4,2.67,0.35335689045936397,0.29411764705882354,0.37453183520599254,1.0220063727241802,0.022006372724180157,0.3457482261265001,0.28778455292293975,0.36646722095056,3,1,1,0,20,15,11,13,9,3,3,4,1,1,3,1,3,0,12,8,16,15,4,3,8,1,1,1
231,2022-02-13,2021_22,Tottenham,Wolves,0,2,A,1.69,3.78,5.9,1.7,3.72,5.57,Pinnacle,1.69,3.78,5.9,0.591715976331361,0.2645502645502646,0.1694915254237288,1.0257577663053543,0.025757766305354313,0.5768574177728576,0.25790715239051043,0.16523542983663206,2,0,3,2,8,6,23,15,3,3,10,7,1,1,0,2,1,1,15,7,12,11,4,2,2,1,1,1
232,2022-02-13,2021_22,Leicester,West Ham,2,2,D,3.02,3.62,2.39,2.88,3.5,2.47,Pinnacle,3.02,3.62,2.39,0.33112582781456956,0.27624309392265195,0.41841004184100417,1.0257789635782257,0.025778963578225733,0.3228042683381837,0.269300798447877,0.4078949332139392,0,1,2,1,5,15,22,14,1,5,11,5,1,1,1,0,0,1,9,6,6,18,3,1,1,3,1,1
233,2022-02-15,2021_22,Man United,Brighton,2,0,H,1.83,3.59,5.0,1.84,3.61,4.61,Pinnacle,1.83,3.59,5.0,0.5464480874316939,0.2785515320334262,0.2,1.02499961946512,0.024999619465120082,0.5331202832220068,0.2717576931187388,0.1951220236592545,1,1,1,1,12,22,13,9,8,5,4,3,1,1,2,1,0,1,11,14,9,15,6,5,1,5,1,1
234,2022-02-19,2021_22,Southampton,Everton,2,0,H,1.99,3.67,3.97,2.08,3.55,3.64,Pinnacle,1.99,3.67,3.97,0.5025125628140703,0.2724795640326976,0.2518891687657431,1.0268812956125108,0.026881295612510847,0.4893579861286043,0.26534670092531953,0.24529531294607623,1,3,1,2,13,23,12,8,4,10,8,3,1,1,3,1,0,3,21,11,7,20,10,3,0,9,1,1
235,2022-02-19,2021_22,Liverpool,Norwich,3,1,H,1.13,9.55,25.79,1.13,9.38,22.62,Pinnacle,1.13,9.55,25.79,0.8849557522123894,0.10471204188481674,0.038774718883288095,1.0284425129804942,0.02844251298049416,0.8604814960903642,0.1018161351394881,0.037702368770147786,1,2,0,0,12,22,8,5,4,11,5,1,1,1,0,1,4,1,8,5,22,13,3,1,9,5,1,1
236,2022-02-19,2021_22,Man City,Tottenham,2,3,A,1.28,6.26,11.17,1.28,6.12,11.03,Pinnacle,1.28,6.26,11.17,0.78125,0.1597444089456869,0.08952551477170993,1.0305199237173968,0.030519923717396757,0.7581124653871758,0.15501341145296885,0.08687412315985542,4,2,0,0,22,15,8,6,9,7,3,2,1,1,0,2,2,3,17,8,11,23,7,3,7,10,1,1
237,2022-02-19,2021_22,Crystal Palace,Chelsea,0,1,A,6.49,3.91,1.62,5.62,3.73,1.69,Pinnacle,6.49,3.91,1.62,0.15408320493066255,0.2557544757033248,0.6172839506172839,1.0271216312512714,0.027121631251271427,0.15001456521069817,0.249001158111875,0.6009842766774267,0,1,0,1,6,13,9,5,3,5,2,1,1,1,2,1,0,1,15,15,6,10,7,3,3,2,1,1
238,2022-02-19,2021_22,Aston Villa,Watford,0,1,A,1.61,4.04,6.2,1.65,3.95,5.57,Pinnacle,1.61,4.04,6.2,0.6211180124223602,0.24752475247524752,0.16129032258064516,1.0299330874782529,0.02993308747825285,0.6030663738972996,0.2403309064293694,0.15660271967333103,0,3,1,3,11,12,10,16,1,4,2,8,1,1,0,0,2,1,9,6,11,9,1,1,6,3,1,1
239,2022-02-19,2021_22,Brighton,Burnley,0,3,A,1.68,3.53,6.76,1.63,3.8,6.21,Pinnacle,1.68,3.53,6.76,0.5952380952380952,0.28328611898017,0.14792899408284024,1.0264532083011055,0.026453208301105535,0.5798979343863911,0.27598541919805586,0.14411664641555286,0,2,2,0,10,11,19,9,3,6,7,1,1,1,0,1,1,1,8,9,12,22,5,3,4,5,1,1
240,2022-02-19,2021_22,Arsenal,Brentford,2,1,H,1.52,4.12,7.83,1.54,3.96,7.27,Pinnacle,1.52,4.12,7.83,0.6578947368421053,0.24271844660194175,0.1277139208173691,1.0283271042614162,0.02832710426141616,0.6397718528625485,0.23603233406579457,0.12419581307165692,1,0,0,0,12,20,15,10,2,5,4,1,1,1,0,0,0,2,9,6,6,15,2,2,3,7,1,1
241,2022-02-19,2021_22,West Ham,Newcastle,1,1,D,1.62,4.21,5.8,1.65,4.03,5.39,Pinnacle,1.62,4.21,5.8,0.6172839506172839,0.23752969121140144,0.1724137931034483,1.0272274349321338,0.027227434932133754,0.6009223757327571,0.23123378828671415,0.1678438359805287,2,1,2,0,8,9,13,6,3,3,2,1,1,1,1,3,0,1,10,20,11,11,2,9,1,3,1,1
242,2022-02-20,2021_22,Leeds,Man United,2,4,A,5.02,4.27,1.68,4.77,4.17,1.7,Pinnacle,5.02,4.27,1.68,0.19920318725099603,0.234192037470726,0.5952380952380952,1.0286333199598172,0.028633319959817216,0.1936581125514948,0.22767300351487207,0.5786688839336331,0,3,3,3,7,16,21,12,0,8,10,4,1,1,2,1,0,1,19,12,10,13,7,8,3,4,1,1
243,2022-02-20,2021_22,Wolves,Leicester,2,1,H,2.19,3.27,3.81,2.22,3.23,3.63,Pinnacle,2.19,3.27,3.81,0.4566210045662101,0.3058103975535168,0.26246719160104987,1.0248985937207769,0.02489859372077685,0.44552798429403623,0.2983811270960059,0.2560908886099578,2,0,0,1,11,15,17,12,7,4,7,2,1,1,2,0,2,2,13,5,8,22,2,1,3,11,1,1
244,2022-02-23,2021_22,Burnley,Tottenham,1,0,H,4.71,3.56,1.88,4.65,3.61,1.84,Pinnacle,4.71,3.56,1.88,0.21231422505307856,0.2808988764044944,0.5319148936170213,1.0251279950745942,0.025127995074594178,0.20710996682675648,0.2740134673466357,0.5188765658266079,3,0,0,1,10,8,11,12,4,5,1,4,1,1,3,0,2,2,6,17,21,11,5,7,4,7,1,1
245,2022-02-23,2021_22,Watford,Crystal Palace,1,4,A,3.03,3.17,2.66,2.97,3.12,2.64,Pinnacle,3.03,3.17,2.66,0.33003300330033003,0.31545741324921134,0.37593984962406013,1.0214302661736014,0.021430266173601442,0.3231086979012994,0.3088389131359423,0.3680523889627583,1,0,0,2,8,9,20,11,4,1,1,6,1,1,0,0,1,0,7,6,9,9,0,3,3,2,1,1
246,2022-02-23,2021_22,Liverpool,Leeds,6,0,H,1.18,8.5,16.0,1.18,8.24,15.04,Pinnacle,1.18,8.5,16.0,0.8474576271186441,0.11764705882352941,0.0625,1.0276046859421735,0.027604685942173468,0.8246922563822692,0.11448668970953854,0.06082105390819235,3,1,1,0,29,12,6,8,8,4,1,5,1,1,2,0,4,3,16,7,15,21,6,0,9,10,1,1
247,2022-02-24,2021_22,Arsenal,Wolves,2,1,H,1.68,3.76,6.16,1.67,3.72,5.88,Pinnacle,1.68,3.76,6.16,0.5952380952380952,0.26595744680851063,0.16233766233766234,1.0235332043842682,0.023533204384268203,0.5815523059617548,0.25984251968503935,0.15860517435320584,2,1,1,0,24,12,6,15,8,2,2,4,1,1,2,2,1,0,11,11,17,17,3,7,7,7,1,1
248,2022-02-25,2021_22,Southampton,Norwich,2,0,H,1.51,4.45,6.93,1.51,4.48,6.63,Pinnacle,1.51,4.45,6.93,0.6622516556291391,0.2247191011235955,0.14430014430014432,1.0312709010528789,0.031270901052878886,0.6421704083311296,0.21790501496179898,0.13992457670707154,2,1,0,1,19,13,9,12,11,4,0,8,1,1,1,0,3,4,6,8,29,22,1,3,8,9,1,1
249,2022-02-26,2021_22,Everton,Man City,0,1,A,12.5,6.75,1.25,12.54,6.34,1.25,Pinnacle,12.5,6.75,1.25,0.08,0.14814814814814814,0.8,1.0281481481481483,0.028148148148148255,0.07780979827089336,0.14409221902017288,0.7780979827089337,0,3,2,0,9,21,19,7,0,10,11,0,1,1,2,4,3,0,21,22,6,8,4,9,5,3,1,1
250,2022-02-26,2021_22,Brighton,Aston Villa,0,2,A,2.26,3.29,3.64,2.23,3.26,3.53,Pinnacle,2.26,3.29,3.64,0.4424778761061947,0.303951367781155,0.2747252747252747,1.0211545186126243,0.021154518612624296,0.43331138240210737,0.2976546274251558,0.26903399017273694,0,0,3,2,11,10,10,19,1,3,4,7,1,1,0,0,1,1,20,11,8,10,1,1,4,2,1,1
251,2022-02-26,2021_22,Man United,Watford,0,0,D,1.39,4.98,9.14,1.38,5.0,8.66,Pinnacle,1.39,4.98,9.14,0.7194244604316548,0.2008032128514056,0.10940919037199125,1.0296368636550515,0.02963686365505147,0.6987166891808917,0.19502333292398377,0.10625997789512466,4,2,2,0,15,19,16,10,9,7,6,3,1,1,1,1,4,0,8,8,7,20,1,4,5,1,1,1
252,2022-02-26,2021_22,Brentford,Newcastle,0,2,A,2.32,3.17,3.6,2.38,3.11,3.38,Pinnacle,2.32,3.17,3.6,0.4310344827586207,0.31545741324921134,0.2777777777777778,1.0242696737856098,0.024269673785609847,0.42082128739158653,0.3079827718449466,0.27119594076346687,1,0,2,0,6,9,24,6,2,2,8,3,1,1,1,1,1,0,14,10,11,11,3,2,3,1,1,1
253,2022-02-26,2021_22,Leeds,Tottenham,0,4,A,3.79,3.87,2.0,3.73,3.81,1.97,Pinnacle,3.79,3.87,2.0,0.2638522427440633,0.25839793281653745,0.5,1.0222501755606008,0.022250175560600827,0.2581092662560484,0.25277367418873986,0.4891170595552117,0,2,6,4,3,16,23,15,2,6,15,9,1,1,0,3,1,2,12,6,15,21,2,5,4,4,1,1
254,2022-02-26,2021_22,Crystal Palace,Burnley,1,1,D,1.92,3.34,4.9,1.91,3.33,4.68,Pinnacle,1.92,3.34,4.9,0.5208333333333334,0.29940119760479045,0.2040816326530612,1.024316163591185,0.024316163591185047,0.5084693104005369,0.2922937353200691,0.199236954279394,4,0,1,1,7,7,8,9,5,0,1,3,1,1,1,3,0,0,15,10,12,11,4,4,2,1,1,1
255,2022-02-27,2021_22,West Ham,Wolves,1,0,H,1.94,3.41,4.64,1.94,3.35,4.51,Pinnacle,1.94,3.41,4.64,0.5154639175257733,0.29325513196480935,0.21551724137931036,1.024236290869893,0.024236290869892985,0.5032666017799322,0.286315896613803,0.21041750160626474,1,2,1,2,11,8,14,13,3,3,3,2,1,1,1,2,2,1,6,11,26,17,2,3,5,7,1,1
256,2022-03-01,2021_22,Burnley,Leicester,0,2,A,2.95,3.31,2.63,2.91,3.29,2.56,Pinnacle,2.95,3.31,2.63,0.3389830508474576,0.3021148036253776,0.3802281368821293,1.0213259913549644,0.02132599135496438,0.3319048508671931,0.29580643808405427,0.3722887110487528,1,1,1,0,5,15,11,12,1,4,4,2,1,1,1,2,2,2,17,13,11,8,7,2,3,3,1,1
257,2022-03-05,2021_22,Leicester,Leeds,1,0,H,2.14,3.69,3.51,2.04,3.79,3.54,Pinnacle,2.14,3.69,3.51,0.4672897196261682,0.2710027100271003,0.2849002849002849,1.0231927145535533,0.023192714553553317,0.4566976611342071,0.26485989019707407,0.27844244866871887,2,1,0,2,22,17,9,11,6,7,2,3,1,1,0,0,4,6,19,3,15,23,3,2,11,15,1,1
258,2022-03-05,2021_22,Aston Villa,Southampton,4,0,H,2.27,3.62,3.32,2.25,3.54,3.23,Pinnacle,2.27,3.62,3.32,0.44052863436123346,0.27624309392265195,0.30120481927710846,1.0179765475609939,0.017976547560993872,0.43274929605864854,0.27136489006992603,0.2958858138714254,2,0,0,1,9,20,12,8,4,1,1,4,1,1,2,2,0,0,27,19,8,9,9,11,1,0,1,1
259,2022-03-05,2021_22,Burnley,Chelsea,0,4,A,7.4,4.06,1.55,7.39,4.08,1.52,Pinnacle,7.4,4.06,1.55,0.13513513513513511,0.24630541871921185,0.6451612903225806,1.0266018441769276,0.02660184417692757,0.1316334428012634,0.23992302382496292,0.6284435333737737,0,1,2,1,9,5,22,11,2,1,6,4,1,1,1,2,0,0,9,15,7,6,3,7,0,3,1,1
260,2022-03-05,2021_22,Newcastle,Brighton,2,1,H,2.8,3.17,2.86,2.66,3.11,2.92,Pinnacle,2.8,3.17,2.86,0.35714285714285715,0.31545741324921134,0.3496503496503497,1.0222506200424182,0.02225062004241818,0.34936917634546166,0.30859107058905133,0.342039753065487,2,1,0,1,26,14,6,11,11,3,1,3,1,1,0,0,2,3,12,11,9,10,1,1,4,4,1,1
261,2022-03-05,2021_22,Norwich,Brentford,1,3,A,3.22,3.25,2.48,3.12,3.18,2.47,Pinnacle,3.22,3.25,2.48,0.3105590062111801,0.3076923076923077,0.40322580645161293,1.0214771203551007,0.021477120355100743,0.30402933166356094,0.3012229070635897,0.3947477612728494,0,1,2,3,8,6,27,29,1,1,9,8,1,1,0,1,2,2,6,6,26,24,1,2,11,8,1,1
262,2022-03-05,2021_22,Wolves,Crystal Palace,0,2,A,2.4,3.09,3.55,2.38,3.03,3.47,Pinnacle,2.4,3.09,3.55,0.4166666666666667,0.3236245954692557,0.28169014084507044,1.0219814029809928,0.021981402980992826,0.40770474438311866,0.31666387913251937,0.2756313764843619,0,1,1,2,14,6,13,26,1,2,4,5,1,1,1,4,1,1,11,7,5,8,4,5,1,1,1,1
263,2022-03-05,2021_22,Liverpool,West Ham,1,0,H,1.27,6.5,11.5,1.26,6.67,11.24,Pinnacle,1.27,6.5,11.5,0.7874015748031495,0.15384615384615385,0.08695652173913043,1.0282042503884339,0.028204250388433882,0.765802684151214,0.14962606290339106,0.08457125294539494,6,3,0,1,23,29,3,6,15,8,2,1,1,1,1,1,0,1,13,11,14,14,4,3,1,3,1,1
264,2022-03-06,2021_22,Watford,Arsenal,2,3,A,6.84,4.31,1.55,6.65,4.26,1.54,Pinnacle,6.84,4.31,1.55,0.14619883040935672,0.2320185614849188,0.6451612903225806,1.023378682216856,0.023378682216856017,0.14285897581202195,0.22671818899170074,0.6304228351962775,0,1,0,4,10,8,22,7,2,1,3,5,1,1,2,2,1,1,26,24,6,6,5,8,2,2,1,1
265,2022-03-06,2021_22,Man City,Man United,4,1,H,1.43,5.06,7.66,1.42,5.03,7.75,Pinnacle,1.43,5.06,7.66,0.6993006993006994,0.19762845849802374,0.13054830287206265,1.0274774606707857,0.027477460670785714,0.6805995518813258,0.19234335161863558,0.1270570965000386,1,2,0,3,13,21,6,6,8,4,2,5,1,1,0,4,0,2,22,15,10,16,3,9,2,6,1,1
266,2022-03-07,2021_22,Tottenham,Everton,5,0,H,1.77,3.83,5.05,1.73,3.92,4.96,Pinnacle,1.77,3.83,5.05,0.5649717514124294,0.2610966057441253,0.19801980198019803,1.0240881591367528,0.024088159136752774,0.5516827300187398,0.2549552042123157,0.19336206576894444,4,0,0,1,15,12,19,15,11,2,3,4,1,1,0,0,1,2,6,9,13,19,2,0,8,11,1,1
267,2022-03-10,2021_22,Norwich,Chelsea,1,3,A,10.58,4.98,1.36,9.67,4.94,1.36,Pinnacle,10.58,4.98,1.36,0.0945179584120983,0.2008032128514056,0.7352941176470588,1.0306152889105626,0.030615288910562644,0.09171022342586324,0.1948381855111713,0.7134515910629655,1,0,3,2,15,8,10,27,7,1,6,9,1,1,4,1,0,0,11,9,6,7,5,3,1,0,1,1
268,2022-03-10,2021_22,Southampton,Newcastle,1,2,A,1.92,3.64,4.41,1.96,3.55,4.07,Pinnacle,1.92,3.64,4.41,0.5208333333333334,0.2747252747252747,0.22675736961451246,1.0223159776731205,0.022315977673120546,0.509464142895228,0.2687283391095707,0.22180751799520126,0,2,4,0,11,27,14,8,1,9,9,1,1,1,2,2,1,0,10,26,15,6,4,11,4,1,1,1
269,2022-03-10,2021_22,Wolves,Watford,4,0,H,1.97,3.44,4.44,1.93,3.43,4.38,Pinnacle,1.97,3.44,4.44,0.5076142131979695,0.29069767441860467,0.2252252252252252,1.0235371128417994,0.02353711284179938,0.49594118945878196,0.28401283233540714,0.2200459782058109,0,0,2,1,12,14,12,13,5,1,8,4,1,1,2,0,3,0,13,10,16,22,7,2,4,3,1,1
270,2022-03-10,2021_22,Leeds,Aston Villa,0,3,A,2.86,3.63,2.51,2.85,3.58,2.46,Pinnacle,2.86,3.63,2.51,0.3496503496503497,0.27548209366391185,0.39840637450199207,1.0235388178162537,0.023538817816253665,0.3416092712500515,0.26914669856064666,0.38924403018930176,0,0,1,4,19,19,7,15,4,3,4,11,1,1,4,2,0,0,14,9,11,12,9,4,1,1,1,1
271,2022-03-12,2021_22,Brighton,Liverpool,0,2,A,6.88,4.63,1.51,6.8,4.64,1.48,Pinnacle,6.88,4.63,1.51,0.14534883720930233,0.2159827213822894,0.6622516556291391,1.0235832142207308,0.02358321422073084,0.14200002031096082,0.2110065096629396,0.6469934700260996,1,0,2,2,15,12,10,9,4,1,4,4,1,1,1,6,0,0,22,23,13,3,5,15,5,2,1,1
272,2022-03-12,2021_22,Brentford,Burnley,2,0,H,2.14,3.37,3.88,2.11,3.3,3.82,Pinnacle,2.14,3.37,3.88,0.4672897196261682,0.29673590504451036,0.2577319587628866,1.0217575834335653,0.021757583433565264,0.45733912544682515,0.29041713010569903,0.25224374444747577,3,0,1,2,10,6,15,26,6,1,7,11,1,1,0,0,4,2,6,9,11,22,1,2,5,6,1,1
273,2022-03-12,2021_22,Man United,Tottenham,3,2,H,2.39,3.54,3.12,2.33,3.51,3.09,Pinnacle,2.39,3.54,3.12,0.41841004184100417,0.2824858757062147,0.3205128205128205,1.0214087380600394,0.0214087380600394,0.4096401628947193,0.2765649687340054,0.3137948683712753,1,0,4,0,5,22,24,10,2,3,10,2,1,1,5,4,0,0,14,15,6,19,7,11,0,3,1,1
274,2022-03-13,2021_22,Chelsea,Newcastle,1,0,H,1.41,4.94,8.76,1.41,4.83,8.35,Pinnacle,1.41,4.94,8.76,0.7092198581560284,0.20242914979757085,0.11415525114155252,1.0258042590951517,0.025804259095151716,0.6913793268723819,0.19733701435021425,0.11128365877740393,3,4,1,0,15,11,9,6,7,5,3,1,1,1,2,2,1,1,8,10,14,15,4,4,5,4,1,1
275,2022-03-13,2021_22,Everton,Wolves,0,1,A,2.33,3.1,3.69,2.29,3.12,3.57,Pinnacle,2.33,3.1,3.69,0.4291845493562232,0.3225806451612903,0.2710027100271003,1.0227679045446139,0.02276790454461386,0.4196304434751666,0.3153996559023026,0.26496990062253073,0,0,5,1,6,6,14,13,0,2,7,8,1,1,4,0,0,2,10,12,9,12,5,5,0,8,1,1
276,2022-03-13,2021_22,Leeds,Norwich,2,1,H,1.62,4.38,5.62,1.63,4.21,5.43,Pinnacle,1.62,4.38,5.62,0.6172839506172839,0.22831050228310504,0.17793594306049823,1.0235303959608872,0.02353039596088724,0.6030929350542439,0.2230617704995149,0.17384529444624114,0,0,3,1,4,19,15,7,1,4,9,4,1,1,1,1,3,3,9,15,15,10,3,7,7,6,1,1
277,2022-03-13,2021_22,Southampton,Watford,1,2,A,1.68,4.05,5.48,1.66,4.08,5.29,Pinnacle,1.68,4.05,5.48,0.5952380952380952,0.2469135802469136,0.18248175182481752,1.0246334273098263,0.024633427309826317,0.5809278512422653,0.24097747903382857,0.17809466972390614,1,0,2,4,14,11,8,14,5,1,4,9,1,1,0,2,4,3,9,13,10,16,0,7,5,4,1,1
278,2022-03-13,2021_22,West Ham,Aston Villa,2,1,H,2.58,3.31,3.01,2.53,3.28,2.96,Pinnacle,2.58,3.31,3.01,0.38759689922480617,0.3021148036253776,0.33222591362126247,1.0219376164714462,0.02193761647144621,0.3792764773285317,0.2956293992470126,0.32509412342445576,0,1,1,0,13,13,22,14,5,4,5,1,1,1,3,4,0,0,15,14,4,11,9,9,1,1,1,1
279,2022-03-13,2021_22,Arsenal,Leicester,2,0,H,1.45,4.78,7.92,1.43,4.9,7.49,Pinnacle,1.45,4.78,7.92,0.6896551724137931,0.20920502092050208,0.12626262626262627,1.0251228195969215,0.02512281959692153,0.6727537025124127,0.2040780059922591,0.1231682914953281,3,2,2,1,16,26,13,6,4,5,7,2,1,1,1,2,0,0,7,22,19,9,4,6,4,2,1,1
280,2022-03-14,2021_22,Crystal Palace,Man City,0,0,D,9.88,5.58,1.34,9.89,5.42,1.33,Pinnacle,9.88,5.58,1.34,0.10121457489878542,0.17921146953405018,0.7462686567164178,1.0266947011492533,0.02669470114925332,0.0985829329648713,0.1745518598016001,0.7268652072335288,2,1,0,1,12,11,12,5,8,4,5,1,1,1,4,1,1,0,24,13,5,6,10,8,2,2,1,1
281,2022-03-16,2021_22,Brighton,Tottenham,0,2,A,3.79,3.49,2.12,3.67,3.4,2.13,Pinnacle,3.79,3.49,2.12,0.2638522427440633,0.28653295128939826,0.4716981132075471,1.0220833072410087,0.02208330724100871,0.25815140593216496,0.28034207119854015,0.4615065228692949,0,1,2,2,8,15,18,10,3,4,9,4,1,1,2,5,3,0,10,14,10,6,3,7,6,0,1,1
282,2022-03-16,2021_22,Arsenal,Liverpool,0,2,A,3.75,3.6,2.09,3.6,3.64,2.07,Pinnacle,3.75,3.6,2.09,0.26666666666666666,0.2777777777777778,0.47846889952153115,1.0229133439659757,0.022913343965975663,0.26069331115846367,0.271555532456733,0.4677511563848033,2,3,0,2,21,16,6,13,8,4,3,7,1,1,2,1,0,0,18,22,8,13,9,5,3,5,1,1
283,2022-03-17,2021_22,Everton,Newcastle,1,0,H,2.41,3.31,3.28,2.43,3.21,3.19,Pinnacle,2.41,3.31,3.28,0.41493775933609955,0.3021148036253776,0.3048780487804878,1.021930611741965,0.02193061174196509,0.406033202810907,0.29563142561156674,0.2983353715775262,0,0,1,5,8,6,14,14,2,0,3,7,1,1,0,2,1,1,7,8,8,14,2,4,3,5,1,1
284,2022-03-18,2021_22,Wolves,Leeds,2,3,A,2.29,3.38,3.47,2.23,3.36,3.44,Pinnacle,2.29,3.38,3.47,0.4366812227074236,0.2958579881656805,0.2881844380403458,1.02072364891345,0.02072364891344991,0.4278153280491408,0.28985121338240605,0.28233345856845316,1,4,0,0,14,10,8,9,3,5,2,0,1,1,2,0,1,3,13,4,12,15,7,1,4,9,1,1
285,2022-03-19,2021_22,Aston Villa,Arsenal,0,1,A,2.96,3.42,2.55,2.98,3.39,2.46,Pinnacle,2.96,3.42,2.55,0.33783783783783783,0.29239766081871343,0.3921568627450981,1.0223923614016495,0.022392361401649463,0.33043853865914924,0.28599358901493616,0.3835678723259145,1,3,2,0,13,15,11,4,7,9,4,1,1,1,0,2,2,0,9,21,9,6,2,8,3,3,1,1
286,2022-03-20,2021_22,Leicester,Brentford,2,1,H,2.13,3.55,3.68,2.14,3.4,3.59,Pinnacle,2.13,3.55,3.68,0.4694835680751174,0.28169014084507044,0.2717391304347826,1.0229128393549702,0.022912839354970238,0.4589673235220754,0.2753803941132453,0.2656522823646795,0,1,2,0,6,7,21,19,3,4,8,4,1,1,2,3,0,1,13,10,7,15,4,6,1,7,1,1
287,2022-03-20,2021_22,Tottenham,West Ham,3,1,H,1.73,3.86,5.32,1.73,3.82,5.12,Pinnacle,1.73,3.86,5.32,0.5780346820809249,0.2590673575129534,0.18796992481203006,1.0250719644059083,0.02507196440590831,0.5638966844790563,0.2527308974478672,0.18337241807307655,2,2,0,3,17,10,15,10,7,3,0,6,1,1,2,0,1,1,11,13,13,22,4,5,7,5,1,1
288,2022-04-02,2021_22,Liverpool,Watford,2,0,H,1.17,8.5,18.0,1.16,8.32,17.96,Pinnacle,1.17,8.5,18.0,0.8547008547008548,0.11764705882352941,0.05555555555555555,1.0279034690799398,0.02790346907993979,0.8314991440449987,0.11445341159207628,0.05404744436292491,2,2,0,0,9,18,9,8,3,9,2,3,1,1,2,0,1,4,9,9,13,10,5,0,7,5,1,1
289,2022-04-02,2021_22,Brighton,Norwich,0,0,D,1.52,4.33,7.16,1.49,4.26,7.44,Pinnacle,1.52,4.33,7.16,0.6578947368421053,0.23094688221709006,0.13966480446927373,1.028506423528469,0.028506423528469105,0.639660309154982,0.22454588219759178,0.13579380864742632,0,0,2,2,15,8,17,18,0,3,7,9,1,1,1,1,2,3,12,9,13,15,4,3,7,7,1,1
290,2022-04-02,2021_22,Burnley,Man City,0,2,A,16.5,7.3,1.2,16.6,6.99,1.2,Pinnacle,16.5,7.3,1.2,0.06060606060606061,0.136986301369863,0.8333333333333334,1.030925695309257,0.03092569530925693,0.058788000805315085,0.13287698812160256,0.8083350110730824,0,0,2,4,7,6,13,11,1,1,4,5,1,1,0,4,0,1,18,24,7,5,4,10,1,2,1,1
291,2022-04-02,2021_22,Chelsea,Brentford,1,4,A,1.4,4.77,9.59,1.4,4.7,9.11,Pinnacle,1.4,4.77,9.59,0.7142857142857143,0.20964360587002098,0.10427528675703858,1.028204606912774,0.028204606912773933,0.694692194027788,0.20389288713603843,0.10141491883617343,1,3,0,1,8,15,7,9,3,7,2,3,1,1,1,2,2,0,15,13,12,7,6,4,4,1,1,1
292,2022-04-02,2021_22,Leeds,Southampton,1,1,D,2.5,3.63,2.86,2.45,3.59,2.83,Pinnacle,2.5,3.63,2.86,0.4,0.27548209366391185,0.3496503496503497,1.0251324433142615,0.025132443314261455,0.39019348437241613,0.26872829502232515,0.3410782206052589,3,2,2,1,15,13,14,12,6,7,8,4,1,1,1,1,2,2,13,14,9,8,7,5,5,4,1,1
293,2022-04-02,2021_22,Wolves,Aston Villa,2,1,H,3.16,3.09,2.62,3.07,3.07,2.59,Pinnacle,3.16,3.09,2.62,0.3164556962025316,0.3236245954692557,0.38167938931297707,1.0217596809847644,0.02175968098476444,0.3097163668638147,0.3167325952393705,0.3735510378968147,2,1,3,0,14,14,15,8,8,3,6,2,1,1,0,1,1,2,8,13,10,11,1,7,3,4,1,1
294,2022-04-02,2021_22,Man United,Leicester,1,1,D,1.56,4.76,5.69,1.57,4.43,5.65,Pinnacle,1.56,4.76,5.69,0.641025641025641,0.21008403361344538,0.17574692442882248,1.0268565990679088,0.026856599067908826,0.624260136817067,0.20458945660391276,0.17115040657902014,3,1,2,4,10,5,10,24,6,2,3,10,1,1,2,0,1,2,12,6,15,21,4,3,6,8,1,1
295,2022-04-03,2021_22,Tottenham,Newcastle,5,1,H,1.56,4.33,6.45,1.56,4.23,6.22,Pinnacle,1.56,4.33,6.45,0.641025641025641,0.23094688221709006,0.15503875968992248,1.0270112829326534,0.027011282932653424,0.6241661135359469,0.2248727799344289,0.15096110652962436,3,2,1,0,17,17,6,15,4,7,1,0,1,1,0,0,1,1,17,7,9,8,6,2,3,3,1,1
296,2022-04-03,2021_22,West Ham,Everton,2,1,H,1.79,3.84,4.87,1.79,3.77,4.68,Pinnacle,1.79,3.84,4.87,0.5586592178770949,0.2604166666666667,0.2053388090349076,1.024414693578669,0.0244146935786691,0.5453447918884162,0.25421020246881904,0.20044500564276488,1,2,3,1,6,11,17,13,1,4,4,7,1,1,1,0,0,1,9,8,17,14,3,2,6,3,1,1
297,2022-04-04,2021_22,Crystal Palace,Arsenal,3,0,H,4.15,3.35,2.07,4.05,3.38,2.02,Pinnacle,4.15,3.35,2.07,0.24096385542168672,0.29850746268656714,0.48309178743961356,1.0225631055478674,0.022563105547867446,0.2356469288930422,0.29192082236003736,0.4724322487469204,0,2,0,0,7,12,18,12,1,8,4,5,1,1,1,0,0,2,10,9,8,9,3,2,1,3,1,1
298,2022-04-06,2021_22,Burnley,Everton,3,2,H,2.59,3.09,3.2,2.55,3.1,3.08,Pinnacle,2.59,3.09,3.2,0.3861003861003861,0.3236245954692557,0.3125,1.0222249815696418,0.02222498156964181,0.37770587988127935,0.3165884235898102,0.30570569652891044,0,0,2,2,3,7,18,13,1,1,6,4,1,1,1,1,2,0,13,9,11,17,2,3,5,6,1,1
299,2022-04-08,2021_22,Newcastle,Wolves,1,0,H,2.0,3.41,4.47,2.01,3.28,4.23,Pinnacle,2.0,3.41,4.47,0.5,0.29325513196480935,0.2237136465324385,1.0169687784972479,0.01696877849724787,0.4916571782457657,0.2883619813758156,0.21998084037841867,1,0,5,1,8,17,19,9,1,6,6,3,1,1,2,2,1,3,11,14,15,15,5,8,5,6,1,1
300,2022-04-09,2021_22,Everton,Man United,1,0,H,4.09,3.88,1.92,4.02,3.8,1.9,Pinnacle,4.09,3.88,1.92,0.24449877750611249,0.2577319587628866,0.5208333333333334,1.0230640696023325,0.023064069602332538,0.23898677000859755,0.2519216209626711,0.5090916090287313,2,1,3,2,16,13,13,11,4,2,4,5,1,1,1,3,1,2,11,10,11,10,5,6,3,3,1,1
301,2022-04-09,2021_22,Arsenal,Brighton,1,2,A,1.64,3.88,6.43,1.65,3.76,6.05,Pinnacle,1.64,3.88,6.43,0.6097560975609756,0.2577319587628866,0.15552099533437014,1.0230090516582324,0.023009051658232416,0.5960417423214388,0.25193516943483496,0.1520230882437262,0,1,3,0,12,10,6,8,3,3,5,1,1,1,0,0,0,2,31,15,6,17,4,0,0,7,1,1
302,2022-04-09,2021_22,Southampton,Chelsea,0,6,A,3.93,3.56,2.05,3.85,3.58,2.0,Pinnacle,3.93,3.56,2.05,0.2544529262086514,0.2808988764044944,0.48780487804878053,1.0231566806619263,0.023156680661926332,0.2486939986982583,0.2745414086753245,0.4767645926264172,1,1,1,2,14,13,12,9,6,7,3,5,1,1,1,1,4,0,21,8,17,7,8,3,6,2,1,1
303,2022-04-09,2021_22,Watford,Leeds,0,3,A,2.91,3.45,2.57,2.8,3.43,2.57,Pinnacle,2.91,3.45,2.57,0.3436426116838488,0.2898550724637681,0.38910505836575876,1.0226027425133757,0.022602742513375684,0.33604702725443153,0.2834483621189553,0.38050461062661317,0,2,2,1,5,9,20,13,2,5,3,7,1,1,1,3,1,2,12,15,14,14,3,6,6,8,1,1
304,2022-04-09,2021_22,Aston Villa,Tottenham,0,4,A,3.47,3.59,2.2,3.35,3.52,2.2,Pinnacle,3.47,3.59,2.2,0.2881844380403458,0.2785515320334262,0.45454545454545453,1.0212814246192266,0.021281424619226552,0.28217926136059135,0.272747085493385,0.44507365314602365,1,0,2,1,15,8,11,10,5,1,5,3,1,1,5,3,1,1,19,17,8,6,6,4,1,1,1,1
305,2022-04-10,2021_22,Brentford,West Ham,2,0,H,2.77,3.35,2.76,2.7,3.28,2.75,Pinnacle,2.77,3.35,2.76,0.36101083032490977,0.29850746268656714,0.3623188405797102,1.021837133591187,0.021837133591187108,0.3532958614022552,0.2921282197266408,0.35457591887110396,4,1,1,2,17,15,21,12,6,6,8,4,1,1,2,1,1,3,11,6,13,17,5,1,2,4,1,1
306,2022-04-10,2021_22,Leicester,Crystal Palace,2,1,H,2.53,3.29,3.1,2.52,3.28,2.97,Pinnacle,2.53,3.29,3.1,0.3952569169960475,0.303951367781155,0.3225806451612903,1.0217889299384928,0.021788929938492796,0.38682834136776195,0.2974698187417743,0.31570183989046374,1,2,1,1,11,12,11,15,3,4,5,6,1,1,3,0,0,0,6,7,12,18,5,1,3,4,1,1
307,2022-04-10,2021_22,Norwich,Burnley,2,0,H,3.23,3.42,2.38,3.13,3.37,2.36,Pinnacle,3.23,3.42,2.38,0.30959752321981426,0.29239766081871343,0.42016806722689076,1.0221632512654184,0.022163251265418404,0.3028846153846154,0.2860576923076923,0.41105769230769235,0,1,0,2,6,12,31,13,0,4,4,7,1,1,3,0,2,2,13,3,16,18,4,1,4,6,1,1
308,2022-04-10,2021_22,Man City,Liverpool,2,2,D,1.98,3.82,3.9,1.99,3.74,3.74,Pinnacle,1.98,3.82,3.9,0.5050505050505051,0.2617801047120419,0.25641025641025644,1.0232408661728034,0.02324086617280341,0.49357929471633605,0.25583429411998565,0.2505864111636783,2,0,0,0,18,18,3,7,6,4,1,1,1,1,2,2,0,0,20,9,5,9,3,3,2,2,1,1
309,2022-04-16,2021_22,Watford,Brentford,1,2,A,2.94,3.39,2.58,2.98,3.32,2.49,Pinnacle,2.94,3.39,2.58,0.3401360544217687,0.2949852507374631,0.38759689922480617,1.022718204384038,0.022718204384037932,0.332580424366872,0.2884325804243669,0.3789869952087611,0,0,3,2,8,5,10,20,1,2,5,3,1,1,2,4,0,1,15,17,5,21,7,6,1,8,1,1
310,2022-04-16,2021_22,Southampton,Arsenal,1,0,H,4.08,3.79,1.94,4.0,3.7,1.93,Pinnacle,4.08,3.79,1.94,0.24509803921568626,0.2638522427440633,0.5154639175257733,1.024414199485523,0.024414199485522925,0.23925677654485694,0.2575640232989489,0.5031792001561941,0,1,6,1,4,14,24,12,1,6,14,3,1,1,1,0,2,3,20,12,8,6,4,3,3,5,1,1
311,2022-04-16,2021_22,Tottenham,Brighton,0,1,A,1.51,4.56,6.92,1.52,4.46,6.48,Pinnacle,1.51,4.56,6.92,0.6622516556291391,0.2192982456140351,0.14450867052023122,1.0260585717634054,0.026058571763405425,0.645432603804459,0.21372877889138883,0.14083861730415217,4,5,0,1,11,19,9,8,5,6,8,1,1,1,2,0,1,0,8,31,20,6,3,4,4,0,1,1
312,2022-04-16,2021_22,Man United,Norwich,3,2,H,1.29,6.35,9.95,1.28,6.27,10.17,Pinnacle,1.29,6.35,9.95,0.7751937984496123,0.15748031496062992,0.10050251256281408,1.0331766259730564,0.03317662597305637,0.7503013317974813,0.1524234201604332,0.09727524804208552,0,1,1,1,12,11,7,11,4,5,3,3,1,1,2,0,0,0,17,6,18,31,6,0,4,4,1,1
313,2022-04-17,2021_22,Newcastle,Leicester,2,1,H,2.06,3.56,3.9,2.05,3.52,3.76,Pinnacle,2.06,3.56,3.9,0.4854368932038835,0.2808988764044944,0.25641025641025644,1.0227460260186343,0.02274602601863429,0.4746407034145141,0.2746516429870503,0.25070765359843566,1,1,0,5,12,8,5,19,4,1,2,6,1,1,2,1,1,1,12,11,11,11,3,3,3,5,1,1
314,2022-04-17,2021_22,West Ham,Burnley,1,1,D,1.81,3.8,4.84,1.81,3.72,4.64,Pinnacle,1.81,3.8,4.84,0.5524861878453039,0.2631578947368421,0.2066115702479339,1.02225565283008,0.02225565283007991,0.5404579434858244,0.25742865202877424,0.20211340448540127,0,2,2,1,5,11,15,13,1,5,7,2,1,1,0,3,2,2,18,13,17,16,4,4,6,4,1,1
315,2022-04-19,2021_22,Liverpool,Man United,4,0,H,1.34,5.78,9.17,1.35,5.61,8.56,Pinnacle,1.34,5.78,9.17,0.7462686567164178,0.17301038062283736,0.10905125408942203,1.0283302914286772,0.028330291428677157,0.7257091062440783,0.1682439796482811,0.10604691410764067,2,2,2,0,6,20,11,5,4,3,5,2,1,1,3,0,2,1,20,12,15,7,9,4,4,3,1,1
316,2022-04-20,2021_22,Chelsea,Arsenal,2,4,A,1.96,3.52,4.36,1.92,3.5,4.35,Pinnacle,1.96,3.52,4.36,0.5102040816326531,0.2840909090909091,0.2293577981651376,1.0236527888886997,0.023652788888699705,0.49841517277214864,0.27752663029358277,0.22405819693426865,6,1,0,4,24,21,4,17,14,8,1,6,1,1,0,1,1,2,23,20,9,8,6,4,3,3,1,1
317,2022-04-20,2021_22,Everton,Leicester,1,1,D,2.67,3.31,2.9,2.59,3.3,2.87,Pinnacle,2.67,3.31,2.9,0.37453183520599254,0.3021148036253776,0.3448275862068966,1.0214742250382667,0.02147422503826668,0.3666581358839101,0.29576351142297275,0.3375783526931172,1,2,0,3,7,16,12,13,3,4,4,4,1,1,1,2,2,1,8,12,16,11,2,3,7,3,1,1
318,2022-04-20,2021_22,Newcastle,Crystal Palace,1,0,H,2.32,3.24,3.54,2.3,3.2,3.44,Pinnacle,2.32,3.24,3.54,0.4310344827586207,0.30864197530864196,0.2824858757062147,1.0221623337734773,0.022162333773477316,0.42168887320215304,0.3019500573546281,0.2763610694432189,2,1,1,0,16,12,8,5,7,4,2,2,1,1,1,3,2,0,11,6,12,12,3,5,3,3,1,1
319,2022-04-20,2021_22,Man City,Brighton,3,0,H,1.23,6.5,16.0,1.23,6.48,14.46,Pinnacle,1.23,6.5,16.0,0.8130081300813008,0.15384615384615385,0.0625,1.0293542839274545,0.02935428392745454,0.7898234288969054,0.14945889500664516,0.060717676096449597,2,2,2,0,11,18,6,3,5,6,4,1,1,1,1,2,0,1,12,8,5,20,5,3,0,4,1,1
320,2022-04-21,2021_22,Burnley,Southampton,2,0,H,2.7,3.35,2.8,2.65,3.34,2.75,Pinnacle,2.7,3.35,2.8,0.37037037037037035,0.29850746268656714,0.35714285714285715,1.0260206901997946,0.026020690199794583,0.36097748701173754,0.29093707908408695,0.3480854339041755,1,0,1,2,9,18,21,17,1,4,8,6,1,1,1,0,0,6,9,4,23,24,3,1,6,14,1,1
321,2022-04-23,2021_22,Brentford,Tottenham,0,0,D,4.93,3.99,1.75,4.76,3.97,1.73,Pinnacle,4.93,3.99,1.75,0.20283975659229211,0.2506265664160401,0.5714285714285714,1.0248948944369036,0.024894894436903625,0.19791273982659077,0.24453879883335647,0.5575484613400528,2,2,1,0,16,15,17,5,5,7,4,1,1,1,0,4,1,0,5,11,12,9,0,5,5,8,1,1
322,2022-04-23,2021_22,Norwich,Newcastle,0,3,A,3.54,3.38,2.25,3.47,3.3,2.23,Pinnacle,3.54,3.38,2.25,0.2824858757062147,0.2958579881656805,0.4444444444444444,1.0227883083163396,0.0227883083163396,0.27619192887649263,0.2892661030244923,0.4345419680990151,2,2,3,0,15,17,20,18,4,6,9,4,1,1,1,2,0,1,13,16,10,8,4,7,2,2,1,1
323,2022-04-23,2021_22,Man City,Watford,5,1,H,1.13,9.5,26.0,1.11,10.03,24.75,Pinnacle,1.13,9.5,26.0,0.8849557522123894,0.10526315789473684,0.038461538461538464,1.0286804485686647,0.028680448568664696,0.860282465214287,0.10232833533601518,0.03738919944969786,3,2,0,2,17,11,2,6,5,5,1,4,1,1,1,0,2,3,17,8,16,10,4,1,5,5,1,1
324,2022-04-23,2021_22,Leicester,Aston Villa,0,0,D,3.05,3.39,2.5,2.98,3.35,2.47,Pinnacle,3.05,3.39,2.5,0.3278688524590164,0.2949852507374631,0.4,1.0228541031964795,0.022854103196479514,0.32054312676109614,0.28839425859036666,0.39106261464853725,1,1,1,2,11,8,13,16,3,2,3,7,1,1,0,1,4,2,9,15,11,11,8,5,5,5,1,1
325,2022-04-23,2021_22,Arsenal,Man United,3,1,H,2.06,3.68,3.75,2.05,3.65,3.65,Pinnacle,2.06,3.68,3.75,0.4854368932038835,0.2717391304347826,0.26666666666666666,1.0238426903053328,0.023842690305332814,0.47413230352713204,0.26541101773529674,0.26045667873757117,4,0,2,1,14,23,11,9,4,6,2,3,1,1,0,3,4,2,2,20,14,15,1,9,5,4,1,1
326,2022-04-24,2021_22,Brighton,Southampton,2,2,D,2.15,3.33,3.91,2.08,3.37,3.83,Pinnacle,2.15,3.33,3.91,0.46511627906976744,0.3003003003003003,0.2557544757033248,1.0211710550733926,0.021171055073392564,0.4554734260817245,0.2940744342569693,0.2504521396613063,0,1,3,0,2,12,17,5,1,5,5,0,1,1,0,1,2,0,11,9,16,23,3,3,6,6,1,1
327,2022-04-24,2021_22,Burnley,Wolves,1,0,H,2.57,3.14,3.17,2.57,3.11,3.06,Pinnacle,2.57,3.14,3.17,0.38910505836575876,0.3184713375796178,0.31545741324921134,1.0230338091945879,0.023033809194587862,0.38034428077415416,0.3113008922259796,0.30835482699986627,2,1,0,1,16,9,11,21,6,1,3,8,1,1,0,2,1,1,5,11,12,15,2,5,4,5,1,1
328,2022-04-24,2021_22,Chelsea,West Ham,1,0,H,1.43,4.72,8.16,1.43,4.79,7.9,Pinnacle,1.43,4.72,8.16,0.6993006993006994,0.21186440677966104,0.12254901960784313,1.0337141256882034,0.03371412568820342,0.676493318532466,0.20495454353843778,0.11855213792909634,2,6,4,0,11,24,14,4,2,14,4,1,1,1,1,0,1,2,21,5,9,15,8,1,1,7,1,1
329,2022-04-24,2021_22,Liverpool,Everton,2,0,H,1.21,7.06,16.67,1.2,7.29,15.26,Pinnacle,1.21,7.06,16.67,0.8264462809917356,0.141643059490085,0.05998800239952009,1.0280773428813406,0.02807734288134056,0.8038755904059671,0.13777471167014452,0.05834969792388843,4,2,0,2,14,6,2,11,5,4,1,5,1,1,1,1,1,0,13,7,11,12,3,3,3,4,1,1
330,2022-04-25,2021_22,Crystal Palace,Leeds,0,0,D,2.44,3.49,2.99,2.42,3.44,3.0,Pinnacle,2.44,3.49,2.99,0.4098360655737705,0.28653295128939826,0.33444816053511706,1.0308171773982857,0.03081717739828571,0.39758365941104085,0.2779667991297821,0.32444954145917715,0,1,1,2,10,11,13,12,2,3,4,3,1,1,3,1,0,1,10,12,8,14,5,3,1,6,1,1
331,2022-04-28,2021_22,Man United,Chelsea,1,1,D,3.6,3.62,2.13,3.54,3.61,2.09,Pinnacle,3.6,3.62,2.13,0.2777777777777778,0.27624309392265195,0.4694835680751174,1.023504439775547,0.02350443977554706,0.2713987033008807,0.2698992629511521,0.4587020337479673,1,0,3,4,14,2,14,14,5,1,7,5,1,1,1,2,0,4,26,11,6,14,5,2,2,4,1,1
332,2022-04-30,2021_22,Wolves,Brighton,0,3,A,2.81,3.02,2.99,2.76,2.99,2.93,Pinnacle,2.81,3.02,2.99,0.35587188612099646,0.33112582781456956,0.33444816053511706,1.0214458744706831,0.021445874470683135,0.3484001404434773,0.32417364061131493,0.32742621894520774,0,0,1,1,10,5,14,12,4,2,5,4,1,1,2,0,2,3,8,2,18,17,5,1,5,5,1,1
333,2022-04-30,2021_22,Watford,Burnley,1,2,A,2.71,3.22,2.92,2.63,3.22,2.88,Pinnacle,2.71,3.22,2.92,0.36900369003690037,0.3105590062111801,0.3424657534246575,1.022028449672738,0.022028449672738093,0.3610503114224055,0.30386532420954,0.3350843643680544,1,1,5,2,5,17,21,16,2,4,8,5,1,1,1,2,0,0,14,16,10,11,5,6,4,3,1,1
334,2022-04-30,2021_22,Leeds,Man City,0,4,A,9.2,5.8,1.34,9.49,5.74,1.32,Pinnacle,9.2,5.8,1.34,0.10869565217391305,0.1724137931034483,0.7462686567164178,1.0273781019937793,0.027378101993779325,0.1057990743261639,0.16781922134494962,0.7263817043288864,0,3,0,0,9,10,17,8,2,5,7,1,1,1,5,3,1,0,21,17,5,2,8,5,2,1,1,1
335,2022-04-30,2021_22,Aston Villa,Norwich,2,0,H,1.41,5.19,8.08,1.42,4.86,7.86,Pinnacle,1.41,5.19,8.08,0.7092198581560284,0.19267822736030826,0.12376237623762376,1.0256604617539604,0.025660461753960417,0.69147625808175,0.18785771173319216,0.12066603018505785,0,0,0,4,11,9,5,11,3,8,2,5,1,1,0,2,3,3,5,15,13,20,2,4,7,9,1,1
336,2022-04-30,2021_22,Newcastle,Liverpool,0,1,A,6.72,4.32,1.55,6.44,4.34,1.54,Pinnacle,6.72,4.32,1.55,0.1488095238095238,0.23148148148148145,0.6451612903225806,1.0254522956135859,0.025452295613585862,0.14511598876521378,0.22573598252366586,0.6291480287111204,3,1,0,0,13,13,5,10,7,4,2,2,1,1,2,4,0,0,18,14,9,2,4,5,1,1,1,1
337,2022-04-30,2021_22,Southampton,Crystal Palace,1,2,A,2.53,3.16,3.22,2.46,3.17,3.15,Pinnacle,2.53,3.16,3.22,0.3952569169960475,0.3164556962025316,0.3105590062111801,1.0222716194097592,0.02227161940975919,0.3866456913127076,0.30956126551302215,0.3037930431742702,2,0,2,2,18,11,8,16,5,3,5,6,1,1,0,0,0,1,17,10,9,13,7,2,2,4,1,1
338,2022-05-01,2021_22,Everton,Chelsea,1,0,H,5.21,3.94,1.73,5.11,3.86,1.72,Pinnacle,5.21,3.94,1.73,0.19193857965451055,0.25380710659898476,0.5780346820809249,1.0237803683344202,0.02378036833442021,0.18748023071273953,0.2479116756379119,0.5646080936493486,0,1,2,1,9,13,18,11,1,3,4,3,1,1,1,1,1,0,21,26,6,6,6,5,3,2,1,1
339,2022-05-01,2021_22,Tottenham,Leicester,3,1,H,1.38,5.32,9.05,1.36,5.27,8.81,Pinnacle,1.38,5.32,9.05,0.7246376811594204,0.18796992481203006,0.11049723756906077,1.0231048435405112,0.023104843540511233,0.7082731410514795,0.1837249877163612,0.10800187123215929,0,0,0,1,9,5,15,12,0,0,2,5,1,1,0,1,0,1,5,11,11,13,2,3,3,3,1,1
340,2022-05-01,2021_22,West Ham,Arsenal,1,2,A,4.57,3.92,1.83,4.4,3.89,1.81,Pinnacle,4.57,3.92,1.83,0.2188183807439825,0.25510204081632654,0.5464480874316939,1.020368508992003,0.02036850899200293,0.21445034692431642,0.25000971567452196,0.5355399374011617,0,1,1,1,6,21,26,9,2,8,5,1,1,1,3,4,1,2,14,14,14,11,7,4,5,2,1,1
341,2022-05-02,2021_22,Man United,Brentford,3,0,H,1.8,3.96,4.62,1.76,3.98,4.56,Pinnacle,1.8,3.96,4.62,0.5555555555555556,0.25252525252525254,0.21645021645021645,1.0245310245310246,0.024531024531024626,0.5422535211267605,0.24647887323943662,0.21126760563380279,1,1,1,3,6,14,21,14,3,5,6,7,1,1,0,2,0,1,15,16,9,17,2,5,0,4,1,1
342,2022-05-07,2021_22,Liverpool,Tottenham,1,1,D,1.43,5.3,7.3,1.43,5.12,7.05,Pinnacle,1.43,5.3,7.3,0.6993006993006994,0.18867924528301888,0.136986301369863,1.024966245953581,0.0249662459535811,0.6822670522677577,0.18408337447979123,0.13364957325245116,1,2,0,0,24,18,4,9,10,4,2,1,1,1,3,0,1,0,13,9,6,15,7,0,2,2,1,1
343,2022-05-07,2021_22,Brighton,Man United,4,0,H,2.99,3.3,2.6,3.02,3.34,2.46,Pinnacle,2.99,3.3,2.6,0.33444816053511706,0.30303030303030304,0.3846153846153846,1.0220938481808046,0.02209384818080462,0.32721864154685176,0.29647992067426876,0.37630143777887953,3,2,0,2,17,8,11,18,9,5,1,5,1,1,3,1,0,1,9,6,12,21,5,3,4,6,1,1
344,2022-05-07,2021_22,Crystal Palace,Watford,1,0,H,1.7,3.89,5.59,1.69,3.84,5.33,Pinnacle,1.7,3.89,5.59,0.5882352941176471,0.2570694087403599,0.17889087656529518,1.0241955794233022,0.024195579423302194,0.5743388332615799,0.25099640528141015,0.17466476145700996,2,0,1,0,14,17,8,9,5,7,3,2,1,1,1,1,2,5,13,5,17,21,1,2,6,8,1,1
345,2022-05-07,2021_22,Burnley,Aston Villa,1,3,A,3.19,3.21,2.52,3.09,3.17,2.49,Pinnacle,3.19,3.21,2.52,0.31347962382445144,0.3115264797507788,0.3968253968253968,1.021831500400627,0.02183150040062709,0.30678211006564804,0.30487069504966263,0.38834719488468933,2,1,1,0,17,14,13,10,6,5,1,4,1,1,2,0,0,0,21,11,9,5,6,3,3,2,1,1
346,2022-05-07,2021_22,Brentford,Southampton,3,0,H,2.11,3.64,3.65,2.11,3.54,3.54,Pinnacle,2.11,3.64,3.65,0.47393364928909953,0.2747252747252747,0.273972602739726,1.0226315267541002,0.022631526754100184,0.4634451773586486,0.2686454187436122,0.2679094038977393,0,0,3,0,12,15,9,9,4,2,5,0,1,1,1,2,2,2,8,18,14,8,3,5,5,5,1,1
347,2022-05-07,2021_22,Chelsea,Wolves,2,2,D,1.38,4.94,9.9,1.37,4.9,9.29,Pinnacle,1.38,4.94,9.9,0.7246376811594204,0.20242914979757085,0.10101010101010101,1.0280769319670924,0.028076931967092378,0.704847719686619,0.19690077999342795,0.09825150031995293,0,1,1,1,17,21,9,6,5,6,4,3,1,1,0,0,3,1,11,10,17,14,1,4,9,5,1,1
348,2022-05-08,2021_22,Norwich,West Ham,0,4,A,4.94,4.15,1.72,4.88,4.03,1.7,Pinnacle,4.94,4.15,1.72,0.20242914979757085,0.24096385542168672,0.5813953488372093,1.0247883540564668,0.024788354056466844,0.19753264076068608,0.2351352398452504,0.5673321193940636,0,0,2,3,9,5,21,13,3,2,6,7,1,1,1,0,2,1,8,6,13,26,3,2,7,5,1,1
349,2022-05-08,2021_22,Arsenal,Leeds,2,1,H,1.54,4.56,6.38,1.53,4.51,6.21,Pinnacle,1.54,4.56,6.38,0.6493506493506493,0.2192982456140351,0.15673981191222572,1.02538870687691,0.025388706876910083,0.6332726750311273,0.21386840340963512,0.15285892155923764,2,3,1,1,13,14,8,14,7,7,3,5,1,1,0,0,4,0,7,9,19,17,2,2,6,7,1,1
350,2022-05-08,2021_22,Leicester,Everton,1,2,A,2.74,3.3,2.83,2.68,3.26,2.78,Pinnacle,2.74,3.3,2.83,0.36496350364963503,0.30303030303030304,0.35335689045936397,1.021350697139302,0.021350697139302044,0.35733417000826473,0.2966956441886804,0.3459701858030549,1,0,3,0,6,5,13,11,2,2,7,3,1,1,1,0,0,2,9,9,17,18,4,1,5,4,1,1
351,2022-05-08,2021_22,Man City,Newcastle,5,0,H,1.17,8.25,18.0,1.18,7.9,16.78,Pinnacle,1.17,8.25,18.0,0.8547008547008548,0.12121212121212122,0.05555555555555555,1.0314685314685315,0.03146853146853146,0.8286252354048965,0.11751412429378531,0.05386064030131826,4,5,0,1,19,21,7,5,6,8,2,2,1,1,0,3,1,0,4,13,24,5,2,7,10,2,1,1
352,2022-05-10,2021_22,Aston Villa,Liverpool,1,2,A,6.6,4.5,1.54,6.37,4.55,1.52,Pinnacle,6.6,4.5,1.54,0.15151515151515152,0.2222222222222222,0.6493506493506493,1.023088023088023,0.023088023088023046,0.14809590973201694,0.21720733427362482,0.6346967559943583,3,2,1,0,12,21,14,9,7,6,6,3,1,1,1,1,1,0,22,24,8,4,3,10,3,2,1,1
353,2022-05-11,2021_22,Wolves,Man City,1,5,A,12.79,6.75,1.25,12.0,6.22,1.26,Pinnacle,12.79,6.75,1.25,0.07818608287724786,0.14814814814814814,0.8,1.026334231025396,0.026334231025396004,0.07617994266753945,0.14434688395819695,0.7794731733742636,2,0,2,3,14,11,19,17,4,1,6,9,1,1,5,4,0,0,21,19,7,7,9,6,3,2,1,1
354,2022-05-11,2021_22,Watford,Everton,0,0,D,6.01,3.79,1.68,5.69,3.77,1.67,Pinnacle,6.01,3.79,1.68,0.1663893510815308,0.2638522427440633,0.5952380952380952,1.0254796890636895,0.02547968906368947,0.16225514055129847,0.25729641021459204,0.5804484492341094,0,1,1,2,6,13,15,17,1,1,7,6,1,1,2,1,1,0,10,9,16,17,4,4,9,5,1,1
355,2022-05-11,2021_22,Leicester,Norwich,3,0,H,1.36,5.51,9.35,1.34,5.57,9.13,Pinnacle,1.36,5.51,9.35,0.7352941176470588,0.18148820326678766,0.10695187165775401,1.0237341925716004,0.023734192571600365,0.7182471025999574,0.17728059156732162,0.10447230583272107,1,1,2,3,16,6,10,13,9,2,4,7,1,1,0,0,4,2,8,9,13,21,2,3,5,6,1,1
356,2022-05-11,2021_22,Leeds,Chelsea,0,3,A,4.95,4.19,1.71,4.86,4.12,1.69,Pinnacle,4.95,4.19,1.71,0.20202020202020202,0.2386634844868735,0.5847953216374269,1.0254790081445024,0.025479008144502435,0.19700081660933905,0.23273366162678477,0.5702655217638761,1,0,2,4,3,7,19,19,2,2,9,6,1,1,2,0,2,1,19,17,14,9,6,5,4,4,1,1
357,2022-05-12,2021_22,Tottenham,Arsenal,3,0,H,2.32,3.49,3.27,2.28,3.47,3.22,Pinnacle,2.32,3.49,3.27,0.4310344827586207,0.28653295128939826,0.3058103975535168,1.0233778316015356,0.023377831601535615,0.4211880201509477,0.2799874517908878,0.2988245280581647,1,3,1,1,8,13,22,6,3,7,3,2,1,1,2,2,1,1,19,13,3,8,9,7,2,3,1,1
358,2022-05-15,2021_22,Tottenham,Burnley,1,0,H,1.32,5.75,10.72,1.32,5.56,10.15,Pinnacle,1.32,5.75,10.72,0.7575757575757576,0.17391304347826086,0.09328358208955223,1.0247723831435707,0.024772383143570664,0.7392624645600165,0.1697089483859516,0.09102858705403187,3,1,0,1,16,8,8,22,6,3,4,3,1,1,1,2,3,1,14,17,12,13,6,6,7,1,1,1
359,2022-05-15,2021_22,Aston Villa,Crystal Palace,1,1,D,1.87,3.63,4.57,1.88,3.55,4.46,Pinnacle,1.87,3.63,4.57,0.53475935828877,0.27548209366391185,0.2188183807439825,1.0290598326966642,0.029059832696664234,0.5196581785603529,0.2677026980462424,0.2126391233934048,1,3,2,1,9,12,17,14,4,7,6,6,1,1,1,2,0,1,15,14,6,8,7,5,1,3,1,1
360,2022-05-15,2021_22,Leeds,Brighton,1,1,D,2.73,3.45,2.73,2.67,3.45,2.68,Pinnacle,2.73,3.45,2.73,0.3663003663003663,0.2898550724637681,0.3663003663003663,1.0224558050645007,0.022455805064500733,0.3582554517133956,0.28348909657320875,0.3582554517133956,0,1,3,2,5,3,17,19,0,2,4,9,1,1,4,3,0,0,17,17,15,11,6,9,5,1,1,1
361,2022-05-15,2021_22,Watford,Leicester,1,5,A,5.54,4.01,1.67,5.12,3.95,1.7,Pinnacle,5.54,4.01,1.67,0.18050541516245489,0.24937655860349128,0.5988023952095809,1.0286843689755272,0.028684368975527175,0.17547210845851705,0.24242281318209088,0.582105078359392,0,0,0,1,6,6,16,15,0,1,5,7,1,1,3,1,0,2,20,16,9,10,8,9,5,4,1,1
362,2022-05-15,2021_22,West Ham,Man City,2,2,D,8.32,5.43,1.39,7.97,5.2,1.39,Pinnacle,8.32,5.43,1.39,0.12019230769230768,0.1841620626151013,0.7194244604316548,1.0237788307390638,0.02377883073906384,0.11740065733293303,0.17988461676058987,0.702714725906477,4,1,0,2,13,8,8,13,5,3,2,7,1,1,5,5,1,0,16,21,7,7,5,9,3,3,1,1
363,2022-05-15,2021_22,Wolves,Norwich,1,1,D,1.57,4.44,5.9,1.54,4.44,6.04,Pinnacle,1.57,4.44,5.9,0.6369426751592356,0.2252252252252252,0.1694915254237288,1.0316594258081897,0.0316594258081897,0.6173962639465659,0.21831354378290727,0.16429019227052685,1,2,5,2,7,14,16,19,3,4,5,6,1,1,0,0,3,4,9,8,20,13,5,2,8,5,1,1
364,2022-05-15,2021_22,Everton,Brentford,2,3,A,1.93,3.64,4.32,1.91,3.61,4.21,Pinnacle,1.93,3.64,4.32,0.5181347150259068,0.2747252747252747,0.23148148148148145,1.0243414712326628,0.024341471232662837,0.5058222571057271,0.26819696599287174,0.2259807769014012,0,2,0,1,16,10,6,16,5,4,0,9,1,1,3,0,0,3,18,12,19,9,5,4,4,5,1,1
365,2022-05-16,2021_22,Newcastle,Arsenal,2,0,H,4.31,3.85,1.81,4.29,3.82,1.84,Pinnacle,4.31,3.85,1.81,0.2320185614849188,0.2597402597402597,0.5524861878453039,1.0442450090704825,0.044245009070482455,0.22218785770539265,0.24873497836629666,0.5290771639283106,0,0,5,1,7,4,21,24,3,2,9,10,1,1,0,2,3,1,8,19,16,3,4,9,6,2,1,1
366,2022-05-17,2021_22,Southampton,Liverpool,1,2,A,6.93,5.24,1.45,6.64,4.91,1.47,Pinnacle,6.93,5.24,1.45,0.14430014430014432,0.19083969465648853,0.6896551724137931,1.024795011370426,0.024795011370426057,0.14080878878125713,0.1862223103538381,0.6729689008649047,0,1,3,2,19,8,18,14,4,3,5,5,1,1,2,1,1,1,17,22,9,8,6,3,4,3,1,1
367,2022-05-19,2021_22,Chelsea,Leicester,1,1,D,1.44,4.87,7.49,1.42,4.94,7.48,Pinnacle,1.44,4.87,7.49,0.6944444444444444,0.2053388090349076,0.13351134846461948,1.0332946019439715,0.03329460194397149,0.6720682012060868,0.19872242499728235,0.12920937379663083,3,2,0,2,17,19,5,14,4,6,0,4,1,1,5,3,1,0,13,20,13,9,7,8,5,5,1,1
368,2022-05-19,2021_22,Aston Villa,Burnley,1,1,D,2.04,3.46,4.1,2.04,3.45,3.88,Pinnacle,2.04,3.46,4.1,0.49019607843137253,0.28901734104046245,0.24390243902439027,1.0231158584962252,0.023115858496225217,0.479120790046068,0.2824874022236933,0.23839180773023874,1,1,1,2,13,9,16,17,4,4,4,6,1,1,0,1,1,3,8,14,21,12,1,6,8,7,1,1
369,2022-05-19,2021_22,Everton,Crystal Palace,3,2,H,1.9,3.54,4.64,1.86,3.51,4.62,Pinnacle,1.9,3.54,4.64,0.5263157894736842,0.2824858757062147,0.21551724137931036,1.024318906559209,0.024318906559209097,0.5138202429960336,0.2757792264667977,0.21040053053716892,2,0,3,0,10,16,18,6,5,5,7,0,1,1,1,1,1,0,16,15,13,6,4,7,4,1,1,1
370,2022-05-22,2021_22,Arsenal,Everton,5,1,H,1.36,5.61,8.84,1.34,5.54,8.95,Pinnacle,1.36,5.61,8.84,0.7352941176470588,0.17825311942959002,0.11312217194570136,1.02666940902235,0.026669409022350044,0.7161936560934892,0.17362270450751255,0.11018363939899835,0,0,2,3,11,8,16,16,2,4,4,6,1,1,3,2,2,3,12,10,7,18,6,5,5,7,1,1
371,2022-05-22,2021_22,Brentford,Leeds,1,2,A,2.38,3.9,2.89,2.33,3.8,2.88,Pinnacle,2.38,3.9,2.89,0.42016806722689076,0.25641025641025644,0.3460207612456747,1.022599084882822,0.022599084882821918,0.41088249876053545,0.25074367873078834,0.3383738225086762,3,3,2,0,18,18,10,19,7,5,5,4,1,1,1,0,1,3,19,5,16,17,5,0,6,4,1,1
372,2022-05-22,2021_22,Brighton,West Ham,3,1,H,2.75,3.4,2.74,2.66,3.47,2.68,Pinnacle,2.75,3.4,2.74,0.36363636363636365,0.29411764705882354,0.36496350364963503,1.0227175143448222,0.022717514344822165,0.3555589481317507,0.2875844433418572,0.3568566085263921,1,4,1,0,16,17,19,15,6,6,5,5,1,1,2,4,2,0,6,13,31,8,2,5,8,2,1,1
373,2022-05-22,2021_22,Burnley,Newcastle,1,2,A,2.55,3.31,3.05,2.48,3.28,3.03,Pinnacle,2.55,3.31,3.05,0.3921568627450981,0.3021148036253776,0.3278688524590164,1.022140518829492,0.022140518829492084,0.3836623786269406,0.2955707146521747,0.32076690672088476,1,0,1,1,10,8,22,21,5,1,9,8,1,1,2,0,0,5,16,7,11,21,4,3,2,9,1,1
374,2022-05-22,2021_22,Chelsea,Watford,2,1,H,1.18,7.58,17.72,1.19,7.51,16.11,Pinnacle,1.18,7.58,17.72,0.8474576271186441,0.13192612137203166,0.05643340857787811,1.035817157068554,0.03581715706855393,0.8181536879703919,0.12736429443338554,0.05448201759622249,1,3,1,0,20,17,2,5,7,4,1,0,1,1,1,0,5,0,13,6,13,16,5,0,7,5,1,1
375,2022-05-22,2021_22,Crystal Palace,Man United,1,0,H,2.82,3.57,2.59,2.81,3.49,2.53,Pinnacle,2.82,3.57,2.59,0.3546099290780142,0.2801120448179272,0.3861003861003861,1.0208223599963273,0.02082235999632731,0.34737672583826434,0.27439842209072984,0.378224852071006,2,1,3,1,7,16,12,13,5,4,6,4,1,1,0,3,4,0,15,9,17,12,5,5,6,4,1,1
376,2022-05-22,2021_22,Leicester,Southampton,4,1,H,1.7,4.39,4.67,1.71,4.29,4.52,Pinnacle,1.7,4.39,4.67,0.5882352941176471,0.22779043280182235,0.21413276231263384,1.0301584892321032,0.03015848923210318,0.5710143635821777,0.22112173532795038,0.207863901089872,1,5,1,1,2,13,20,13,1,7,7,5,1,1,1,0,2,3,4,19,24,18,2,4,5,5,1,1
377,2022-05-22,2021_22,Liverpool,Wolves,3,1,H,1.14,9.75,19.0,1.14,9.22,19.12,Pinnacle,1.14,9.75,19.0,0.8771929824561404,0.10256410256410256,0.05263157894736842,1.0323886639676114,0.03238866396761142,0.8496732026143791,0.09934640522875816,0.05098039215686274,2,2,1,1,24,17,4,9,5,6,2,4,1,1,1,1,1,5,17,7,11,16,4,3,2,5,1,1
378,2022-05-22,2021_22,Man City,Aston Villa,3,2,H,1.17,8.4,17.0,1.17,8.27,15.87,Pinnacle,1.17,8.4,17.0,0.8547008547008548,0.11904761904761904,0.058823529411764705,1.0325720031602386,0.03257200316023856,0.8277397141167878,0.11529231732340971,0.05696796855980245,2,5,2,1,31,16,6,7,8,5,2,3,1,1,1,1,1,1,22,13,10,16,9,4,5,4,1,1
379,2022-05-22,2021_22,Norwich,Tottenham,0,5,A,9.82,5.51,1.34,9.99,5.59,1.31,Pinnacle,9.82,5.51,1.34,0.10183299389002036,0.18148820326678766,0.7462686567164178,1.029589853873226,0.02958985387322599,0.09890636888750762,0.1762723307577722,0.72482130035472,1,0,1,3,11,9,17,20,2,5,4,8,1,1,1,3,0,0,21,16,8,8,8,6,1,4,1,1
380,2022-08-05,2022_23,Crystal Palace,Arsenal,0,2,A,4.58,3.63,1.88,4.56,3.57,1.85,Pinnacle,4.58,3.63,1.88,0.2183406113537118,0.27548209366391185,0.5319148936170213,1.0257375986346449,0.025737598634644865,0.21286205326230032,0.26856975315188303,0.5185681935858167,1,2,0,3,6,7,10,12,3,5,4,6,1,1,5,0,1,2,26,11,6,16,9,2,2,4,1,1
381,2022-08-06,2022_23,Everton,Chelsea,0,1,A,6.89,4.16,1.56,6.44,4.04,1.57,Pinnacle,6.89,4.16,1.56,0.14513788098693758,0.24038461538461536,0.641025641025641,1.0265481373971939,0.02654813739719386,0.14138438880706924,0.2341678939617084,0.6244477172312224,1,3,5,2,6,12,26,7,2,6,9,5,1,1,2,1,1,1,19,20,8,2,8,7,3,1,1,1
382,2022-08-06,2022_23,Tottenham,Southampton,4,1,H,1.39,5.34,8.55,1.37,5.24,8.59,Pinnacle,1.39,5.34,8.55,0.7194244604316548,0.18726591760299627,0.11695906432748537,1.0236494423621365,0.023649442362136508,0.7028035484213588,0.18293950043177692,0.11425695114686417,5,1,0,0,19,21,9,8,13,8,0,1,1,1,1,1,4,2,7,4,12,24,2,2,6,5,1,1
383,2022-08-06,2022_23,Newcastle,Nott'm Forest,2,0,H,1.57,4.22,6.6,1.59,4.07,6.15,Pinnacle,1.57,4.22,6.6,0.6369426751592356,0.23696682464454977,0.15151515151515152,1.025424651318937,0.025424651318936897,0.6211501491991418,0.23109140621863808,0.14775844458222012,2,2,1,0,8,16,12,11,6,4,5,2,1,1,,,,,,,,,,,,,0,0
384,2022-08-06,2022_23,Bournemouth,Aston Villa,2,0,H,4.09,3.59,2.0,3.99,3.49,2.0,Pinnacle,4.09,3.59,2.0,0.24449877750611249,0.2785515320334262,0.5,1.0230503095395387,0.023050309539538683,0.23898998438909436,0.27227549753520774,0.4887345180756979,,,,,,,,,,,,,0,0,2,1,3,1,4,22,24,10,2,9,5,5,1,1
385,2022-08-06,2022_23,Fulham,Liverpool,2,2,D,10.5,6.5,1.29,10.33,6.2,1.28,Pinnacle,10.5,6.5,1.29,0.09523809523809523,0.15384615384615385,0.7751937984496123,1.0242780475338615,0.024278047533861535,0.09298070525615434,0.1501996007984032,0.7568196939454424,,,,,,,,,,,,,0,0,3,2,1,1,29,24,7,4,8,5,5,2,1,1
386,2022-08-06,2022_23,Leeds,Wolves,2,1,H,2.45,3.44,3.09,2.43,3.36,3.02,Pinnacle,2.45,3.44,3.09,0.4081632653061224,0.29069767441860467,0.3236245954692557,1.0224855351939828,0.022485535193982775,0.3991873246683015,0.2843049259992264,0.3165077493324721,2,1,1,1,14,19,14,16,6,5,5,6,1,1,1,1,3,1,7,17,29,11,5,4,8,2,1,1
387,2022-08-07,2022_23,Leicester,Brentford,2,2,D,1.96,3.69,4.29,1.92,3.66,4.08,Pinnacle,1.96,3.69,4.29,0.5102040816326531,0.2710027100271003,0.2331002331002331,1.0143070247599866,0.014307024759986575,0.5030075402991334,0.2671801569068568,0.22981230279400966,4,1,1,1,12,2,7,20,6,1,2,7,1,1,1,3,2,2,14,18,14,10,5,7,6,5,1,1
388,2022-08-07,2022_23,Man United,Brighton,1,2,A,1.81,3.86,4.72,1.78,3.77,4.73,Pinnacle,1.81,3.86,4.72,0.5524861878453039,0.2590673575129534,0.21186440677966104,1.0234179521379183,0.023417952137918308,0.5398441435301786,0.25313935227710455,0.20701650419271683,0,0,1,4,10,15,6,17,4,5,3,6,1,1,3,1,1,1,18,16,7,19,7,6,2,5,1,1
389,2022-08-07,2022_23,West Ham,Man City,0,2,A,8.0,5.35,1.41,7.9,5.27,1.39,Pinnacle,8.0,5.35,1.41,0.125,0.1869158878504673,0.7092198581560284,1.0211357460064958,0.021135746006495815,0.12241271592817674,0.18304705185521755,0.6945402322166055,1,2,3,2,7,6,18,31,2,2,7,8,1,1,3,2,2,2,24,31,4,6,5,8,2,2,1,1
390,2022-08-13,2022_23,Aston Villa,Everton,2,1,H,1.81,3.64,5.11,1.78,3.62,4.95,Pinnacle,1.81,3.64,5.11,0.5524861878453039,0.2747252747252747,0.19569471624266144,1.02290617881324,0.022906178813240086,0.5401142346078013,0.268573286989044,0.19131247840315466,0,2,2,3,15,4,7,24,2,2,3,5,1,1,0,1,1,5,8,6,15,26,4,2,6,9,1,1
391,2022-08-13,2022_23,Arsenal,Leicester,4,2,H,1.58,4.42,5.97,1.57,4.4,5.89,Pinnacle,1.58,4.42,5.97,0.6329113924050632,0.22624434389140272,0.16750418760469013,1.026659923901156,0.026659923901156013,0.6164761842461849,0.2203693147305367,0.16315450102327844,2,5,0,1,10,26,10,6,2,9,2,2,1,1,2,4,2,1,14,12,8,7,5,6,3,2,1,1
392,2022-08-13,2022_23,Brighton,Newcastle,0,0,D,2.5,3.3,3.14,2.44,3.28,3.1,Pinnacle,2.5,3.3,3.14,0.4,0.30303030303030304,0.3184713375796178,1.0215016406099209,0.02150164060992088,0.39158037941198703,0.29665180258483864,0.3117678180031743,2,3,1,1,15,18,17,7,4,7,5,2,1,1,2,2,0,1,23,8,5,12,10,6,0,5,1,1
393,2022-08-13,2022_23,Man City,Bournemouth,4,0,H,1.08,13.5,36.0,1.08,12.66,32.0,Pinnacle,1.08,13.5,36.0,0.9259259259259258,0.07407407407407407,0.027777777777777776,1.0277777777777777,0.02777777777777768,0.9009009009009009,0.07207207207207207,0.02702702702702703,2,3,0,2,14,24,6,4,2,5,1,2,1,1,2,,0,,7,,15,,3,,2,,1,0
394,2022-08-13,2022_23,Southampton,Leeds,2,2,D,2.44,3.64,2.96,2.44,3.57,2.87,Pinnacle,2.44,3.64,2.96,0.4098360655737705,0.2747252747252747,0.33783783783783783,1.022399178136883,0.02239917813688308,0.40085719388058816,0.26870647062325137,0.33043633549616047,1,1,4,4,10,7,18,12,2,2,8,6,1,1,2,2,1,1,12,14,15,14,4,6,6,5,1,1
395,2022-08-13,2022_23,Wolves,Fulham,0,0,D,2.23,3.48,3.5,2.22,3.41,3.41,Pinnacle,2.23,3.48,3.5,0.4484304932735426,0.28735632183908044,0.2857142857142857,1.0215011008269088,0.021501100826908814,0.4389916887123631,0.281307892479474,0.27970041880816277,1,1,2,3,15,7,12,29,6,5,4,8,1,1,2,,2,,9,,11,,3,,4,,1,0
396,2022-08-13,2022_23,Brentford,Man United,4,0,H,4.65,4.09,1.78,4.35,3.86,1.83,Pinnacle,4.65,4.09,1.78,0.2150537634408602,0.24449877750611249,0.5617977528089888,1.0213502937559615,0.021350293755961536,0.21055828226181966,0.23938777812162876,0.5500539396165515,2,1,2,2,8,14,14,14,3,5,5,6,1,1,1,0,2,1,17,10,15,6,5,4,4,3,1,1
397,2022-08-14,2022_23,Chelsea,Tottenham,2,2,D,2.17,3.53,3.61,2.16,3.49,3.48,Pinnacle,2.17,3.53,3.61,0.4608294930875576,0.28328611898017,0.2770083102493075,1.021123922317035,0.02112392231703497,0.45129634417132075,0.27742579797500455,0.2712778578536748,1,2,0,1,15,19,8,8,6,8,4,3,1,1,4,5,1,0,18,19,10,9,8,13,2,0,1,1
398,2022-08-14,2022_23,Nott'm Forest,West Ham,1,0,H,4.03,3.68,1.99,4.01,3.62,1.95,Pinnacle,4.03,3.68,1.99,0.24813895781637715,0.2717391304347826,0.5025125628140703,1.02239065106523,0.022390651065230083,0.2427046428464901,0.2657879648563465,0.4915073922971634,0,,2,,5,,23,,0,,10,,1,0,0,1,2,3,6,7,14,18,1,2,2,7,1,1
399,2022-08-15,2022_23,Liverpool,Crystal Palace,1,1,D,1.29,6.25,12.0,1.27,6.1,11.72,Pinnacle,1.29,6.25,12.0,0.7751937984496123,0.16,0.08333333333333333,1.0185271317829456,0.018527131782945627,0.7610929294466855,0.1570895806377959,0.0818174899155187,2,3,2,1,11,29,9,7,4,8,3,5,1,1,0,1,2,0,10,6,10,10,2,3,2,4,1,1
400,2022-08-20,2022_23,Tottenham,Wolves,1,0,H,1.48,4.88,6.99,1.45,4.8,7.17,Pinnacle,1.48,4.88,6.99,0.6756756756756757,0.20491803278688525,0.14306151645207438,1.0236552249146353,0.023655224914635342,0.6600617661400806,0.2001826667801884,0.13975556707973094,2,4,2,1,10,18,16,10,5,8,3,2,1,1,0,1,0,2,7,15,9,12,1,6,3,4,1,1
401,2022-08-20,2022_23,Crystal Palace,Aston Villa,3,1,H,2.56,3.26,3.08,2.5,3.22,3.06,Pinnacle,2.56,3.26,3.08,0.390625,0.3067484662576687,0.3246753246753247,1.0220487909329934,0.02204879093299339,0.38219799628490514,0.30013094186790096,0.3176710618471939,1,0,1,2,7,10,24,10,3,2,4,2,1,1,2,0,1,2,12,15,15,7,4,2,4,3,1,1
402,2022-08-20,2022_23,Everton,Nott'm Forest,1,1,D,1.89,3.58,4.62,1.91,3.52,4.33,Pinnacle,1.89,3.58,4.62,0.5291005291005292,0.27932960893854747,0.21645021645021645,1.024880354489293,0.024880354489293044,0.5162558993183011,0.2725485055060304,0.21119559517566858,1,0,2,1,15,8,12,15,4,4,4,6,1,1,1,0,0,2,13,5,19,23,6,0,5,10,1,1
403,2022-08-20,2022_23,Fulham,Brentford,3,2,H,2.7,3.44,2.8,2.67,3.38,2.73,Pinnacle,2.7,3.44,2.8,0.37037037037037035,0.29069767441860467,0.35714285714285715,1.0182109019318322,0.01821090193183217,0.3637462235649547,0.2854984894259819,0.35075528700906344,0,2,0,2,9,9,7,11,3,3,1,4,1,1,4,2,0,2,13,8,15,14,7,3,4,5,1,1
404,2022-08-20,2022_23,Leicester,Southampton,1,2,A,1.78,4.18,4.51,1.77,4.1,4.38,Pinnacle,1.78,4.18,4.51,0.5617977528089888,0.23923444976076558,0.22172949002217296,1.0227616925919274,0.022761692591927396,0.5492948717948718,0.2339102564102564,0.21679487179487178,2,2,4,2,6,14,19,8,2,5,7,3,1,1,2,1,2,4,14,10,13,18,4,2,5,8,1,1
405,2022-08-20,2022_23,Bournemouth,Arsenal,0,3,A,7.26,4.82,1.47,7.54,4.72,1.44,Pinnacle,7.26,4.82,1.47,0.13774104683195593,0.20746887966804978,0.6802721088435374,1.025482035343543,0.025482035343542986,0.13431834209149437,0.2023135194158193,0.6633681384926864,0,2,4,0,3,7,19,15,1,3,7,2,1,1,4,2,2,0,19,10,6,10,7,2,2,2,1,1
406,2022-08-21,2022_23,Leeds,Chelsea,3,0,H,6.14,4.63,1.55,6.03,4.58,1.53,Pinnacle,6.14,4.63,1.55,0.16286644951140067,0.2159827213822894,0.6451612903225806,1.0240104612162706,0.024010461216270595,0.15904764226525156,0.21091847160013918,0.6300338861346093,2,2,2,1,13,12,14,15,5,4,4,6,1,1,2,1,2,0,16,15,10,8,3,6,5,4,1,1
407,2022-08-21,2022_23,West Ham,Brighton,0,2,A,2.6,3.42,2.9,2.52,3.37,2.91,Pinnacle,2.6,3.42,2.9,0.3846153846153846,0.29239766081871343,0.3448275862068966,1.0218406316409947,0.0218406316409947,0.3763946869070208,0.2861480075901328,0.3374573055028463,0,0,1,2,19,6,13,14,5,1,6,2,1,1,0,2,0,1,13,15,4,17,7,4,1,5,1,1
408,2022-08-21,2022_23,Newcastle,Man City,3,3,D,7.0,5.0,1.47,6.94,4.92,1.45,Pinnacle,7.0,5.0,1.47,0.14285714285714285,0.2,0.6802721088435374,1.0231292517006803,0.023129251700680253,0.13962765957446807,0.19547872340425534,0.6648936170212766,0,2,0,0,4,23,13,5,1,10,7,0,1,1,4,2,0,0,19,14,3,6,7,2,1,1,1,1
409,2022-08-22,2022_23,Man United,Liverpool,2,1,H,4.65,4.5,1.7,4.59,4.37,1.7,Pinnacle,4.65,4.5,1.7,0.2150537634408602,0.2222222222222222,0.5882352941176471,1.0255112797807295,0.025511279780729534,0.20970394736842102,0.2166940789473684,0.5736019736842105,0,1,4,2,15,17,13,15,4,5,7,4,1,1,1,2,1,2,24,11,7,9,4,4,3,3,1,1
410,2022-08-27,2022_23,Man City,Crystal Palace,4,2,H,1.2,7.75,16.0,1.2,7.51,15.24,Pinnacle,1.2,7.75,16.0,0.8333333333333334,0.12903225806451613,0.0625,1.0248655913978495,0.024865591397849496,0.8131147540983606,0.1259016393442623,0.06098360655737705,3,4,3,0,21,19,12,3,10,7,6,1,1,1,3,1,1,1,17,7,13,24,9,3,5,4,1,1
411,2022-08-27,2022_23,Liverpool,Bournemouth,9,0,H,1.15,9.25,19.5,1.15,8.99,18.65,Pinnacle,1.15,9.25,19.5,0.8695652173913044,0.10810810810810811,0.05128205128205128,1.0289553767814639,0.02895537678146387,0.8450951683748169,0.10506588579795022,0.04983894582723279,1,1,2,1,17,24,12,7,5,4,4,3,1,1,0,0,3,4,6,3,14,19,1,1,6,7,1,1
412,2022-08-27,2022_23,Arsenal,Fulham,2,1,H,1.42,5.35,7.5,1.39,5.32,7.66,Pinnacle,1.42,5.35,7.5,0.7042253521126761,0.1869158878504673,0.13333333333333333,1.0244745732964768,0.024474573296476843,0.6874014938669224,0.18245048996094015,0.1301480161721373,3,4,0,2,14,19,6,6,6,7,1,2,1,1,3,0,2,0,18,9,13,7,9,3,5,1,1,1
413,2022-08-27,2022_23,Chelsea,Leicester,2,1,H,1.41,5.2,7.99,1.41,5.06,7.7,Pinnacle,1.41,5.2,7.99,0.7092198581560284,0.1923076923076923,0.1251564455569462,1.0266839960206668,0.026683996020666845,0.6907869031804329,0.1873095256700789,0.12190357114948817,0,2,3,2,14,16,12,10,3,3,6,5,1,1,1,2,2,4,6,6,9,19,1,2,3,7,1,1
414,2022-08-27,2022_23,Brentford,Everton,1,1,D,2.08,3.51,3.91,2.1,3.44,3.72,Pinnacle,2.08,3.51,3.91,0.4807692307692307,0.2849002849002849,0.2557544757033248,1.0214239913728405,0.021423991372840456,0.4706852735298051,0.27892460653618084,0.250390119934014,2,4,3,0,13,13,18,15,5,7,9,4,1,1,1,1,1,2,19,15,14,12,8,4,5,4,1,1
415,2022-08-27,2022_23,Brighton,Leeds,1,0,H,1.74,3.98,5.09,1.75,3.9,4.8,Pinnacle,1.74,3.98,5.09,0.5747126436781609,0.25125628140703515,0.19646365422396858,1.0224325793091646,0.022432579309164646,0.5621032186459489,0.24574361820199775,0.1921531631520533,2,0,0,0,11,13,13,4,2,7,3,1,1,1,3,2,0,2,12,13,14,14,6,5,3,4,1,1
416,2022-08-27,2022_23,Southampton,Man United,0,1,A,3.65,3.95,2.02,3.68,3.93,1.96,Pinnacle,3.65,3.95,2.02,0.273972602739726,0.2531645569620253,0.49504950495049505,1.0221866646522464,0.02218666465224639,0.26802599976485997,0.24766959471942757,0.4843044055157124,2,2,1,2,9,14,6,13,3,4,1,5,1,1,2,0,1,4,12,15,17,13,4,4,5,7,1,1
417,2022-08-28,2022_23,Aston Villa,West Ham,0,1,A,2.12,3.53,3.74,2.12,3.45,3.66,Pinnacle,2.12,3.53,3.74,0.4716981132075471,0.28328611898017,0.267379679144385,1.0223639113321021,0.022363911332102138,0.461379855039036,0.2770893180404409,0.26153082692052304,1,2,3,1,13,12,17,15,5,4,9,4,1,1,0,0,2,1,13,19,11,13,3,5,2,6,1,1
418,2022-08-28,2022_23,Wolves,Newcastle,1,1,D,2.59,3.3,3.0,2.56,3.3,2.92,Pinnacle,2.59,3.3,3.0,0.3861003861003861,0.30303030303030304,0.3333333333333333,1.0224640224640225,0.02246402246402246,0.37761757638173704,0.2963725826753633,0.32600984094289964,0,0,1,0,20,7,11,9,3,1,4,3,1,1,3,0,3,0,12,4,21,13,6,1,10,7,1,1
419,2022-08-28,2022_23,Nott'm Forest,Tottenham,0,2,A,7.1,5.05,1.45,6.89,4.77,1.46,Pinnacle,7.1,5.05,1.45,0.14084507042253522,0.19801980198019803,0.6896551724137931,1.0285200448165264,0.02852004481652637,0.13693954836598252,0.1925288699798962,0.6705315816541213,1,1,1,0,14,13,19,19,5,6,8,5,1,1,1,2,0,2,11,10,20,16,4,5,3,3,1,1
420,2022-08-30,2022_23,Crystal Palace,Brentford,1,1,D,2.12,3.49,3.78,2.09,3.47,3.69,Pinnacle,2.12,3.49,3.78,0.4716981132075471,0.28653295128939826,0.2645502645502646,1.02278132904721,0.022781329047210086,0.4611915566027841,0.2801507449850723,0.25865769841214353,2,3,4,1,2,17,18,13,2,9,5,5,1,1,1,2,1,3,19,13,14,18,5,5,7,9,1,1
421,2022-08-30,2022_23,Fulham,Brighton,2,1,H,3.36,3.29,2.38,3.34,3.26,2.32,Pinnacle,3.36,3.29,2.38,0.2976190476190476,0.303951367781155,0.42016806722689076,1.0217384826270934,0.021738482627093436,0.2912869121399927,0.2974845060153117,0.4112285818446956,1,3,2,2,11,18,22,13,3,9,8,5,1,1,1,2,0,0,13,11,10,13,4,2,2,3,1,1
422,2022-08-30,2022_23,Southampton,Chelsea,2,1,H,5.22,4.11,1.69,5.18,4.1,1.67,Pinnacle,5.22,4.11,1.69,0.19157088122605365,0.24330900243309,0.591715976331361,1.0265958599905045,0.02659585999050451,0.18660788406825016,0.23700563378011333,0.5763864821516366,0,2,1,1,17,9,11,6,5,3,6,1,1,1,2,0,1,3,7,14,17,12,3,3,5,6,1,1
423,2022-08-30,2022_23,Leeds,Everton,1,1,D,2.17,3.65,3.49,2.12,3.6,3.47,Pinnacle,2.17,3.65,3.49,0.4608294930875576,0.273972602739726,0.28653295128939826,1.0213350471166818,0.02133504711668177,0.45120305465725435,0.26824948728938136,0.28054745805336445,0,3,1,0,10,12,13,14,2,6,4,3,1,1,1,1,1,1,14,19,19,14,7,8,5,5,1,1
424,2022-08-31,2022_23,Liverpool,Newcastle,2,1,H,1.29,6.26,10.61,1.29,6.22,10.29,Pinnacle,1.29,6.26,10.61,0.7751937984496123,0.1597444089456869,0.09425070688030161,1.0291889142756008,0.029188914275600775,0.7532084612427408,0.15521388418580442,0.09157765457145484,9,1,0,2,19,17,5,12,12,5,2,4,1,1,1,3,1,3,21,12,10,21,6,6,4,10,1,1
425,2022-08-31,2022_23,Man City,Nott'm Forest,6,0,H,1.1,12.5,26.0,1.09,11.93,27.15,Pinnacle,1.1,12.5,26.0,0.9090909090909091,0.08,0.038461538461538464,1.0275524475524476,0.027552447552447568,0.8847148495984756,0.07785490676466585,0.03743024363685858,4,3,2,3,18,21,2,12,5,10,2,6,1,1,0,1,2,1,17,14,18,19,1,5,7,8,1,1
426,2022-08-31,2022_23,West Ham,Tottenham,1,1,D,3.29,3.51,2.3,3.31,3.56,2.2,Pinnacle,3.29,3.51,2.3,0.303951367781155,0.2849002849002849,0.4347826086956522,1.0236342613770921,0.023634261377092125,0.2969335623567837,0.2783223419241648,0.42474409571905153,1,0,0,2,7,13,9,11,2,3,3,2,1,1,2,1,0,0,18,11,17,20,7,4,1,3,1,1
427,2022-08-31,2022_23,Arsenal,Aston Villa,2,1,H,1.55,4.57,6.27,1.54,4.46,6.08,Pinnacle,1.55,4.57,6.27,0.6451612903225806,0.2188183807439825,0.1594896331738437,1.0234693042404068,0.02346930424040683,0.6303670150629511,0.21380062874126352,0.15583235619578537,2,3,1,0,22,14,11,6,8,6,3,1,1,1,0,1,1,3,9,13,7,17,3,5,2,9,1,1
428,2022-08-31,2022_23,Bournemouth,Wolves,0,0,D,3.4,3.32,2.34,3.3,3.26,2.34,Pinnacle,3.4,3.32,2.34,0.29411764705882354,0.30120481927710846,0.4273504273504274,1.0226728936863594,0.022672893686359386,0.28759699105609193,0.29452703903334715,0.4178759699105609,0,0,9,3,5,6,19,14,2,1,12,6,1,1,1,0,1,1,10,20,21,11,4,3,6,4,1,1
429,2022-09-01,2022_23,Leicester,Man United,0,1,A,3.2,3.76,2.25,3.24,3.75,2.16,Pinnacle,3.2,3.76,2.25,0.3125,0.26595744680851063,0.4444444444444444,1.022901891252955,0.022901891252955053,0.3055033944821609,0.260002888920988,0.43449371659685104,1,1,2,2,17,6,7,9,5,1,3,3,1,1,1,2,0,1,11,12,17,17,6,4,5,5,1,1
430,2022-09-03,2022_23,Everton,Liverpool,0,0,D,7.8,5.4,1.4,7.63,5.19,1.4,Pinnacle,7.8,5.4,1.4,0.12820512820512822,0.18518518518518517,0.7142857142857143,1.0276760276760277,0.027676027676027726,0.12475247524752477,0.1801980198019802,0.695049504950495,1,1,1,1,7,14,14,19,2,7,5,5,1,1,2,9,1,0,23,19,5,5,6,12,2,2,1,1
431,2022-09-03,2022_23,Brentford,Leeds,5,2,H,2.17,3.57,3.55,2.15,3.57,3.42,Pinnacle,2.17,3.57,3.55,0.4608294930875576,0.2801120448179272,0.28169014084507044,1.0226316787505552,0.022631678750555162,0.4506309580108022,0.27391293526146804,0.2754561067277298,1,1,1,1,9,19,13,14,3,5,4,7,1,1,1,0,1,1,14,10,7,13,5,2,2,4,1,1
432,2022-09-03,2022_23,Chelsea,West Ham,2,1,H,1.69,4.03,5.44,1.67,4.02,5.33,Pinnacle,1.69,4.03,5.44,0.591715976331361,0.24813895781637715,0.1838235294117647,1.0236784635595029,0.02367846355950287,0.5780291345329905,0.24239931448157667,0.1795715509854327,1,2,2,1,10,7,9,17,4,3,7,5,1,1,1,1,1,0,14,7,13,9,4,2,4,3,1,1
433,2022-09-03,2022_23,Newcastle,Crystal Palace,0,0,D,2.12,3.47,3.82,2.09,3.42,3.75,Pinnacle,2.12,3.47,3.82,0.4716981132075471,0.2881844380403458,0.2617801047120419,1.0216626559599349,0.021662655959934884,0.46169653990567805,0.2820739667435267,0.2562294933507952,1,1,2,1,5,21,23,10,2,6,6,4,1,1,1,2,1,4,13,2,9,18,4,2,3,5,1,1
434,2022-09-03,2022_23,Nott'm Forest,Bournemouth,2,3,A,2.21,3.38,3.65,2.2,3.35,3.53,Pinnacle,2.21,3.38,3.65,0.45248868778280543,0.2958579881656805,0.273972602739726,1.022319278688212,0.02231927868821204,0.44260995289398813,0.28939881535376144,0.2679912317522503,0,0,6,2,8,17,17,18,1,1,9,7,1,1,0,0,0,9,5,5,17,19,2,2,4,12,1,1
435,2022-09-03,2022_23,Tottenham,Fulham,2,1,H,1.54,4.62,6.24,1.52,4.57,6.2,Pinnacle,1.54,4.62,6.24,0.6493506493506493,0.21645021645021645,0.16025641025641024,1.026057276057276,0.026057276057275924,0.6328600405679514,0.2109533468559838,0.15618661257606492,1,2,1,0,13,18,14,17,4,7,4,1,1,1,2,1,1,2,10,11,7,22,3,3,4,8,1,1
436,2022-09-03,2022_23,Wolves,Southampton,1,0,H,2.14,3.53,3.68,2.16,3.46,3.49,Pinnacle,2.14,3.53,3.68,0.4672897196261682,0.28328611898017,0.2717391304347826,1.0223149690411208,0.022314969041120847,0.4570897754382508,0.2771025834101577,0.26580764115159145,0,1,0,1,17,10,5,21,4,4,2,6,1,1,2,0,1,1,9,17,10,11,7,5,4,6,1,1
437,2022-09-03,2022_23,Aston Villa,Man City,1,1,D,9.35,5.85,1.33,9.02,5.8,1.33,Pinnacle,9.35,5.85,1.33,0.10695187165775401,0.17094017094017094,0.7518796992481203,1.0297717418460453,0.029771741846045252,0.10385978495197795,0.1659981178292297,0.7301420972187923,1,0,2,1,4,9,22,7,3,3,9,2,1,1,6,4,0,2,17,18,8,2,9,5,1,2,1,1
438,2022-09-04,2022_23,Man United,Arsenal,3,1,H,2.71,3.56,2.69,2.66,3.49,2.67,Pinnacle,2.71,3.56,2.69,0.36900369003690037,0.2808988764044944,0.3717472118959108,1.0216497783373055,0.021649778337305525,0.36118413360539187,0.27494634889623937,0.3638695174983688,1,1,0,0,9,11,10,17,2,6,2,5,1,1,2,2,1,1,22,22,4,11,9,8,3,3,1,1
439,2022-09-04,2022_23,Brighton,Leicester,5,2,H,1.94,3.63,4.29,1.91,3.58,4.26,Pinnacle,1.94,3.63,4.29,0.5154639175257733,0.27548209366391185,0.2331002331002331,1.0240462442899183,0.024046244289918306,0.5033599999999999,0.26901333333333327,0.22762666666666662,1,1,2,0,7,13,10,10,4,4,3,2,1,1,0,1,1,2,10,17,9,7,2,5,2,3,1,1
440,2022-09-16,2022_23,Nott'm Forest,Fulham,2,3,A,2.8,3.49,2.64,2.8,3.39,2.58,Pinnacle,2.8,3.49,2.64,0.35714285714285715,0.28653295128939826,0.3787878787878788,1.0224636872201343,0.022463687220134254,0.3492963726798496,0.28023777750818873,0.3704658498119616,2,0,3,6,11,8,8,17,3,1,3,9,1,1,1,2,2,1,9,10,23,7,3,3,10,4,1,1
441,2022-09-16,2022_23,Aston Villa,Southampton,1,0,H,2.14,3.58,3.64,2.08,3.55,3.63,Pinnacle,2.14,3.58,3.64,0.4672897196261682,0.27932960893854747,0.2747252747252747,1.0213446032899904,0.021344603289990438,0.45752405027736814,0.27349203005406925,0.26898391966856255,1,1,1,2,3,4,13,22,1,3,4,9,1,1,0,2,1,1,12,9,7,10,1,7,2,4,1,1
442,2022-09-17,2022_23,Wolves,Man City,0,3,A,9.25,5.65,1.35,9.09,5.53,1.34,Pinnacle,9.25,5.65,1.35,0.10810810810810811,0.17699115044247787,0.7407407407407407,1.0258399992913267,0.025839999291326743,0.10538496079582743,0.17253290041794755,0.722082138786225,1,0,0,0,7,17,12,5,2,4,1,2,1,1,1,6,1,0,13,17,3,8,4,9,1,1,1,1
443,2022-09-17,2022_23,Newcastle,Bournemouth,1,1,D,1.43,5.01,7.85,1.42,4.82,7.89,Pinnacle,1.43,5.01,7.85,0.6993006993006994,0.1996007984031936,0.12738853503184713,1.02629003273574,0.026290032735740043,0.6813870124379964,0.19448771013699295,0.12412527742501078,0,1,0,2,23,5,19,23,6,2,9,6,1,1,3,0,2,0,8,5,11,17,3,2,3,4,1,1
444,2022-09-17,2022_23,Tottenham,Leicester,6,2,H,1.56,4.45,6.38,1.52,4.57,6.26,Pinnacle,1.56,4.45,6.38,0.641025641025641,0.2247191011235955,0.15673981191222572,1.0224845540614622,0.022484554061462214,0.6269294127519001,0.21977750199841892,0.15329308524968094,2,1,1,1,23,13,9,14,10,4,3,4,1,1,2,0,5,1,6,10,23,9,4,2,11,2,1,1
445,2022-09-18,2022_23,Brentford,Arsenal,0,3,A,4.5,3.85,1.85,4.48,3.89,1.8,Pinnacle,4.5,3.85,1.85,0.2222222222222222,0.2597402597402597,0.5405405405405405,1.0225030225030225,0.022503022503022496,0.2173316042413609,0.25402395300938285,0.5286444427492561,5,1,2,1,14,9,17,13,8,3,6,4,1,1,1,2,3,1,16,22,10,4,3,9,6,3,1,1
446,2022-09-18,2022_23,Everton,West Ham,1,0,H,2.95,3.35,2.6,2.92,3.3,2.54,Pinnacle,2.95,3.35,2.6,0.3389830508474576,0.29850746268656714,0.3846153846153846,1.0221058981494093,0.02210589814940933,0.33165159447881964,0.2920514040932889,0.37629700142789146,0,1,0,1,14,7,23,14,3,2,8,5,1,1,1,1,2,1,6,14,8,13,3,4,3,4,1,1
447,2022-10-01,2022_23,Arsenal,Tottenham,3,1,H,1.99,3.75,3.84,1.99,3.71,3.75,Pinnacle,1.99,3.75,3.84,0.5025125628140703,0.26666666666666666,0.2604166666666667,1.0295958961474037,0.029595896147403655,0.4880677600740236,0.2590012913459485,0.2529309485800279,3,1,0,3,13,16,5,10,7,3,2,6,1,1,6,2,2,1,16,23,19,9,11,10,7,3,1,1
448,2022-10-01,2022_23,Bournemouth,Brentford,0,0,D,3.3,3.53,2.27,3.18,3.49,2.27,Pinnacle,3.3,3.53,2.27,0.30303030303030304,0.28328611898017,0.44052863436123346,1.0268450563717066,0.026845056371706644,0.29510810920300073,0.27588010208779107,0.4290117887092081,1,3,1,2,10,8,20,11,3,3,7,3,1,1,0,5,3,2,5,14,13,17,2,8,7,6,1,1
449,2022-10-01,2022_23,Crystal Palace,Chelsea,1,2,A,4.83,3.78,1.79,4.82,3.74,1.77,Pinnacle,4.83,3.78,1.79,0.20703933747412007,0.2645502645502646,0.5586592178770949,1.0302488199014797,0.03024881990147965,0.20096051892970745,0.2567828852990707,0.5422565957712218,0,1,0,1,19,13,23,9,9,4,6,3,1,1,2,1,1,2,8,10,6,9,3,4,3,7,1,1
450,2022-10-01,2022_23,Fulham,Newcastle,1,4,A,2.95,3.42,2.51,2.91,3.42,2.48,Pinnacle,2.95,3.42,2.51,0.3389830508474576,0.29239766081871343,0.39840637450199207,1.029787086168163,0.029787086168163057,0.3291778032571891,0.28393991801424207,0.3868822787285689,3,1,2,2,15,9,11,23,7,3,3,10,1,1,1,0,1,0,20,23,10,19,7,6,3,9,1,1
451,2022-10-01,2022_23,Liverpool,Brighton,3,3,D,1.49,4.76,6.85,1.47,4.77,6.72,Pinnacle,1.49,4.76,6.85,0.6711409395973155,0.21008403361344538,0.14598540145985403,1.027210374670615,0.027210374670614934,0.653362695847502,0.20451899512873484,0.1421183090237632,0,2,0,1,23,23,14,5,8,6,3,2,1,1,5,1,2,2,23,7,6,10,11,4,4,3,1,1
452,2022-10-01,2022_23,Southampton,Everton,1,2,A,2.38,3.32,3.23,2.33,3.3,3.24,Pinnacle,2.38,3.32,3.23,0.42016806722689076,0.30120481927710846,0.30959752321981426,1.0309704097238135,0.030970409723813486,0.4075461945987854,0.292156609381057,0.30029719602015764,0,0,1,1,7,12,11,7,1,1,3,2,1,1,1,0,0,0,7,14,14,23,2,3,4,8,1,1
453,2022-10-01,2022_23,West Ham,Wolves,2,0,H,2.07,3.36,4.01,2.05,3.37,3.95,Pinnacle,2.07,3.36,4.01,0.48309178743961356,0.2976190476190476,0.24937655860349128,1.0300873936621524,0.030087393662152406,0.46898136062235685,0.28892601681198765,0.24209262256565553,0,1,1,2,14,6,7,8,4,3,2,3,1,1,0,1,3,0,6,7,16,12,1,2,7,1,1,1
454,2022-10-02,2022_23,Leeds,Aston Villa,0,0,D,2.45,3.49,3.06,2.41,3.42,3.02,Pinnacle,2.45,3.49,3.06,0.4081632653061224,0.28653295128939826,0.32679738562091504,1.0214936022164356,0.021493602216435592,0.3995749600589668,0.28050391178924605,0.3199211281517872,2,1,5,1,17,14,14,7,6,5,8,2,1,1,1,1,0,1,11,3,7,13,3,1,1,4,1,1
455,2022-10-02,2022_23,Man City,Man United,6,3,H,1.43,5.6,6.7,1.44,5.31,6.61,Pinnacle,1.43,5.6,6.7,0.6993006993006994,0.17857142857142858,0.14925373134328357,1.0271258592154116,0.027125859215411552,0.6808325318913426,0.17385545010796782,0.14531201800068952,3,1,0,1,16,13,6,3,7,4,1,1,1,1,3,1,1,0,10,9,16,10,6,2,3,2,1,1
456,2022-10-03,2022_23,Leicester,Nott'm Forest,4,0,H,1.74,4.15,4.75,1.72,4.07,4.74,Pinnacle,1.74,4.15,4.75,0.5747126436781609,0.24096385542168672,0.21052631578947367,1.0262028148893214,0.026202814889321413,0.5600380698041109,0.23481114252027782,0.20515078767561115,2,2,6,5,19,6,16,23,7,4,11,11,1,1,2,2,3,3,11,11,15,8,3,3,7,3,1,1
457,2022-10-08,2022_23,Bournemouth,Leicester,2,1,H,3.45,3.54,2.22,3.29,3.53,2.21,Pinnacle,3.45,3.54,2.22,0.2898550724637681,0.2824858757062147,0.4504504504504504,1.0227913986204333,0.022791398620433334,0.2833960794495651,0.27619109437881345,0.44041282617162136,0,1,0,1,7,10,13,20,1,3,4,7,1,1,4,2,0,6,17,19,10,16,7,7,3,11,1,1
458,2022-10-08,2022_23,Chelsea,Wolves,3,0,H,1.53,4.36,7.03,1.51,4.32,6.88,Pinnacle,1.53,4.36,7.03,0.6535947712418301,0.2293577981651376,0.14224751066856328,1.025200080075531,0.025200080075530984,0.6375289896521242,0.22372003535957566,0.13875097498830014,2,2,1,1,13,8,7,6,3,3,3,3,1,1,0,0,2,3,15,6,18,16,4,1,5,7,1,1
459,2022-10-08,2022_23,Man City,Southampton,4,0,H,1.13,11.0,21.0,1.12,10.26,20.84,Pinnacle,1.13,11.0,21.0,0.8849557522123894,0.09090909090909091,0.047619047619047616,1.023483890740528,0.023483890740527924,0.864650396765983,0.0888231771223237,0.046526426111693366,6,3,3,0,22,16,12,6,10,7,8,1,1,1,1,0,2,1,22,7,12,11,6,1,5,3,1,1
460,2022-10-08,2022_23,Newcastle,Brentford,5,1,H,1.69,4.05,5.35,1.68,4.0,5.11,Pinnacle,1.69,4.05,5.35,0.591715976331361,0.2469135802469136,0.1869158878504673,1.025545444428742,0.02554544442874196,0.5769768463658513,0.24076317786624413,0.18225997576790445,4,1,1,1,19,20,3,10,10,7,1,3,1,1,0,0,0,3,13,5,7,13,4,2,1,7,1,1
461,2022-10-08,2022_23,Brighton,Tottenham,0,1,A,2.58,3.4,2.94,2.58,3.32,2.86,Pinnacle,2.58,3.4,2.94,0.38759689922480617,0.29411764705882354,0.3401360544217687,1.0218506007053985,0.02185060070539846,0.37930877464596324,0.28782842311370155,0.3328628022403351,3,5,3,2,6,23,15,6,6,11,7,4,1,1,1,6,3,2,7,16,22,19,3,11,9,7,1,1
462,2022-10-09,2022_23,Crystal Palace,Leeds,2,1,H,2.09,3.62,3.73,2.07,3.58,3.61,Pinnacle,2.09,3.62,3.73,0.47846889952153115,0.27624309392265195,0.2680965147453083,1.0228085081894913,0.022808508189491317,0.4677990999199699,0.2700829057548997,0.26211799432513055,1,0,2,0,7,19,13,23,3,9,3,6,1,1,0,2,0,5,9,17,19,14,1,6,7,8,1,1
463,2022-10-09,2022_23,West Ham,Fulham,3,1,H,1.63,4.11,5.89,1.64,4.03,5.54,Pinnacle,1.63,4.11,5.89,0.6134969325153374,0.24330900243309,0.16977928692699493,1.0265852218754223,0.026585221875422338,0.5976093552121932,0.2370080897800182,0.16538255500778862,2,0,0,1,18,14,15,7,5,4,4,2,1,1,1,3,4,2,3,15,19,11,1,7,10,3,1,1
464,2022-10-09,2022_23,Arsenal,Liverpool,3,2,H,2.58,3.84,2.67,2.53,3.75,2.67,Pinnacle,2.58,3.84,2.67,0.38759689922480617,0.2604166666666667,0.37453183520599254,1.0225454010974655,0.0225454010974655,0.3790510414587076,0.2546749184800692,0.3662740400612231,3,3,1,0,22,13,7,5,9,7,3,2,1,1,3,0,3,0,15,23,6,14,7,8,6,3,1,1
465,2022-10-09,2022_23,Everton,Man United,1,2,A,3.65,3.68,2.09,3.59,3.59,2.08,Pinnacle,3.65,3.68,2.09,0.273972602739726,0.2717391304347826,0.47846889952153115,1.0241806326960399,0.024180632696039872,0.26750418236139073,0.2653234417443142,0.46717237589429494,2,1,1,0,12,7,22,14,5,2,6,4,1,1,3,3,6,1,12,10,22,16,8,6,10,3,1,1
466,2022-10-10,2022_23,Nott'm Forest,Aston Villa,1,1,D,3.79,3.64,2.03,3.77,3.6,2.02,Pinnacle,3.79,3.64,2.03,0.2638522427440633,0.2747252747252747,0.4926108374384237,1.0311883549077616,0.031188354907761617,0.25587201551327116,0.26641619197673005,0.4777117925099989,0,2,4,3,10,11,17,15,3,3,7,7,1,1,0,1,0,0,19,11,9,7,7,3,1,1,1,1
467,2022-10-14,2022_23,Brentford,Brighton,2,0,H,3.35,3.53,2.27,3.23,3.46,2.27,Pinnacle,3.35,3.53,2.27,0.29850746268656714,0.28328611898017,0.44052863436123346,1.0223222160279706,0.022322216027970576,0.291989607588064,0.2771006190991543,0.43090977331278174,1,0,5,0,6,13,16,7,3,4,6,1,1,1,0,3,1,3,14,6,8,15,4,6,3,7,1,1
468,2022-10-15,2022_23,Fulham,Bournemouth,2,2,D,1.98,3.69,4.03,1.96,3.6,3.94,Pinnacle,1.98,3.69,4.03,0.5050505050505051,0.2710027100271003,0.24813895781637715,1.0241921728939825,0.024192172893982455,0.4931208404214045,0.26460142656758295,0.2422777330110126,1,1,3,4,8,3,17,19,2,1,8,10,1,1,2,0,1,0,10,7,9,13,4,1,5,4,1,1
469,2022-10-15,2022_23,Wolves,Nott'm Forest,1,0,H,1.76,3.91,5.02,1.73,3.81,5.02,Pinnacle,1.76,3.91,5.02,0.5681818181818182,0.2557544757033248,0.19920318725099603,1.0231394811361392,0.023139481136139173,0.5553317300891215,0.24997029282783984,0.1946979770830386,0,0,3,2,8,15,20,18,2,4,7,5,1,1,1,0,1,4,6,10,12,17,3,3,2,7,1,1
470,2022-10-15,2022_23,Leicester,Crystal Palace,0,0,D,2.49,3.54,2.96,2.4,3.47,2.99,Pinnacle,2.49,3.54,2.96,0.4016064257028112,0.2824858757062147,0.33783783783783783,1.0219301392468636,0.0219301392468636,0.3929881410472783,0.27642386192308566,0.3305879970296362,1,4,2,0,9,17,10,10,5,7,4,3,1,1,2,1,1,2,13,7,10,13,5,3,4,3,1,1
471,2022-10-15,2022_23,Tottenham,Everton,2,0,H,1.5,4.7,6.9,1.47,4.68,6.9,Pinnacle,1.5,4.7,6.9,0.6666666666666666,0.2127659574468085,0.14492753623188406,1.0243601603453591,0.02436016034535915,0.6508127633955448,0.20770620108368454,0.14148103552077063,1,1,0,3,8,7,14,22,3,3,4,9,1,1,1,2,2,1,11,12,12,22,2,5,4,6,1,1
472,2022-10-16,2022_23,Liverpool,Man City,1,0,H,3.81,4.25,1.9,3.8,4.11,1.88,Pinnacle,3.81,4.25,1.9,0.26246719160104987,0.23529411764705882,0.5263157894736842,1.0240770987217929,0.024077098721792867,0.25629631980702394,0.22976211257994383,0.5139415676130322,2,3,3,3,8,15,11,6,3,7,7,6,1,1,4,6,0,3,21,22,5,12,8,10,0,8,1,1
473,2022-10-16,2022_23,Man United,Newcastle,0,0,D,2.08,3.68,3.71,2.08,3.68,3.52,Pinnacle,2.08,3.68,3.71,0.4807692307692307,0.2717391304347826,0.2695417789757412,1.0220501401797546,0.022050140179754596,0.47039691289966923,0.26587651598676953,0.2637265711135612,2,3,1,6,12,12,11,22,4,8,2,10,1,1,5,4,1,1,16,19,6,3,6,10,3,1,1,1
474,2022-10-16,2022_23,Southampton,West Ham,1,1,D,3.01,3.37,2.54,2.97,3.36,2.47,Pinnacle,3.01,3.37,2.54,0.33222591362126247,0.29673590504451036,0.39370078740157477,1.0226626060673476,0.0226626060673476,0.3248636565473322,0.29016012053634116,0.38497622291632666,0,1,4,2,5,22,21,12,0,6,8,5,1,1,3,2,1,0,17,18,8,15,8,5,2,4,1,1
475,2022-10-16,2022_23,Leeds,Arsenal,0,1,A,4.97,4.22,1.7,5.11,4.27,1.64,Pinnacle,4.97,4.22,1.7,0.2012072434607646,0.23696682464454977,0.5882352941176471,1.0264093622229615,0.02640936222296153,0.19603021062180978,0.23086970303089918,0.5731000863472909,1,0,2,0,10,9,13,19,4,1,5,7,1,1,3,3,2,1,11,22,8,7,7,9,3,3,1,1
476,2022-10-16,2022_23,Aston Villa,Chelsea,0,2,A,3.97,3.49,2.07,3.98,3.48,2.0,Pinnacle,3.97,3.49,2.07,0.2518891687657431,0.28653295128939826,0.48309178743961356,1.021513907494755,0.021513907494755014,0.24658417953750317,0.28049833603549784,0.4729174844269989,1,0,1,0,12,19,6,9,2,7,3,1,1,1,3,2,0,1,20,13,8,7,7,3,2,3,1,1
477,2022-10-18,2022_23,Brighton,Nott'm Forest,0,0,D,1.41,5.08,8.53,1.39,4.99,8.28,Pinnacle,1.41,5.08,8.53,0.7092198581560284,0.19685039370078738,0.1172332942555686,1.0233035461123843,0.023303546112384277,0.6930688951977289,0.19236754768283418,0.11456355711943703,0,0,2,1,21,14,7,8,7,4,3,3,1,1,0,1,1,1,10,6,9,12,2,3,2,2,1,1
478,2022-10-18,2022_23,Crystal Palace,Wolves,2,1,H,2.13,3.39,3.89,2.11,3.3,3.81,Pinnacle,2.13,3.39,3.89,0.4694835680751174,0.2949852507374631,0.2570694087403599,1.0215382275529405,0.021538227552940548,0.4595849234147106,0.2887657483402164,0.25164932824507286,0,2,0,1,8,13,14,10,1,5,5,4,1,1,1,0,0,3,9,8,10,20,2,2,2,7,1,1
479,2022-10-19,2022_23,Bournemouth,Southampton,0,1,A,2.71,3.3,2.86,2.68,3.24,2.79,Pinnacle,2.71,3.3,2.86,0.36900369003690037,0.30303030303030304,0.3496503496503497,1.021684342717553,0.02168434271755304,0.36117191446371444,0.2965987539989897,0.3422293315372959,2,2,2,1,10,10,19,9,6,4,4,5,1,1,1,0,1,4,10,5,25,21,8,0,4,8,1,1
480,2022-10-19,2022_23,Brentford,Chelsea,0,0,D,4.49,3.72,1.88,4.39,3.71,1.84,Pinnacle,4.49,3.72,1.88,0.22271714922048996,0.26881720430107525,0.5319148936170213,1.0234492471385865,0.023449247138586538,0.21761425868764311,0.26265807029771976,0.519727671014637,2,1,0,5,7,6,21,16,3,3,7,6,1,1,2,3,0,0,8,20,18,8,4,7,7,2,1,1
481,2022-10-19,2022_23,Liverpool,West Ham,1,0,H,1.44,5.05,7.4,1.43,5.02,7.22,Pinnacle,1.44,5.05,7.4,0.6944444444444444,0.19801980198019803,0.13513513513513511,1.0275993815597775,0.02759938155977748,0.6757929762378386,0.1927013635212847,0.1315056602408767,1,2,0,3,13,8,16,11,2,3,6,7,1,1,1,3,1,1,25,17,10,8,4,8,8,2,1,1
482,2022-10-19,2022_23,Newcastle,Everton,1,0,H,1.66,4.06,5.74,1.67,3.93,5.37,Pinnacle,1.66,4.06,5.74,0.6024096385542169,0.24630541871921185,0.17421602787456444,1.0229310851479931,0.022931085147993135,0.5889053987122338,0.2407839807542631,0.17031062053350313,0,5,0,1,9,16,15,6,2,6,2,3,1,1,0,1,2,2,4,11,21,12,0,2,7,4,1,1
483,2022-10-19,2022_23,Man United,Tottenham,2,0,H,2.43,3.55,3.05,2.37,3.5,3.02,Pinnacle,2.43,3.55,3.05,0.4115226337448559,0.28169014084507044,0.3278688524590164,1.0210816270489427,0.021081627048942675,0.4030261860006328,0.2758742625300106,0.32109955146935665,0,2,0,1,15,12,9,11,2,4,2,2,1,1,2,1,0,0,21,8,4,14,7,3,0,4,1,1
484,2022-10-20,2022_23,Fulham,Aston Villa,3,0,H,3.03,3.47,2.47,2.97,3.42,2.44,Pinnacle,3.03,3.47,2.47,0.33003300330033003,0.2881844380403458,0.4048582995951417,1.0230757409358175,0.023075740935817546,0.32258902258638794,0.2816843626618892,0.3957266147517229,2,1,2,3,19,8,10,17,4,2,6,8,1,1,0,1,2,1,18,12,8,6,7,2,4,3,1,1
485,2022-10-20,2022_23,Leicester,Leeds,2,0,H,2.37,3.64,3.05,2.3,3.56,3.08,Pinnacle,2.37,3.64,3.05,0.42194092827004215,0.2747252747252747,0.3278688524590164,1.0245350554543333,0.02453505545433332,0.4118364969785549,0.268146290615158,0.320017212406287,0,1,0,2,14,9,8,10,5,5,1,4,1,1,0,1,1,2,16,10,9,13,4,4,4,5,1,1
486,2022-10-22,2022_23,Man City,Brighton,3,1,H,1.23,7.25,14.0,1.23,6.72,13.0,Pinnacle,1.23,7.25,14.0,0.8130081300813008,0.13793103448275862,0.07142857142857142,1.0223677359926309,0.022367735992630866,0.7952208402702967,0.1349133287630986,0.06986583096660463,0,4,1,0,16,21,13,5,6,8,2,0,1,1,0,0,0,2,19,21,3,7,7,7,0,3,1,1
487,2022-10-22,2022_23,Chelsea,Man United,1,1,D,2.17,3.65,3.62,2.14,3.57,3.45,Pinnacle,2.17,3.65,3.62,0.4608294930875576,0.273972602739726,0.27624309392265195,1.0110451897499355,0.011045189749935513,0.45579514917778874,0.27097958183994564,0.2732252689822657,0,2,0,0,14,8,8,18,5,4,5,7,1,1,2,0,0,0,28,15,9,9,10,2,2,2,1,1
488,2022-10-22,2022_23,Nott'm Forest,Liverpool,1,0,H,9.5,5.5,1.36,8.89,5.44,1.35,Pinnacle,9.5,5.5,1.36,0.10526315789473684,0.18181818181818182,0.7352941176470588,1.0223754573599775,0.02237545735997748,0.10295939435650378,0.17783895388850654,0.7192016517549896,0,0,0,1,3,10,19,9,0,2,7,2,1,1,1,1,0,0,22,13,8,16,7,2,3,6,1,1
489,2022-10-22,2022_23,Everton,Crystal Palace,3,0,H,2.54,3.18,3.18,2.52,3.15,3.05,Pinnacle,2.54,3.18,3.18,0.39370078740157477,0.31446540880503143,0.31446540880503143,1.0226316050116375,0.022631605011637523,0.38498789346246975,0.3075060532687652,0.3075060532687652,0,0,1,2,1,4,16,21,0,0,4,7,1,1,2,0,1,0,14,8,10,14,4,1,4,5,1,1
490,2022-10-23,2022_23,Aston Villa,Brentford,4,0,H,2.08,3.57,3.81,2.07,3.5,3.68,Pinnacle,2.08,3.57,3.81,0.4807692307692307,0.2801120448179272,0.26246719160104987,1.0233484671882078,0.023348467188207822,0.46980011812614625,0.2737210772275586,0.2564788046462951,0,0,3,2,12,18,18,8,6,7,8,4,1,1,0,2,0,0,8,7,14,21,5,3,5,7,1,1
491,2022-10-23,2022_23,Leeds,Fulham,2,3,A,2.1,3.81,3.51,2.09,3.74,3.43,Pinnacle,2.1,3.81,3.51,0.47619047619047616,0.26246719160104987,0.2849002849002849,1.0235579526918108,0.023557952691810824,0.4652305958232882,0.2564263126585053,0.27834309151820663,0,0,2,1,14,16,5,9,2,4,1,4,1,1,3,2,0,2,18,19,12,10,8,4,6,6,1,1
492,2022-10-23,2022_23,Southampton,Arsenal,1,1,D,7.07,4.79,1.48,6.83,4.65,1.48,Pinnacle,7.07,4.79,1.48,0.14144271570014144,0.20876826722338204,0.6756756756756757,1.025886658599199,0.02588665859919903,0.13787362815817777,0.20350032381593255,0.6586260480258898,1,1,0,1,9,10,15,25,3,8,3,4,1,1,1,3,0,2,9,11,16,8,4,7,4,3,1,1
493,2022-10-23,2022_23,Wolves,Leicester,0,4,A,2.41,3.43,3.18,2.36,3.35,3.15,Pinnacle,2.41,3.43,3.18,0.41493775933609955,0.29154518950437314,0.31446540880503143,1.020948357645504,0.020948357645504068,0.40642384722869124,0.2855631113181183,0.30801304145319053,1,1,2,0,10,9,14,10,4,2,4,2,1,1,2,0,0,0,5,14,14,8,1,5,2,1,1,1
494,2022-10-23,2022_23,Tottenham,Newcastle,1,2,A,2.25,3.52,3.41,2.23,3.46,3.32,Pinnacle,2.25,3.52,3.41,0.4444444444444444,0.2840909090909091,0.29325513196480935,1.021790485500163,0.021790485500162937,0.43496631721608797,0.2780324470841472,0.28700123569976477,0,2,2,0,9,21,28,4,2,7,10,0,1,1,1,0,0,0,16,9,1,15,4,2,0,2,1,1
495,2022-10-24,2022_23,West Ham,Bournemouth,2,0,H,1.62,4.08,6.12,1.61,4.02,5.89,Pinnacle,1.62,4.08,6.12,0.6172839506172839,0.24509803921568626,0.16339869281045752,1.0257806826434277,0.0257806826434277,0.6017699115044247,0.23893805309734514,0.1592920353982301,0,1,1,1,8,25,22,10,3,4,7,8,1,1,0,2,1,2,15,10,9,19,3,6,3,4,1,1
496,2022-10-29,2022_23,Fulham,Everton,0,0,D,2.33,3.49,3.27,2.29,3.44,3.22,Pinnacle,2.33,3.49,3.27,0.4291845493562232,0.28653295128939826,0.3058103975535168,1.0215278981991383,0.02152789819913825,0.4201398220379854,0.2804944943691994,0.29936568359281523,3,3,2,0,11,18,14,12,5,8,5,6,1,1,3,0,0,1,9,1,9,16,6,0,2,4,1,1
497,2022-10-29,2022_23,Newcastle,Aston Villa,4,0,H,1.78,3.89,4.92,1.77,3.83,4.67,Pinnacle,1.78,3.89,4.92,0.5617977528089888,0.2570694087403599,0.2032520325203252,1.0221191940696739,0.022119194069673886,0.5496401555401114,0.25150629225228743,0.19885355220760123,2,1,1,0,13,16,17,1,5,4,5,0,1,1,4,0,0,3,19,12,12,18,11,6,3,8,1,1
498,2022-10-29,2022_23,Crystal Palace,Southampton,1,0,H,2.08,3.47,3.94,2.09,3.42,3.76,Pinnacle,2.08,3.47,3.94,0.4807692307692307,0.2881844380403458,0.25380710659898476,1.0227607754085613,0.02276077540856125,0.470070071446745,0.2817711091092881,0.24815881944396692,0,2,3,1,9,14,9,10,2,4,6,4,1,1,1,1,1,0,10,9,12,15,3,3,3,3,1,1
499,2022-10-29,2022_23,Leicester,Man City,0,1,A,7.75,5.2,1.42,7.54,5.09,1.41,Pinnacle,7.75,5.2,1.42,0.12903225806451613,0.1923076923076923,0.7042253521126761,1.0255653024848845,0.025565302484884533,0.12581574059874934,0.18751384416159755,0.6866704152396531,4,2,0,0,5,5,21,14,4,1,5,2,1,1,3,0,1,1,10,16,8,13,4,6,2,2,1,1
500,2022-10-29,2022_23,Brentford,Wolves,1,1,D,2.2,3.55,3.49,2.17,3.46,3.41,Pinnacle,2.2,3.55,3.49,0.45454545454545453,0.28169014084507044,0.28653295128939826,1.0227685466799232,0.02276854667992323,0.4444265088332885,0.27541924491077036,0.28015424625594115,0,0,4,0,12,8,19,14,3,5,11,5,1,1,0,1,4,2,21,10,5,14,5,4,4,4,1,1
501,2022-10-29,2022_23,Bournemouth,Tottenham,2,3,A,5.18,3.79,1.75,5.03,3.75,1.75,Pinnacle,5.18,3.79,1.75,0.19305019305019305,0.2638522427440633,0.5714285714285714,1.0283310072228278,0.028331007222827775,0.18773156862356602,0.2565829882506786,0.5556854431257554,0,0,2,1,5,15,20,9,3,3,4,3,1,1,1,0,2,2,17,9,13,28,5,2,5,10,1,1
502,2022-10-29,2022_23,Liverpool,Leeds,1,2,A,1.23,7.5,12.0,1.23,7.06,11.72,Pinnacle,1.23,7.5,12.0,0.8130081300813008,0.13333333333333333,0.08333333333333333,1.0296747967479674,0.029674796747967358,0.7895775759968418,0.12949072246348206,0.08093170153967628,0,1,1,0,15,22,10,8,7,7,7,3,1,1,2,0,3,2,14,14,11,5,5,2,5,1,1,1
503,2022-10-29,2022_23,Brighton,Chelsea,4,1,H,3.17,3.37,2.44,3.09,3.37,2.39,Pinnacle,3.17,3.37,2.44,0.31545741324921134,0.29673590504451036,0.4098360655737705,1.0220293838674923,0.022029383867492314,0.3086578705354629,0.2903398960229725,0.4010022334415645,1,0,3,0,8,19,10,3,2,7,4,0,1,1,1,0,1,0,6,14,13,8,2,5,6,5,1,1
504,2022-10-30,2022_23,Man United,West Ham,1,0,H,1.73,3.97,5.12,1.72,3.91,5.0,Pinnacle,1.73,3.97,5.12,0.5780346820809249,0.2518891687657431,0.1953125,1.025236350846668,0.025236350846667976,0.5638062692603205,0.24568887804039152,0.19050485269928796,1,2,1,0,13,28,6,9,6,10,2,2,1,1,2,0,0,1,20,8,5,22,4,3,3,7,1,1
505,2022-10-30,2022_23,Arsenal,Nott'm Forest,5,0,H,1.22,7.25,13.5,1.22,6.73,13.37,Pinnacle,1.22,7.25,13.5,0.819672131147541,0.13793103448275862,0.07407407407407407,1.0316772397043739,0.03167723970437386,0.7945044240603943,0.1336959168763698,0.07179965906323564,1,1,1,0,12,9,10,16,3,4,3,4,1,1,1,0,0,0,10,3,15,19,7,0,7,7,1,1
506,2022-11-05,2022_23,Leeds,Bournemouth,4,3,H,1.65,4.22,5.52,1.64,4.13,5.32,Pinnacle,1.65,4.22,5.52,0.6060606060606061,0.23696682464454977,0.1811594202898551,1.024186850995011,0.024186850995010944,0.5917480833422244,0.23137069609352376,0.17688122056425187,2,2,1,3,14,14,22,11,6,5,10,5,1,1,2,0,3,2,6,5,23,20,4,3,7,4,1,1
507,2022-11-05,2022_23,Man City,Fulham,2,1,H,1.18,8.5,16.0,1.18,8.14,15.13,Pinnacle,1.18,8.5,16.0,0.8474576271186441,0.11764705882352941,0.0625,1.0276046859421735,0.027604685942173468,0.8246922563822692,0.11448668970953854,0.06082105390819235,1,3,0,1,15,10,10,8,5,4,5,2,1,1,0,3,0,2,24,11,9,14,6,5,4,5,1,1
508,2022-11-05,2022_23,Nott'm Forest,Brentford,2,2,D,2.7,3.24,2.92,2.64,3.21,2.87,Pinnacle,2.7,3.24,2.92,0.37037037037037035,0.30864197530864196,0.3424657534246575,1.0214780991036698,0.021478099103669823,0.36258278145695366,0.3021523178807947,0.3352649006622517,0,1,5,0,5,10,24,15,2,7,10,7,1,1,1,0,1,4,12,12,14,19,3,3,4,11,1,1
509,2022-11-05,2022_23,Wolves,Brighton,2,3,A,3.64,3.33,2.24,3.6,3.3,2.18,Pinnacle,3.64,3.33,2.24,0.2747252747252747,0.3003003003003003,0.4464285714285714,1.0214541464541464,0.02145414645414645,0.26895507319535583,0.2939929328621908,0.43705199394245325,1,0,1,4,14,21,12,5,4,5,3,4,1,1,4,1,1,3,19,8,15,10,9,2,7,4,1,1
510,2022-11-05,2022_23,Everton,Leicester,0,2,A,2.56,3.4,2.96,2.52,3.34,2.91,Pinnacle,2.56,3.4,2.96,0.390625,0.29411764705882354,0.33783783783783783,1.0225804848966615,0.022580484896661535,0.3819992712255556,0.2876229806874772,0.330377748086967,0,3,0,0,9,9,24,9,4,6,6,2,1,1,0,4,1,0,10,5,15,21,5,4,5,5,1,1
511,2022-11-06,2022_23,Chelsea,Arsenal,0,1,A,2.71,3.48,2.69,2.74,3.39,2.64,Pinnacle,2.71,3.48,2.69,0.36900369003690037,0.28735632183908044,0.3717472118959108,1.0281072237718916,0.028107223771891565,0.3589155698012798,0.27950034314984723,0.361584087048873,1,1,4,1,15,6,19,13,7,2,9,6,1,1,5,1,0,1,24,12,5,10,10,3,2,3,1,1
512,2022-11-06,2022_23,Aston Villa,Man United,3,1,H,3.18,3.57,2.34,3.18,3.5,2.28,Pinnacle,3.18,3.57,2.34,0.31446540880503143,0.2801120448179272,0.4273504273504274,1.021927880973386,0.02192788097338605,0.30771780930911014,0.2741015780400477,0.41818061265084205,0,4,4,0,3,19,20,12,0,11,7,3,1,1,1,1,0,1,16,13,13,6,3,6,5,2,1,1
513,2022-11-06,2022_23,Southampton,Newcastle,1,4,A,4.49,3.8,1.85,4.38,3.73,1.84,Pinnacle,4.49,3.8,1.85,0.22271714922048996,0.2631578947368421,0.5405405405405405,1.0264155844978724,0.026415584497872402,0.21698535426022814,0.2563853264811643,0.5266293192586077,0,1,1,1,14,10,12,12,4,3,3,3,1,1,4,2,0,1,20,13,3,17,7,5,0,5,1,1
514,2022-11-06,2022_23,West Ham,Crystal Palace,1,2,A,1.89,3.59,4.6,1.88,3.54,4.41,Pinnacle,1.89,3.59,4.6,0.5291005291005292,0.2785515320334262,0.2173913043478261,1.0250433654817814,0.025043365481781432,0.5161737999756197,0.27174609525178867,0.2120801047725916,0,2,1,0,13,20,16,5,5,4,3,3,1,1,1,0,0,3,12,9,14,9,3,2,4,6,1,1
515,2022-11-06,2022_23,Tottenham,Liverpool,1,2,A,3.59,3.89,2.05,3.52,3.77,2.04,Pinnacle,3.59,3.89,2.05,0.2785515320334262,0.2570694087403599,0.48780487804878053,1.0234258188225667,0.02342581882256667,0.2721755958374148,0.25118518998877093,0.4766392141738142,3,1,2,2,23,17,6,13,7,5,4,5,1,1,1,0,2,1,22,15,14,10,10,7,6,7,1,1
516,2022-11-12,2022_23,Wolves,Arsenal,0,2,A,6.54,4.22,1.57,6.34,4.15,1.55,Pinnacle,6.54,4.22,1.57,0.1529051987767584,0.23696682464454977,0.6369426751592356,1.0268146985805437,0.02681469858054375,0.14891216398453655,0.2307785669333813,0.6203092690820822,2,1,3,1,8,14,19,12,5,4,8,3,1,1,1,5,0,0,14,24,5,5,2,10,1,2,1,1
517,2022-11-12,2022_23,Newcastle,Chelsea,1,0,H,2.17,3.46,3.67,2.18,3.38,3.52,Pinnacle,2.17,3.46,3.67,0.4608294930875576,0.28901734104046245,0.2724795640326976,1.0223263981607176,0.022326398160717575,0.4507655225538954,0.28270554449189395,0.26652893295421065,4,4,1,0,7,20,16,3,4,7,5,0,1,1,0,1,1,4,5,15,14,19,1,7,2,9,1,1
518,2022-11-12,2022_23,West Ham,Leicester,0,2,A,1.99,3.68,4.03,2.08,3.51,3.65,Pinnacle,1.99,3.68,4.03,0.5025125628140703,0.2717391304347826,0.24813895781637715,1.02239065106523,0.022390651065230083,0.4915073922971634,0.2657879648563465,0.2427046428464901,1,0,2,1,5,13,15,16,2,5,6,3,1,1,2,0,0,1,22,10,12,15,8,5,2,5,1,1
519,2022-11-12,2022_23,Tottenham,Leeds,4,3,H,1.65,4.42,5.24,1.63,4.29,5.21,Pinnacle,1.65,4.42,5.24,0.6060606060606061,0.22624434389140272,0.19083969465648853,1.0231446446084973,0.0231446446084973,0.5923508560146088,0.22112645077468426,0.18652269321070694,1,3,2,2,14,23,13,6,5,7,6,4,1,1,4,2,3,1,18,14,9,22,4,6,6,10,1,1
520,2022-11-12,2022_23,Nott'm Forest,Crystal Palace,1,0,H,3.34,3.2,2.44,3.34,3.18,2.34,Pinnacle,3.34,3.2,2.44,0.29940119760479045,0.3125,0.4098360655737705,1.021737263178561,0.02173726317856106,0.2930314948809559,0.30585162278199773,0.40111688233704623,2,0,2,5,15,5,6,24,7,2,2,10,1,1,2,1,1,0,15,12,5,14,6,3,2,4,1,1
521,2022-11-12,2022_23,Liverpool,Southampton,3,1,H,1.28,6.66,9.77,1.27,6.48,10.39,Pinnacle,1.28,6.66,9.77,0.78125,0.15015015015015015,0.1023541453428864,1.0337542954930365,0.033754295493036546,0.7557405114601167,0.14524742562596837,0.09901206291391498,2,1,1,2,13,22,14,14,6,10,5,6,1,1,1,0,4,1,16,14,7,12,5,4,4,3,1,1
522,2022-11-12,2022_23,Bournemouth,Everton,3,0,H,2.88,3.26,2.73,2.82,3.21,2.66,Pinnacle,2.88,3.26,2.73,0.3472222222222222,0.3067484662576687,0.3663003663003663,1.0202710547802571,0.020271054780257147,0.3403235057932775,0.30065389468853965,0.3590225995181829,3,2,4,3,9,6,18,23,6,4,4,7,1,1,0,0,2,0,12,9,22,24,2,4,8,6,1,1
523,2022-11-12,2022_23,Man City,Brentford,1,2,A,1.15,9.0,19.5,1.15,8.6,18.54,Pinnacle,1.15,9.0,19.5,0.8695652173913044,0.1111111111111111,0.05128205128205128,1.031958379784467,0.03195837978446692,0.8426359380626575,0.10767014764133954,0.049693914296002874,2,1,1,0,16,15,4,10,5,5,2,5,1,1,2,1,2,1,6,12,15,14,2,3,7,4,1,1
524,2022-11-13,2022_23,Brighton,Aston Villa,1,2,A,1.76,3.85,5.05,1.75,3.75,4.94,Pinnacle,1.76,3.85,5.05,0.5681818181818182,0.2597402597402597,0.19801980198019803,1.025941879902276,0.02594187990227592,0.5538148206172646,0.25317248942503523,0.19301268995770016,3,4,2,1,19,19,8,15,8,9,5,7,1,1,3,0,1,4,6,3,8,20,4,0,3,7,1,1
525,2022-11-13,2022_23,Fulham,Man United,1,2,A,4.29,3.9,1.87,4.13,3.78,1.88,Pinnacle,4.29,3.9,1.87,0.2331002331002331,0.25641025641025644,0.53475935828877,1.0242698477992596,0.02426984779925956,0.22757697456492637,0.25033467202141907,0.5220883534136546,1,0,2,0,4,24,16,9,2,6,5,4,1,1,1,1,3,0,8,16,6,13,3,3,4,5,1,1
526,2022-12-26,2022_23,Brentford,Tottenham,2,2,D,3.36,3.68,2.2,3.46,3.66,2.1,Pinnacle,3.36,3.68,2.2,0.2976190476190476,0.2717391304347826,0.45454545454545453,1.0239036325992847,0.02390363259928474,0.2906709558823529,0.2653952205882353,0.44393382352941174,2,2,1,2,10,6,29,15,8,2,6,7,1,1,4,1,3,2,14,14,12,13,8,5,5,6,1,1
527,2022-12-26,2022_23,Crystal Palace,Fulham,0,3,A,2.29,3.55,3.3,2.22,3.51,3.31,Pinnacle,2.29,3.55,3.3,0.4366812227074236,0.28169014084507044,0.30303030303030304,1.021401666582797,0.021401666582796963,0.4275313395252085,0.2757878218345711,0.29668083864022043,0,2,1,1,8,15,9,5,0,6,2,2,1,1,1,1,2,2,14,4,14,16,7,2,9,5,1,1
528,2022-12-26,2022_23,Everton,Wolves,1,2,A,2.57,3.25,3.07,2.52,3.21,3.01,Pinnacle,2.57,3.25,3.07,0.38910505836575876,0.3076923076923077,0.32573289902280134,1.0225302650808676,0.02253026508086764,0.38053158097475587,0.300912665570807,0.3185557534544373,0,0,3,2,15,12,16,22,3,2,9,8,1,1,0,2,2,3,11,8,14,19,2,5,4,8,1,1
529,2022-12-26,2022_23,Leicester,Newcastle,0,3,A,3.47,3.51,2.23,3.44,3.49,2.16,Pinnacle,3.47,3.51,2.23,0.2881844380403458,0.2849002849002849,0.4484304932735426,1.0215152162141734,0.021515216214173405,0.2821146797092099,0.27889969760426164,0.4389856226865284,2,2,0,0,9,22,18,12,6,8,6,2,1,1,1,4,0,1,10,7,5,16,3,4,2,5,1,1
530,2022-12-26,2022_23,Southampton,Brighton,1,3,A,3.83,3.52,2.08,3.6,3.48,2.11,Pinnacle,3.83,3.52,2.08,0.2610966057441253,0.2840909090909091,0.4807692307692307,1.0259567456042653,0.025956745604265308,0.2544908514543128,0.2769033980312552,0.4686057505144318,1,1,3,4,9,16,15,7,5,5,7,4,1,1,1,3,2,2,7,19,8,8,2,8,2,5,1,1
531,2022-12-26,2022_23,Aston Villa,Liverpool,1,3,A,4.89,4.13,1.73,4.79,4.05,1.72,Pinnacle,4.89,4.13,1.73,0.20449897750511248,0.24213075060532688,0.5780346820809249,1.0246644101913642,0.024664410191364228,0.1995765398613978,0.236302489085287,0.5641209710533153,2,3,1,1,8,6,7,8,2,4,2,3,1,1,3,2,1,1,15,13,9,14,7,6,5,5,1,1
532,2022-12-26,2022_23,Arsenal,West Ham,3,1,H,1.57,4.3,6.43,1.55,4.29,6.27,Pinnacle,1.57,4.3,6.43,0.6369426751592356,0.23255813953488372,0.15552099533437014,1.0250218100284894,0.025021810028489355,0.6213942658854571,0.22688116219538784,0.15172457191915517,2,1,0,0,14,14,11,5,4,2,2,1,1,1,0,1,2,2,18,5,9,15,6,2,6,6,1,1
533,2022-12-27,2022_23,Man United,Nott'm Forest,3,0,H,1.36,5.5,9.2,1.34,5.49,8.91,Pinnacle,1.36,5.5,9.2,0.7352941176470588,0.18181818181818182,0.10869565217391305,1.0258079516391536,0.025807951639153615,0.716795104261106,0.1772438803263826,0.10596101541251135,2,1,1,3,14,8,14,6,9,3,7,4,1,1,1,2,0,2,9,15,8,6,2,7,0,2,1,1
534,2022-12-27,2022_23,Chelsea,Bournemouth,2,0,H,1.37,5.35,9.25,1.35,5.32,8.99,Pinnacle,1.37,5.35,9.25,0.7299270072992701,0.1869158878504673,0.10810810810810811,1.0249510032578455,0.024951003257845494,0.7121579519207938,0.18236568114607243,0.10547636693313378,0,0,1,1,5,5,10,14,2,1,3,2,1,1,3,3,0,4,16,9,15,18,9,6,3,4,1,1
535,2022-12-28,2022_23,Leeds,Man City,1,3,A,10.34,6.03,1.3,10.09,6.29,1.28,Pinnacle,10.34,6.03,1.3,0.09671179883945842,0.16583747927031509,0.7692307692307692,1.0317800473405427,0.03178004734054274,0.0937329609045428,0.16072948851624752,0.7455375505792096,3,4,4,3,12,18,14,9,5,4,8,6,1,1,1,2,2,1,29,16,10,4,6,5,8,2,1,1
536,2022-12-30,2022_23,West Ham,Brentford,0,2,A,2.15,3.65,3.53,2.06,3.6,3.58,Pinnacle,2.15,3.65,3.53,0.46511627906976744,0.273972602739726,0.28328611898017,1.0223750007896633,0.022375000789663257,0.4549370619494025,0.2679766255318398,0.27708631251875787,1,0,3,2,8,18,16,9,4,6,5,6,1,1,2,2,2,1,9,10,16,29,5,8,8,6,1,1
537,2022-12-30,2022_23,Liverpool,Leicester,2,1,H,1.26,6.43,12.34,1.25,6.45,11.81,Pinnacle,1.26,6.43,12.34,0.7936507936507936,0.15552099533437014,0.08103727714748785,1.0302090661326515,0.030209066132651508,0.7703783821570463,0.15096061609920347,0.07866100174375028,3,3,1,1,16,15,12,9,9,7,6,5,1,1,0,2,3,0,8,9,12,18,2,6,5,6,1,1
538,2022-12-31,2022_23,Wolves,Man United,0,1,A,4.12,3.69,1.96,4.07,3.63,1.93,Pinnacle,4.12,3.69,1.96,0.24271844660194175,0.2710027100271003,0.5102040816326531,1.023925238261695,0.023925238261695014,0.23704703969793908,0.26467040746761766,0.4982825528344434,2,0,1,2,7,11,12,14,4,2,6,4,1,1,3,2,0,1,17,14,8,14,8,9,3,7,1,1
539,2022-12-31,2022_23,Bournemouth,Crystal Palace,0,2,A,3.01,3.22,2.65,2.93,3.16,2.61,Pinnacle,3.01,3.22,2.65,0.33222591362126247,0.3105590062111801,0.37735849056603776,1.0201434103984803,0.020143410398480333,0.325665891907777,0.304426812000748,0.369907296091475,0,3,2,0,9,16,15,15,4,9,5,3,1,1,0,0,3,1,4,8,23,9,0,0,11,2,1,1
540,2022-12-31,2022_23,Fulham,Southampton,2,1,H,1.84,3.9,4.47,1.83,3.8,4.36,Pinnacle,1.84,3.9,4.47,0.5434782608695652,0.25641025641025644,0.2237136465324385,1.02360216381226,0.023602163812260102,0.5309467682692834,0.25049796246550815,0.21855526926520844,3,1,0,2,23,14,4,14,11,7,0,9,1,1,1,1,3,3,14,9,7,15,4,5,4,7,1,1
541,2022-12-31,2022_23,Man City,Everton,1,1,D,1.15,9.75,20.0,1.15,8.52,18.7,Pinnacle,1.15,9.75,20.0,0.8695652173913044,0.10256410256410256,0.05,1.022129319955407,0.0221293199554069,0.8507389431204669,0.10034356765010634,0.04891748922942685,3,1,1,2,26,29,9,10,9,6,1,8,1,1,1,0,2,3,12,15,7,16,6,3,4,9,1,1
542,2022-12-31,2022_23,Newcastle,Leeds,0,0,D,1.46,4.87,6.94,1.46,4.74,6.98,Pinnacle,1.46,4.87,6.94,0.684931506849315,0.2053388090349076,0.1440922190201729,1.0343625349043957,0.03436253490439567,0.662177412402724,0.19851725299958461,0.13930533459769123,3,1,0,0,12,10,8,5,5,3,2,2,1,1,1,3,3,4,9,12,26,14,1,5,9,8,1,1
543,2022-12-31,2022_23,Brighton,Arsenal,2,4,A,4.47,3.77,1.87,4.29,3.67,1.88,Pinnacle,4.47,3.77,1.87,0.2237136465324385,0.26525198938992045,0.53475935828877,1.023724994211129,0.023724994211129058,0.21852904617692734,0.2591047311434656,0.522366222679607,3,1,1,2,7,7,14,8,4,2,4,2,1,1,3,2,1,0,16,14,8,11,5,4,4,2,1,1
544,2023-01-01,2022_23,Tottenham,Aston Villa,0,2,A,1.68,4.26,5.1,1.66,4.16,5.09,Pinnacle,1.68,4.26,5.1,0.5952380952380952,0.2347417840375587,0.19607843137254904,1.0260583106482029,0.026058310648202854,0.5801211189080073,0.22878015956935502,0.19109872152263774,2,4,2,3,16,14,9,12,8,8,5,5,1,1,1,2,3,1,12,8,16,7,6,2,9,2,1,1
545,2023-01-01,2022_23,Nott'm Forest,Chelsea,1,1,D,5.8,4.2,1.63,5.77,4.08,1.61,Pinnacle,5.8,4.2,1.63,0.1724137931034483,0.23809523809523808,0.6134969325153374,1.0240059637140237,0.024005963714023748,0.16837186424003936,0.2325135268076734,0.5991146089522873,0,1,3,0,8,9,17,8,3,2,8,0,1,1,2,0,0,1,15,5,9,10,5,2,4,3,1,1
546,2023-01-02,2022_23,Brentford,Liverpool,3,1,H,6.24,4.65,1.54,6.1,4.55,1.53,Pinnacle,6.24,4.65,1.54,0.16025641025641024,0.2150537634408602,0.6493506493506493,1.0246608230479197,0.024660823047919722,0.15639947058746445,0.2098779992399523,0.6337225301725833,2,2,0,2,9,9,20,16,6,5,5,8,1,1,2,3,1,1,21,16,7,12,5,9,2,6,1,1
547,2023-01-03,2022_23,Man United,Bournemouth,3,0,H,1.29,6.05,11.5,1.27,6.14,11.57,Pinnacle,1.29,6.05,11.5,0.7751937984496123,0.1652892561983471,0.08695652173913043,1.0274395763870898,0.027439576387089826,0.7544908880924367,0.1608749166345857,0.08463419527297769,1,3,0,0,16,17,10,8,6,8,3,3,1,1,0,0,2,2,6,9,15,15,2,4,6,5,1,1
548,2023-01-03,2022_23,Leicester,Fulham,0,1,A,2.36,3.67,3.06,2.37,3.59,2.97,Pinnacle,2.36,3.67,3.06,0.42372881355932207,0.2724795640326976,0.32679738562091504,1.0230057632129346,0.02300576321293457,0.4141998303396895,0.26635193449636707,0.3194482351639435,1,0,2,3,7,8,21,12,2,2,5,5,1,1,2,3,1,0,8,23,9,4,2,11,3,0,1,1
549,2023-01-03,2022_23,Arsenal,Newcastle,0,0,D,1.78,3.91,4.88,1.77,3.88,4.73,Pinnacle,1.78,3.91,4.88,0.5617977528089888,0.2557544757033248,0.20491803278688525,1.022470261299199,0.022470261299198935,0.5494514354824775,0.25013390157514326,0.2004146629423791,4,3,2,1,14,16,9,8,7,5,5,4,1,1,0,3,0,0,16,12,8,8,5,5,1,2,1,1
550,2023-01-03,2022_23,Everton,Brighton,1,4,A,3.23,3.39,2.43,3.19,3.34,2.36,Pinnacle,3.23,3.39,2.43,0.30959752321981426,0.2949852507374631,0.4115226337448559,1.0161054077021332,0.0161054077021332,0.3046903607372311,0.29030969474373347,0.40499994451903554,1,1,1,2,2,12,16,7,1,6,3,4,1,1,2,3,4,1,9,7,14,14,5,4,7,4,1,1
551,2023-01-04,2022_23,Southampton,Nott'm Forest,0,1,A,2.43,3.37,3.19,2.36,3.29,3.17,Pinnacle,2.43,3.37,3.19,0.4115226337448559,0.29673590504451036,0.31347962382445144,1.0217381626138178,0.02173816261381778,0.40276721453967795,0.29042265024671143,0.30681013521361056,1,1,2,3,9,14,8,7,3,4,2,4,1,1,1,0,1,3,12,8,7,17,5,3,2,8,1,1
552,2023-01-04,2022_23,Leeds,West Ham,2,2,D,2.93,3.45,2.56,2.87,3.39,2.53,Pinnacle,2.93,3.45,2.56,0.341296928327645,0.2898550724637681,0.390625,1.021777000791413,0.021777000791413093,0.3340229111276677,0.28367742887074393,0.38229966000158844,0,1,0,3,8,9,16,26,1,1,5,9,1,1,0,1,2,3,20,8,9,16,5,4,6,5,1,1
553,2023-01-04,2022_23,Aston Villa,Wolves,1,1,D,1.95,3.58,4.32,1.96,3.49,4.17,Pinnacle,1.95,3.58,4.32,0.5128205128205129,0.27932960893854747,0.23148148148148145,1.0236316032405417,0.0236316032405417,0.5009815163942393,0.27288099356669454,0.2261374900390663,2,1,0,3,13,12,6,16,4,6,2,9,1,1,0,2,1,1,10,7,16,12,3,4,6,6,1,1
554,2023-01-04,2022_23,Crystal Palace,Tottenham,0,4,A,3.32,3.47,2.31,3.33,3.42,2.24,Pinnacle,3.32,3.47,2.31,0.30120481927710846,0.2881844380403458,0.4329004329004329,1.022289690217887,0.02228969021788707,0.29463744196902814,0.2819009531231047,0.4234616049078673,2,0,0,3,15,4,6,23,6,0,2,11,1,1,0,2,2,2,6,16,13,9,2,8,4,5,1,1
555,2023-01-05,2022_23,Chelsea,Man City,0,1,A,5.44,4.19,1.67,5.23,4.12,1.66,Pinnacle,5.44,4.19,1.67,0.1838235294117647,0.2386634844868735,0.5988023952095809,1.0212894091082192,0.021289409108219193,0.17999161429890648,0.23368839660764945,0.586319989093444,1,2,1,0,7,15,12,9,2,5,5,4,1,1,1,3,1,1,16,26,2,9,3,9,1,1,1,1
556,2023-01-12,2022_23,Fulham,Chelsea,2,1,H,4.07,3.48,2.04,4.0,3.41,2.02,Pinnacle,4.07,3.48,2.04,0.24570024570024568,0.28735632183908044,0.49019607843137253,1.0232526459706988,0.02325264597069876,0.2401168926049192,0.2808263657764429,0.4790567416186378,1,2,0,1,11,8,15,9,2,2,6,3,1,1,0,1,1,1,8,7,12,12,2,2,3,5,1,1
557,2023-01-13,2022_23,Aston Villa,Leeds,2,1,H,2.05,3.66,3.89,2.03,3.6,3.75,Pinnacle,2.05,3.66,3.89,0.48780487804878053,0.27322404371584696,0.2570694087403599,1.0180983305049875,0.018098330504987548,0.4791333640698774,0.26836704818121543,0.2524995877489071,1,2,1,0,13,13,10,6,4,4,3,2,1,1,2,0,2,0,14,8,15,16,6,1,2,5,1,1
558,2023-01-14,2022_23,Wolves,West Ham,1,0,H,2.54,3.17,3.19,2.51,3.18,3.05,Pinnacle,2.54,3.17,3.19,0.39370078740157477,0.31545741324921134,0.31347962382445144,1.0226378244752377,0.022637824475237656,0.38498555204879176,0.30847422782458395,0.3065402201266242,1,0,1,1,10,10,13,16,3,3,4,6,1,1,2,0,2,2,15,20,14,9,2,5,6,6,1,1
559,2023-01-14,2022_23,Nott'm Forest,Leicester,2,0,H,2.8,3.2,2.84,2.72,3.15,2.8,Pinnacle,2.8,3.2,2.84,0.35714285714285715,0.3125,0.35211267605633806,1.0217555331991952,0.02175553319919521,0.3495384615384615,0.3058461538461538,0.34461538461538466,1,1,0,1,11,12,8,7,1,5,0,2,1,1,0,1,1,2,15,7,11,21,6,2,2,5,1,1
560,2023-01-14,2022_23,Brentford,Bournemouth,2,0,H,1.61,4.15,6.25,1.63,4.01,5.74,Pinnacle,1.61,4.15,6.25,0.6211180124223602,0.24096385542168672,0.16,1.0220818678440469,0.022081867844046865,0.607698885934187,0.2357578810491665,0.15654323301664658,3,2,1,0,10,9,16,20,7,6,6,5,1,1,0,0,3,2,7,6,18,15,4,2,6,6,1,1
561,2023-01-14,2022_23,Brighton,Liverpool,3,0,H,2.9,3.81,2.41,2.92,3.73,2.34,Pinnacle,2.9,3.81,2.41,0.3448275862068966,0.26246719160104987,0.41493775933609955,1.022232537144046,0.02223253714404594,0.33732793046315046,0.25675879221604625,0.4059132773208034,4,2,1,4,19,9,10,14,8,5,4,7,1,1,1,2,3,1,16,21,10,7,6,5,7,2,1,1
562,2023-01-14,2022_23,Man United,Man City,2,1,H,4.18,4.02,1.91,3.98,3.92,1.89,Pinnacle,4.18,4.02,1.91,0.23923444976076558,0.24875621890547267,0.5235602094240838,1.011550878090322,0.011550878090321959,0.23650263663693266,0.24591567690108918,0.5175816864619782,3,1,0,0,18,16,7,10,6,6,4,3,1,1,1,1,0,1,12,16,8,2,3,3,2,1,1,1
563,2023-01-14,2022_23,Everton,Southampton,1,2,A,2.42,3.26,3.31,2.38,3.23,3.24,Pinnacle,2.42,3.26,3.31,0.4132231404958678,0.3067484662576687,0.3021148036253776,1.022086410378914,0.022086410378914012,0.404293742974897,0.3001198950917947,0.2955863619333084,1,1,4,1,10,2,19,16,4,1,8,3,1,1,0,1,1,2,8,9,11,8,0,3,1,2,1,1
564,2023-01-15,2022_23,Chelsea,Crystal Palace,1,0,H,1.88,3.5,4.8,1.88,3.44,4.63,Pinnacle,1.88,3.5,4.8,0.5319148936170213,0.2857142857142857,0.20833333333333334,1.0259625126646403,0.025962512664640336,0.5184545117886681,0.27848413776077025,0.20306135045056167,1,0,2,1,20,8,8,12,10,2,3,3,1,1,0,2,4,0,19,15,14,6,4,6,6,2,1,1
565,2023-01-15,2022_23,Newcastle,Fulham,1,0,H,1.47,4.74,7.33,1.49,4.6,6.78,Pinnacle,1.47,4.74,7.33,0.6802721088435374,0.21097046413502107,0.1364256480218281,1.0276682210003867,0.027668221000386684,0.6619569379904776,0.2052904427945152,0.1327526192150071,0,0,0,0,8,16,17,8,1,5,4,1,1,1,2,1,1,0,8,11,20,15,3,2,10,6,1,1
566,2023-01-15,2022_23,Tottenham,Arsenal,0,2,A,3.4,3.59,2.22,3.38,3.49,2.2,Pinnacle,3.4,3.59,2.22,0.29411764705882354,0.2785515320334262,0.4504504504504504,1.0231196295427,0.023119629542700082,0.28747141445256424,0.2722570498993645,0.4402715356480713,4,0,0,2,14,6,19,13,6,2,4,4,1,1,0,4,0,2,17,14,8,9,4,7,1,5,1,1
567,2023-01-18,2022_23,Crystal Palace,Man United,1,1,D,5.4,3.98,1.7,5.28,3.95,1.68,Pinnacle,5.4,3.98,1.7,0.18518518518518517,0.25125628140703515,0.5882352941176471,1.0246767607098675,0.024676760709867462,0.18072546610395854,0.2452054062717025,0.5740691276243389,0,0,1,4,10,19,15,14,5,4,5,6,1,1,2,3,1,0,8,18,5,7,4,6,1,4,1,1
568,2023-01-19,2022_23,Man City,Tottenham,4,2,H,1.51,4.75,6.55,1.5,4.74,6.35,Pinnacle,1.51,4.75,6.55,0.6622516556291391,0.21052631578947367,0.15267175572519084,1.0254497271438037,0.02544972714380367,0.6458158192442216,0.20530144990711044,0.14888273084866788,1,1,2,0,5,12,8,8,1,3,4,2,1,1,0,4,2,0,17,14,14,19,7,6,5,4,1,1
569,2023-01-21,2022_23,Liverpool,Chelsea,0,0,D,2.07,3.57,3.84,2.05,3.59,3.71,Pinnacle,2.07,3.57,3.84,0.48309178743961356,0.2801120448179272,0.2604166666666667,1.0236204989242075,0.023620498924207478,0.4719442292796282,0.2736483346243222,0.25440743609604954,0,1,3,3,6,16,16,10,2,6,9,7,1,1,1,1,0,2,15,20,10,8,5,10,5,3,1,1
570,2023-01-21,2022_23,Bournemouth,Nott'm Forest,1,1,D,2.93,3.22,2.71,2.86,3.18,2.66,Pinnacle,2.93,3.22,2.71,0.341296928327645,0.3105590062111801,0.36900369003690037,1.0208596245757255,0.020859624575725544,0.3343230745064384,0.30421323239250453,0.361463693101057,0,0,2,3,7,7,12,18,2,4,4,6,1,1,2,1,0,0,15,11,6,8,5,1,1,0,1,1
571,2023-01-21,2022_23,Leicester,Brighton,2,2,D,4.35,4.06,1.83,4.14,3.88,1.85,Pinnacle,4.35,4.06,1.83,0.2298850574712644,0.24630541871921185,0.5464480874316939,1.0226385636221702,0.022638563622170205,0.22479599894709135,0.24085285601474074,0.5343511450381678,0,0,2,1,6,15,15,11,1,6,5,2,1,1,3,4,0,1,16,19,6,10,9,8,2,4,1,1
572,2023-01-21,2022_23,Southampton,Aston Villa,0,1,A,2.66,3.26,2.95,2.69,3.21,2.82,Pinnacle,2.66,3.26,2.95,0.37593984962406013,0.3067484662576687,0.3389830508474576,1.0216713667291866,0.02167136672918657,0.36796553360167733,0.3002418157608779,0.3317926506374447,2,0,1,1,13,8,12,11,5,0,4,1,1,1,2,1,1,1,11,13,16,10,5,4,4,3,1,1
573,2023-01-21,2022_23,West Ham,Everton,2,0,H,1.88,3.55,4.75,1.84,3.57,4.62,Pinnacle,1.88,3.55,4.75,0.5319148936170213,0.28169014084507044,0.21052631578947367,1.0241313502515654,0.02413135025156543,0.5193815163322193,0.27505274667734436,0.2055657369904363,0,2,1,2,16,15,17,14,4,2,4,6,1,1,1,1,2,4,12,10,13,19,4,4,5,8,1,1
574,2023-01-21,2022_23,Crystal Palace,Newcastle,0,0,D,4.66,3.64,1.87,4.55,3.61,1.84,Pinnacle,4.66,3.64,1.87,0.2145922746781116,0.2747252747252747,0.53475935828877,1.0240769076921563,0.024076907692156313,0.20954703017541268,0.26826625291687445,0.5221867169077128,1,0,1,1,10,10,15,15,5,5,4,5,1,1,1,0,0,0,20,8,5,17,5,1,0,4,1,1
575,2023-01-22,2022_23,Arsenal,Man United,3,2,H,1.86,3.9,4.34,1.87,3.79,4.19,Pinnacle,1.86,3.9,4.34,0.5376344086021505,0.25641025641025644,0.2304147465437788,1.0244594115561858,0.024459411556185806,0.5247981545559399,0.25028835063437144,0.22491349480968856,2,0,0,0,14,17,17,8,5,4,7,1,1,1,1,2,1,1,15,8,10,5,4,4,5,1,1,1
576,2023-01-22,2022_23,Man City,Wolves,3,0,H,1.27,6.25,12.25,1.25,6.36,11.77,Pinnacle,1.27,6.25,12.25,0.7874015748031495,0.16,0.08163265306122448,1.029034227864374,0.02903422786437404,0.7651850186142968,0.15548559578242513,0.07932938560327811,4,1,2,2,16,5,9,8,6,1,3,4,1,1,1,1,0,1,17,10,16,13,4,3,4,4,1,1
577,2023-01-22,2022_23,Leeds,Brentford,0,0,D,2.37,3.61,3.09,2.38,3.55,2.96,Pinnacle,2.37,3.61,3.09,0.42194092827004215,0.2770083102493075,0.3236245954692557,1.0225738339886052,0.02257383398860524,0.4126263691143342,0.270893211856225,0.3164804190294409,1,2,2,2,16,14,11,15,4,6,5,2,1,1,2,3,0,1,12,10,7,16,4,7,2,6,1,1
578,2023-01-23,2022_23,Fulham,Tottenham,0,1,A,3.33,3.86,2.16,3.28,3.79,2.12,Pinnacle,3.33,3.86,2.16,0.3003003003003003,0.2590673575129534,0.4629629629629629,1.0223306207762166,0.022330620776216614,0.2937408840129368,0.25340858646711906,0.45285052951994414,0,2,1,1,5,8,20,20,0,3,5,10,1,1,2,0,4,2,9,17,16,14,3,7,6,5,1,1
579,2023-02-03,2022_23,Chelsea,Fulham,0,0,D,1.61,4.18,6.09,1.6,4.12,5.86,Pinnacle,1.61,4.18,6.09,0.6211180124223602,0.23923444976076558,0.16420361247947454,1.0245560746626003,0.024556074662600347,0.6062313501258606,0.2335005917948889,0.16026805807925049,0,1,0,0,11,15,15,10,2,5,3,5,1,1,0,0,1,1,10,5,10,20,5,0,3,5,1,1
580,2023-02-04,2022_23,Everton,Arsenal,1,0,H,8.0,4.28,1.5,7.82,4.31,1.47,Pinnacle,8.0,4.28,1.5,0.125,0.2336448598130841,0.6666666666666666,1.0253115264797508,0.025311526479750768,0.12191416635017091,0.2278769464489176,0.6502088872009115,0,1,2,2,5,12,11,13,2,4,4,5,1,1,3,2,2,0,25,14,6,17,5,5,4,7,1,1
581,2023-02-04,2022_23,Aston Villa,Leicester,2,4,A,2.13,3.5,3.73,2.11,3.5,3.59,Pinnacle,2.13,3.5,3.73,0.4694835680751174,0.2857142857142857,0.2680965147453083,1.0232943685347113,0.02329436853471134,0.45879620030293555,0.27921025904150076,0.26199354065556374,1,2,0,1,16,11,8,16,5,5,5,4,1,1,2,0,2,2,9,6,13,15,2,1,4,5,1,1
582,2023-02-04,2022_23,Brentford,Southampton,3,0,H,1.82,3.7,4.89,1.76,3.72,5.03,Pinnacle,1.82,3.7,4.89,0.5494505494505494,0.27027027027027023,0.20449897750511248,1.0242197972259321,0.02421979722593215,0.5364576538539084,0.2638791702740847,0.19966317587200685,0,2,0,0,6,12,9,7,0,4,5,2,1,1,0,2,1,1,8,13,16,12,5,5,5,4,1,1
583,2023-02-04,2022_23,Brighton,Bournemouth,1,0,H,1.39,5.25,8.25,1.38,5.17,8.17,Pinnacle,1.39,5.25,8.25,0.7194244604316548,0.19047619047619047,0.12121212121212122,1.0311127721199664,0.031112772119966436,0.6977165639724539,0.18472876646127823,0.11755466956626796,2,3,2,0,13,16,9,6,4,9,2,2,1,1,1,0,1,2,16,7,20,12,4,2,5,4,1,1
584,2023-02-04,2022_23,Man United,Crystal Palace,2,1,H,1.39,5.11,9.13,1.37,5.03,8.92,Pinnacle,1.39,5.11,9.13,0.7194244604316548,0.19569471624266144,0.10952902519167579,1.024648201865992,0.024648201865991926,0.7021185018638664,0.1909872245774509,0.1068942735586828,2,1,3,1,6,15,25,10,4,4,5,5,1,1,0,1,0,1,6,10,16,15,1,5,7,4,1,1
585,2023-02-04,2022_23,Wolves,Liverpool,3,0,H,3.98,3.79,1.97,3.97,3.76,1.92,Pinnacle,3.98,3.79,1.97,0.25125628140703515,0.2638522427440633,0.5076142131979695,1.022722737349068,0.022722737349067934,0.2456738979503868,0.2579900036523851,0.49633609839722814,0,1,3,0,10,17,13,16,1,4,7,4,1,1,0,0,0,3,15,6,11,16,3,2,2,9,1,1
586,2023-02-04,2022_23,Newcastle,West Ham,1,1,D,1.67,3.93,5.81,1.67,3.87,5.52,Pinnacle,1.67,3.93,5.81,0.5988023952095809,0.2544529262086514,0.17211703958691912,1.0253723610051515,0.0253723610051515,0.5839853091247624,0.24815660718533158,0.1678580836899059,0,1,0,0,16,20,6,5,7,5,1,0,1,1,2,0,0,1,11,16,5,17,4,4,2,4,1,1
587,2023-02-05,2022_23,Nott'm Forest,Leeds,1,0,H,2.85,3.46,2.62,2.79,3.4,2.59,Pinnacle,2.85,3.46,2.62,0.3508771929824561,0.28901734104046245,0.38167938931297707,1.0215739233358956,0.021573923335895584,0.3434672567176394,0.2829137808223331,0.37361896246002757,1,2,1,0,20,15,16,6,5,5,4,1,1,1,0,1,0,2,9,16,6,11,5,4,0,5,1,1
588,2023-02-05,2022_23,Tottenham,Man City,1,0,H,4.03,3.91,1.93,3.98,3.84,1.9,Pinnacle,4.03,3.91,1.93,0.24813895781637715,0.2557544757033248,0.5181347150259068,1.0220281485456089,0.02202814854560886,0.2427907276032366,0.250242105432492,0.5069671669642714,1,2,0,4,10,9,10,16,3,3,5,6,1,1,3,4,0,2,13,16,10,9,7,6,1,3,1,1
589,2023-02-08,2022_23,Man United,Leeds,2,2,D,1.56,4.49,6.11,1.52,4.53,6.31,Pinnacle,1.56,4.49,6.11,0.641025641025641,0.22271714922048996,0.1636661211129296,1.0274089113590605,0.02740891135906054,0.6239245483842356,0.21677556692191705,0.15929988469384737,2,2,1,3,14,6,10,25,5,4,3,5,1,1,0,0,1,0,10,9,6,6,4,5,2,0,1,1
590,2023-02-11,2022_23,Southampton,Wolves,1,2,A,3.26,3.18,2.5,3.13,3.16,2.47,Pinnacle,3.26,3.18,2.5,0.3067484662576687,0.31446540880503143,0.4,1.0212138750627,0.021213875062700005,0.3003763205223148,0.30793295751658684,0.3916907219610985,0,0,3,1,14,8,14,16,6,5,4,5,1,1,3,0,0,3,12,10,22,13,6,1,4,7,1,1
591,2023-02-11,2022_23,Bournemouth,Newcastle,1,1,D,6.1,4.05,1.63,5.81,4.0,1.62,Pinnacle,6.1,4.05,1.63,0.1639344262295082,0.2469135802469136,0.6134969325153374,1.0243449389917592,0.024344938991759157,0.16003830349458784,0.24104534600419403,0.5989163505012183,0,1,1,1,12,16,20,20,2,4,6,5,1,1,1,0,1,0,8,16,10,6,2,7,1,1,1,1
592,2023-02-11,2022_23,Leicester,Tottenham,4,1,H,3.57,3.76,2.1,3.51,3.71,2.07,Pinnacle,3.57,3.76,2.1,0.2801120448179272,0.26595744680851063,0.47619047619047616,1.022259967816914,0.022259967816913973,0.2740125346159452,0.26016615653694797,0.4658213088471068,4,2,2,2,9,9,19,13,5,2,4,4,1,1,1,1,0,0,12,10,15,10,3,3,5,5,1,1
593,2023-02-11,2022_23,Fulham,Nott'm Forest,2,0,H,1.97,3.52,4.33,1.94,3.51,4.24,Pinnacle,1.97,3.52,4.33,0.5076142131979695,0.2840909090909091,0.23094688221709006,1.0226520045059688,0.022652004505968826,0.49637042802570164,0.27779822250302055,0.22583134947127767,0,0,0,1,10,10,12,10,4,5,3,3,1,1,1,1,0,1,6,20,10,16,2,5,4,4,1,1
594,2023-02-11,2022_23,Crystal Palace,Brighton,1,1,D,5.15,3.79,1.76,4.78,3.7,1.79,Pinnacle,5.15,3.79,1.76,0.1941747572815534,0.2638522427440633,0.5681818181818182,1.026208818207435,0.026208818207434925,0.1892156389970754,0.2571135991648914,0.5536707618380332,1,0,2,0,10,6,14,16,3,1,5,7,1,1,1,2,0,2,20,13,12,9,6,4,2,2,1,1
595,2023-02-11,2022_23,Arsenal,Brentford,1,1,D,1.58,4.25,6.35,1.54,4.27,6.59,Pinnacle,1.58,4.25,6.35,0.6329113924050632,0.23529411764705882,0.15748031496062992,1.0256858250127519,0.02568582501275185,0.6170616547198501,0.2294017445782031,0.15353660070194697,0,3,1,2,15,25,12,6,3,5,4,4,1,1,3,0,0,0,14,6,14,9,4,0,6,5,1,1
596,2023-02-11,2022_23,West Ham,Chelsea,1,1,D,3.51,3.38,2.27,3.46,3.32,2.23,Pinnacle,3.51,3.38,2.27,0.2849002849002849,0.2958579881656805,0.44052863436123346,1.0212869074271989,0.021286907427198853,0.27896204565864724,0.2896913551070568,0.43134659923429597,1,2,1,0,10,11,8,5,1,4,2,2,1,1,0,0,0,0,12,11,10,15,3,2,4,3,1,1
597,2023-02-12,2022_23,Leeds,Man United,0,2,A,3.81,3.9,1.98,3.73,3.79,1.97,Pinnacle,3.81,3.9,1.98,0.26246719160104987,0.25641025641025644,0.5050505050505051,1.0239279530618113,0.02392795306181128,0.2563336520076482,0.25041826003824097,0.49324808795411096,2,0,2,1,8,10,24,6,2,4,7,2,1,1,2,2,2,1,24,14,8,10,7,5,2,3,1,1
598,2023-02-12,2022_23,Man City,Aston Villa,3,1,H,1.37,5.25,9.0,1.32,5.56,9.78,Pinnacle,1.37,5.25,9.0,0.7299270072992701,0.19047619047619047,0.1111111111111111,1.0315143088865717,0.031514308886571696,0.7076266427047062,0.18465685723913286,0.10771650005616083,0,3,1,0,15,13,12,10,5,7,3,1,1,1,2,1,4,0,19,16,9,8,4,5,5,5,1,1
599,2023-02-13,2022_23,Liverpool,Everton,2,0,H,1.62,4.3,5.75,1.6,4.2,5.75,Pinnacle,1.62,4.3,5.75,0.6172839506172839,0.23255813953488372,0.17391304347826086,1.0237551336304285,0.02375513363042847,0.6029605423596547,0.22716187874945132,0.16987757889089403,0,0,3,0,22,15,12,11,4,3,6,2,1,1,1,0,0,2,12,5,15,11,4,2,3,4,1,1
600,2023-02-15,2022_23,Arsenal,Man City,1,3,A,3.36,3.52,2.27,3.23,3.43,2.29,Pinnacle,3.36,3.52,2.27,0.2976190476190476,0.2840909090909091,0.44052863436123346,1.0222385910711902,0.022238591071190195,0.2911444062263161,0.27791056957966537,0.43094502419401853,1,0,1,1,23,15,9,12,7,3,2,4,1,1,3,0,1,1,17,15,6,12,9,5,2,3,1,1
601,2023-02-18,2022_23,Wolves,Bournemouth,0,1,A,1.83,3.62,4.98,1.82,3.6,4.71,Pinnacle,1.83,3.62,4.98,0.5464480874316939,0.27624309392265195,0.2008032128514056,1.0234943942057515,0.0234943942057515,0.5339043286658611,0.26990191200511765,0.19619375932902122,2,3,1,0,11,12,17,22,2,6,2,4,1,1,1,0,1,1,11,12,15,20,5,2,7,6,1,1
602,2023-02-18,2022_23,Nott'm Forest,Man City,1,1,D,10.5,5.4,1.33,10.83,5.46,1.31,Pinnacle,10.5,5.4,1.33,0.09523809523809523,0.18518518518518517,0.7518796992481203,1.0323029796714007,0.03230297967140072,0.09225789047747504,0.17939034259509035,0.7283517669274345,0,1,2,0,10,6,16,10,1,2,3,4,1,1,3,3,1,1,9,17,10,6,6,9,1,2,1,1
603,2023-02-18,2022_23,Everton,Leeds,1,0,H,2.82,3.28,2.78,2.74,3.2,2.77,Pinnacle,2.82,3.28,2.78,0.3546099290780142,0.3048780487804878,0.3597122302158274,1.0192002080743294,0.019200208074329428,0.3479296082052534,0.29913460217646787,0.35293578961827865,0,1,2,0,6,12,15,15,1,4,6,3,1,1,0,2,2,2,16,8,11,24,6,2,5,7,1,1
604,2023-02-18,2022_23,Newcastle,Liverpool,0,2,A,2.56,3.52,2.88,2.53,3.48,2.82,Pinnacle,2.56,3.52,2.88,0.390625,0.2840909090909091,0.3472222222222222,1.0219381313131315,0.021938131313131493,0.3822393822393822,0.277992277992278,0.3397683397683397,1,1,1,1,15,8,11,10,7,2,5,1,1,1,2,0,0,3,15,22,6,12,6,4,1,6,1,1
605,2023-02-18,2022_23,Brighton,Fulham,0,1,A,1.56,4.42,6.39,1.54,4.36,6.2,Pinnacle,1.56,4.42,6.39,0.641025641025641,0.22624434389140272,0.1564945226917058,1.0237645076087494,0.023764507608749375,0.626145599169981,0.2209925644129345,0.1528618364170846,1,1,1,0,17,20,6,12,7,6,1,2,1,1,2,0,0,0,16,10,10,12,3,4,1,3,1,1
606,2023-02-18,2022_23,Brentford,Crystal Palace,1,1,D,1.83,3.62,4.96,1.81,3.55,4.76,Pinnacle,1.83,3.62,4.96,0.5464480874316939,0.27624309392265195,0.20161290322580647,1.0243040845801523,0.02430408458015232,0.5334822887635708,0.2696885603418052,0.19682915089462397,1,3,1,0,9,14,23,14,2,4,7,6,1,1,1,1,1,2,6,10,17,14,1,3,7,5,1,1
607,2023-02-18,2022_23,Aston Villa,Arsenal,2,4,A,4.24,3.63,1.95,4.36,3.66,1.87,Pinnacle,4.24,3.63,1.95,0.23584905660377356,0.27548209366391185,0.5128205128205129,1.0241516630881984,0.024151663088198383,0.23028723684595784,0.26898564303770284,0.5007271201163392,1,2,3,4,6,19,17,9,2,4,9,5,1,1,1,1,3,1,10,23,9,9,1,7,6,2,1,1
608,2023-02-18,2022_23,Chelsea,Southampton,0,1,A,1.43,4.68,8.24,1.43,4.64,7.91,Pinnacle,1.43,4.68,8.24,0.6993006993006994,0.2136752136752137,0.12135922330097088,1.034335136276884,0.034335136276884004,0.6760871547087246,0.20658218616099916,0.11733065913027621,1,0,1,0,12,12,10,10,4,3,2,4,1,1,1,0,2,3,17,14,11,14,2,6,2,4,1,1
609,2023-02-19,2022_23,Man United,Leicester,3,0,H,1.58,4.53,5.87,1.56,4.49,5.7,Pinnacle,1.58,4.53,5.87,0.6329113924050632,0.22075055187637968,0.17035775127768313,1.024019695559126,0.024019695559126086,0.6180656438053046,0.21557256450604442,0.16636179168865098,2,2,0,2,11,24,16,8,5,7,6,2,1,1,4,4,1,2,15,9,11,19,7,5,4,4,1,1
610,2023-02-19,2022_23,Tottenham,West Ham,2,0,H,1.88,3.53,4.72,1.87,3.51,4.5,Pinnacle,1.88,3.53,4.72,0.5319148936170213,0.28328611898017,0.21186440677966104,1.0270654193768523,0.02706541937685225,0.5178977731912618,0.2758209103681508,0.20628131644058736,1,1,4,0,11,12,15,15,4,3,7,5,1,1,1,1,1,1,10,10,12,8,2,1,4,2,1,1
611,2023-02-24,2022_23,Fulham,Wolves,1,1,D,2.68,3.15,3.02,2.62,3.18,2.92,Pinnacle,2.68,3.15,3.02,0.3731343283582089,0.31746031746031744,0.33112582781456956,1.021720473633096,0.021720473633096038,0.36520196862787246,0.31071151616593595,0.3240865152061915,1,2,0,0,5,16,21,10,2,3,7,1,1,1,0,2,1,1,15,11,5,17,4,2,1,2,1,1
612,2023-02-25,2022_23,Crystal Palace,Liverpool,0,0,D,5.08,4.12,1.71,4.94,4.04,1.7,Pinnacle,5.08,4.12,1.71,0.19685039370078738,0.24271844660194175,0.5847953216374269,1.024364161940156,0.024364161940156004,0.19216837235690748,0.23694546882841994,0.5708861588146725,1,1,1,1,10,6,12,17,4,1,5,7,1,1,2,2,0,0,13,15,14,6,7,6,4,1,1,1
613,2023-02-25,2022_23,Bournemouth,Man City,1,4,A,10.1,5.11,1.36,10.02,5.21,1.34,Pinnacle,10.1,5.11,1.36,0.09900990099009901,0.19569471624266144,0.7352941176470588,1.0299987348798192,0.02999873487981919,0.09612623553528106,0.18999510350417587,0.7138786609605431,1,1,0,1,5,11,15,15,1,5,4,7,1,1,1,3,1,1,26,9,4,10,6,6,1,1,1,1
614,2023-02-25,2022_23,West Ham,Nott'm Forest,4,0,H,1.71,3.84,5.6,1.7,3.76,5.42,Pinnacle,1.71,3.84,5.6,0.5847953216374269,0.2604166666666667,0.17857142857142858,1.0237834168755222,0.023783416875522212,0.571209996174933,0.2543669514216499,0.17442305240341704,0,1,2,1,6,10,16,12,1,2,6,4,1,1,1,0,1,2,4,10,26,16,1,1,6,3,1,1
615,2023-02-25,2022_23,Leicester,Arsenal,0,1,A,6.02,4.31,1.6,5.84,4.29,1.58,Pinnacle,6.02,4.31,1.6,0.16611295681063123,0.2320185614849188,0.625,1.02313151829555,0.023131518295550046,0.16235738401194136,0.22677295864312924,0.6108696573449294,0,4,3,1,19,15,26,11,3,7,8,4,1,1,4,1,2,3,20,10,7,9,5,1,5,6,1,1
616,2023-02-25,2022_23,Everton,Aston Villa,0,2,A,2.61,3.15,3.12,2.61,3.14,2.98,Pinnacle,2.61,3.15,3.12,0.3831417624521073,0.31746031746031744,0.3205128205128205,1.0211149004252453,0.02111490042524533,0.37521904958251723,0.3108957839398,0.31388516647768266,1,0,0,2,15,6,8,15,6,1,0,6,1,1,2,1,4,3,7,6,20,17,5,2,5,9,1,1
617,2023-02-25,2022_23,Leeds,Southampton,1,0,H,1.96,3.78,4.03,1.95,3.66,3.95,Pinnacle,1.96,3.78,4.03,0.5102040816326531,0.2645502645502646,0.24813895781637715,1.0228933039992947,0.02289330399929468,0.49878523951409587,0.25862938345175346,0.2425853770341508,0,0,1,2,8,16,15,11,0,6,6,5,1,1,1,1,0,2,8,17,17,11,5,2,5,2,1,1
618,2023-02-26,2022_23,Tottenham,Chelsea,2,0,H,3.04,3.33,2.54,2.93,3.29,2.53,Pinnacle,3.04,3.33,2.54,0.32894736842105265,0.3003003003003003,0.39370078740157477,1.0229484561229278,0.02294845612292784,0.32156788199064745,0.2935634718473178,0.3848686461620347,2,1,0,4,16,11,6,15,6,4,1,7,1,1,0,1,1,1,17,12,8,10,5,4,5,2,1,1
619,2023-03-01,2022_23,Arsenal,Everton,4,0,H,1.34,5.21,10.65,1.32,5.2,11.22,Pinnacle,1.34,5.21,10.65,0.7462686567164178,0.19193857965451055,0.09389671361502347,1.032103949985952,0.032103949985951896,0.7230557122919405,0.18596826381405,0.09097602389400943,1,4,0,2,10,20,1,7,2,5,0,5,1,1,0,1,2,0,15,15,9,8,5,6,5,0,1,1
620,2023-03-01,2022_23,Liverpool,Wolves,2,0,H,1.53,4.44,6.43,1.52,4.41,6.47,Pinnacle,1.53,4.44,6.43,0.6535947712418301,0.2252252252252252,0.15552099533437014,1.0343409918014255,0.03434099180142547,0.6318948745360257,0.21774755811714394,0.15035756734683037,0,2,0,0,12,13,6,14,4,7,0,4,1,1,1,0,1,1,8,15,10,5,2,4,5,1,1,1
621,2023-03-04,2022_23,Wolves,Tottenham,1,0,H,3.35,3.34,2.37,3.26,3.25,2.35,Pinnacle,3.35,3.34,2.37,0.29850746268656714,0.29940119760479045,0.42194092827004215,1.0198495885613998,0.019849588561399845,0.2926975370041006,0.29357387693525067,0.41372858606064855,0,1,2,1,4,8,15,10,1,2,6,5,1,1,2,2,0,0,8,16,10,6,3,6,2,1,1,1
622,2023-03-04,2022_23,Southampton,Leicester,1,0,H,2.98,3.36,2.57,2.79,3.32,2.62,Pinnacle,2.98,3.36,2.57,0.33557046979865773,0.2976190476190476,0.38910505836575876,1.022294575783464,0.022294575783464055,0.3282522256772065,0.291128462058951,0.38061931226384255,0,1,1,0,8,8,14,17,2,5,4,5,1,1,0,0,1,3,1,19,10,26,0,3,2,8,1,1
623,2023-03-04,2022_23,Chelsea,Leeds,1,0,H,1.6,4.2,6.11,1.58,4.14,6.03,Pinnacle,1.6,4.2,6.11,0.625,0.23809523809523808,0.1636661211129296,1.0267613592081677,0.02676135920816769,0.608710090611509,0.23188955832819394,0.15940035106029696,0,0,2,1,10,17,8,8,2,5,3,5,1,1,1,0,0,1,14,8,8,15,4,0,2,6,1,1
624,2023-03-04,2022_23,Aston Villa,Crystal Palace,1,0,H,2.15,3.38,3.82,2.15,3.31,3.67,Pinnacle,2.15,3.38,3.82,0.46511627906976744,0.2958579881656805,0.2617801047120419,1.0227543719474899,0.02275437194748986,0.45476831175418075,0.28927570126375407,0.2559559869820651,2,2,0,4,9,7,15,20,5,5,5,5,1,1,0,1,0,1,6,10,12,12,0,4,4,5,1,1
625,2023-03-04,2022_23,Arsenal,Bournemouth,3,2,H,1.23,6.75,14.0,1.22,6.78,13.69,Pinnacle,1.23,6.75,14.0,0.8130081300813008,0.14814814814814814,0.07142857142857142,1.0325848496580203,0.03258484965802033,0.7873523714303569,0.14347309879397613,0.06917452977566706,4,1,0,0,15,10,8,1,5,2,5,0,1,1,1,1,4,0,13,5,20,15,2,1,5,4,1,1
626,2023-03-04,2022_23,Man City,Newcastle,2,0,H,1.51,4.55,6.65,1.5,4.44,6.67,Pinnacle,1.51,4.55,6.65,0.6622516556291391,0.21978021978021978,0.15037593984962405,1.032407815258983,0.032407815258983064,0.6414632336573421,0.21288120501595306,0.14565556132670474,4,1,1,1,20,26,13,4,5,6,2,1,1,1,0,1,2,1,14,15,13,11,4,7,7,5,1,1
627,2023-03-04,2022_23,Brighton,West Ham,4,0,H,1.68,4.0,5.54,1.68,3.94,5.22,Pinnacle,1.68,4.0,5.54,0.5952380952380952,0.25,0.18050541516245489,1.0257435104005501,0.025743510400550118,0.5802991578329911,0.2437256462898563,0.17597519587715257,0,1,1,1,21,17,5,6,7,7,2,1,1,1,4,0,0,2,18,6,8,16,5,1,3,6,1,1
628,2023-03-05,2022_23,Nott'm Forest,Everton,2,2,D,3.1,3.1,2.66,3.04,3.03,2.62,Pinnacle,3.1,3.1,2.66,0.3225806451612903,0.3225806451612903,0.37593984962406013,1.0211011399466408,0.021101139946640757,0.3159144893111639,0.3159144893111639,0.3681710213776722,0,1,4,1,8,4,18,26,3,1,5,6,1,1,0,0,4,2,8,15,15,9,5,5,5,5,1,1
629,2023-03-05,2022_23,Liverpool,Man United,7,0,H,2.43,3.66,2.97,2.46,3.58,2.85,Pinnacle,2.43,3.66,2.97,0.4115226337448559,0.27322404371584696,0.33670033670033667,1.0214470141610397,0.021447014161039668,0.4028820174121885,0.2674872410687481,0.3296307415190633,2,0,0,0,15,12,4,6,6,4,1,0,1,1,3,2,0,0,26,11,19,16,8,5,3,6,1,1
630,2023-03-06,2022_23,Brentford,Fulham,3,2,H,2.08,3.6,3.8,2.04,3.54,3.74,Pinnacle,2.08,3.6,3.8,0.4807692307692307,0.2777777777777778,0.2631578947368421,1.0217049032838506,0.021704903283850552,0.4705558613098514,0.2718767198679142,0.25756741882223444,1,1,1,1,12,9,10,23,5,2,4,7,1,1,1,1,1,0,10,5,8,21,5,2,2,7,1,1
631,2023-03-11,2022_23,Bournemouth,Liverpool,1,0,H,6.98,5.15,1.45,7.17,5.05,1.41,Pinnacle,6.98,5.15,1.45,0.14326647564469913,0.1941747572815534,0.6896551724137931,1.0270964053400458,0.02709640534004576,0.13948688253588737,0.18905212429135804,0.6714609931727545,2,1,3,4,4,13,31,20,4,2,9,5,1,1,7,2,0,0,18,15,8,4,8,6,4,1,1,1
632,2023-03-11,2022_23,Everton,Brentford,1,0,H,2.7,3.15,2.99,2.68,3.07,2.91,Pinnacle,2.7,3.15,2.99,0.37037037037037035,0.31746031746031744,0.33444816053511706,1.0222788483658047,0.022278848365804738,0.3622987709884023,0.31054180370434487,0.32715942530725295,2,0,2,4,10,8,10,15,3,5,4,5,1,1,3,1,2,1,14,12,9,10,6,5,5,4,1,1
633,2023-03-11,2022_23,Leeds,Brighton,2,2,D,4.47,3.8,1.85,4.29,3.75,1.84,Pinnacle,4.47,3.8,1.85,0.2237136465324385,0.2631578947368421,0.5405405405405405,1.0274120818098211,0.02741208180982113,0.21774480804076135,0.256136655774264,0.5261185361849746,0,1,1,0,11,14,13,8,2,4,3,2,1,1,4,0,0,1,20,21,3,5,9,7,2,2,1,1
634,2023-03-11,2022_23,Leicester,Chelsea,1,3,A,4.1,3.75,1.95,4.02,3.63,1.93,Pinnacle,4.1,3.75,1.95,0.24390243902439027,0.26666666666666666,0.5128205128205129,1.0233896185115698,0.023389618511569843,0.2383280371547299,0.2605719872891713,0.5010999755560988,0,0,1,1,11,1,11,10,0,0,5,2,1,1,1,0,0,2,13,10,11,8,3,2,2,3,1,1
635,2023-03-11,2022_23,Tottenham,Nott'm Forest,3,1,H,1.47,4.63,7.65,1.44,4.55,7.62,Pinnacle,1.47,4.63,7.65,0.6802721088435374,0.2159827213822894,0.13071895424836602,1.0269737844741929,0.026973784474192852,0.6624045512435689,0.21030986832139228,0.12728558043503874,0,2,1,0,21,8,8,10,6,3,5,2,1,1,2,0,2,4,10,8,10,18,4,3,3,5,1,1
636,2023-03-11,2022_23,Crystal Palace,Man City,0,1,A,10.05,5.17,1.35,9.92,5.05,1.34,Pinnacle,10.05,5.17,1.35,0.09950248756218905,0.19342359767891684,0.7407407407407407,1.0336668259818467,0.03366682598184667,0.09626166290833107,0.18712373544075966,0.7166146016509092,0,0,1,0,3,6,8,12,0,0,1,4,1,1,2,4,0,1,11,20,5,13,3,5,2,2,1,1
637,2023-03-12,2022_23,Man United,Southampton,0,0,D,1.28,6.28,10.69,1.27,6.12,10.83,Pinnacle,1.28,6.28,10.69,0.78125,0.1592356687898089,0.09354536950420955,1.0340310382940183,0.03403103829401832,0.7555382489184603,0.15399505710439956,0.09046669397714026,0,3,7,0,8,26,18,19,4,8,8,3,1,1,1,0,0,1,11,8,11,14,5,2,0,4,1,1
638,2023-03-12,2022_23,Newcastle,Wolves,2,1,H,1.66,3.96,5.91,1.64,3.83,5.88,Pinnacle,1.66,3.96,5.91,0.6024096385542169,0.25252525252525254,0.1692047377326565,1.0241396288121258,0.024139628812125835,0.5882104564715819,0.24657307013707722,0.16521647339134107,0,0,2,2,5,14,11,13,2,4,3,7,1,1,1,0,0,2,8,4,21,15,5,1,6,6,1,1
639,2023-03-12,2022_23,Fulham,Arsenal,0,3,A,7.83,4.9,1.43,7.64,4.69,1.43,Pinnacle,7.83,4.9,1.43,0.1277139208173691,0.2040816326530612,0.6993006993006994,1.0310962527711296,0.031096252771129596,0.12386226841008363,0.19792684931652138,0.6782108822733951,2,1,3,1,9,10,14,8,5,5,6,2,1,1,3,4,2,0,31,15,4,8,9,5,4,5,1,1
640,2023-03-12,2022_23,West Ham,Aston Villa,1,1,D,2.42,3.28,3.29,2.32,3.25,3.26,Pinnacle,2.42,3.28,3.29,0.4132231404958678,0.3048780487804878,0.303951367781155,1.0220525570575105,0.022052557057510525,0.40430713434692367,0.2982997759510839,0.29739308970199246,0,4,4,0,3,18,20,8,2,5,9,3,1,1,1,2,0,0,8,9,3,15,1,5,0,5,1,1
641,2023-03-15,2022_23,Brighton,Crystal Palace,1,0,H,1.39,5.23,9.54,1.37,4.98,9.06,Pinnacle,1.39,5.23,9.54,0.7194244604316548,0.19120458891013384,0.10482180293501049,1.015450852276799,0.015450852276799099,0.7084778734673303,0.18829526656206289,0.10322685997060682,2,4,2,0,14,20,12,3,2,9,4,2,1,1,0,0,1,1,4,3,14,8,0,0,4,1,1,1
642,2023-03-15,2022_23,Southampton,Brentford,0,2,A,3.31,3.27,2.42,3.24,3.22,2.38,Pinnacle,3.31,3.27,2.42,0.3021148036253776,0.3058103975535168,0.4132231404958678,1.0211483416747622,0.021148341674762205,0.29585789967585513,0.299476956552624,0.4046651437715209,0,1,0,0,17,11,10,11,4,5,4,0,1,1,0,3,1,2,12,14,13,9,4,6,6,5,1,1
643,2023-03-17,2022_23,Nott'm Forest,Newcastle,1,2,A,5.48,3.7,1.75,5.45,3.75,1.69,Pinnacle,5.48,3.7,1.75,0.18248175182481752,0.27027027027027023,0.5714285714285714,1.0241805935236592,0.0241805935236592,0.1781734129495611,0.2638892710712418,0.557937315979197,1,2,3,2,9,10,15,10,5,4,7,3,1,1,2,0,1,2,19,5,7,11,8,2,4,3,1,1
644,2023-03-18,2022_23,Chelsea,Everton,2,2,D,1.52,4.14,7.71,1.49,4.14,7.95,Pinnacle,1.52,4.14,7.71,0.6578947368421053,0.24154589371980678,0.1297016861219196,1.0291423166838316,0.029142316683831604,0.6392650716783428,0.23470601665485047,0.12602891166680688,3,1,1,0,12,13,17,11,6,3,7,2,1,1,1,2,0,2,13,10,12,10,6,3,4,4,1,1
645,2023-03-18,2022_23,Aston Villa,Bournemouth,3,0,H,1.74,3.95,5.13,1.72,3.85,5.0,Pinnacle,1.74,3.95,5.13,0.5747126436781609,0.2531645569620253,0.19493177387914232,1.0228089745193285,0.022808974519328507,0.5618963638329909,0.24751890457453266,0.19058473159247646,1,1,1,0,12,8,17,3,4,1,6,0,1,1,1,2,0,3,5,4,15,31,2,4,6,9,1,1
646,2023-03-18,2022_23,Brentford,Leicester,1,1,D,1.9,3.84,4.21,1.87,3.85,4.06,Pinnacle,1.9,3.84,4.21,0.5263157894736842,0.2604166666666667,0.23752969121140144,1.0242621473517524,0.02426214735175236,0.5138487162046189,0.25424806270541045,0.23190322108997058,2,0,0,1,11,12,7,13,5,4,1,6,1,1,1,0,3,1,17,11,12,11,7,0,6,5,1,1
647,2023-03-18,2022_23,Southampton,Tottenham,3,3,D,4.62,3.73,1.85,4.54,3.64,1.83,Pinnacle,4.62,3.73,1.85,0.21645021645021645,0.2680965147453083,0.5405405405405405,1.0250872717360653,0.025087271736065286,0.21115296464821098,0.26153530741949993,0.527311727932289,0,0,2,0,7,17,11,10,1,4,5,4,1,1,3,0,1,1,15,21,9,8,7,6,5,5,1,1
648,2023-03-18,2022_23,Wolves,Leeds,2,4,A,2.32,3.34,3.43,2.34,3.23,3.25,Pinnacle,2.32,3.34,3.43,0.4310344827586207,0.29940119760479045,0.29154518950437314,1.0219808698677841,0.021980869867784136,0.42176374868385214,0.2929616457923764,0.28527460552377165,1,1,2,0,7,8,19,21,4,5,8,6,1,1,2,0,2,1,12,11,14,13,4,2,2,3,1,1
649,2023-03-19,2022_23,Arsenal,Crystal Palace,4,1,H,1.27,6.12,12.21,1.26,5.86,12.05,Pinnacle,1.27,6.12,12.21,0.7874015748031495,0.16339869281045752,0.0819000819000819,1.0327003495136888,0.03270034951368883,0.7624685855620621,0.1582246901411469,0.07930672429679107,3,3,0,2,15,31,12,4,7,9,2,4,1,1,0,0,1,1,11,4,11,14,3,0,5,4,1,1
650,2023-04-01,2022_23,Nott'm Forest,Wolves,1,1,D,3.44,3.16,2.41,3.32,3.12,2.39,Pinnacle,3.44,3.16,2.41,0.29069767441860467,0.3164556962025316,0.41493775933609955,1.0220911299572357,0.022091129957235722,0.28441463378198717,0.3096159304462138,0.40596943577179906,1,1,2,3,5,9,15,15,3,5,4,7,1,1,2,1,4,2,23,7,11,19,8,4,4,8,1,1
651,2023-04-01,2022_23,Chelsea,Aston Villa,0,2,A,1.63,4.09,6.06,1.62,3.95,5.93,Pinnacle,1.63,4.09,6.06,0.6134969325153374,0.24449877750611249,0.16501650165016502,1.023012211671615,0.023012211671614935,0.59969658770043,0.23899888458476795,0.1613045277148021,2,3,2,1,20,12,12,17,7,6,3,7,1,1,3,1,0,1,20,12,10,17,9,4,3,6,1,1
652,2023-04-01,2022_23,Crystal Palace,Leicester,2,1,H,2.37,3.39,3.27,2.38,3.31,3.16,Pinnacle,2.37,3.39,3.27,0.42194092827004215,0.2949852507374631,0.3058103975535168,1.0227365765610221,0.022736576561022126,0.4125607100988109,0.28842739909562887,0.2990118908055602,1,0,4,1,8,11,15,11,4,3,5,5,1,1,1,1,1,3,14,17,11,12,1,7,2,6,1,1
653,2023-04-01,2022_23,Bournemouth,Fulham,2,1,H,2.61,3.32,2.97,2.56,3.28,2.9,Pinnacle,2.61,3.32,2.97,0.3831417624521073,0.30120481927710846,0.33670033670033667,1.0210469184295525,0.02104691842955253,0.37524403192108774,0.2949960612391684,0.32975990683974377,0,1,3,0,10,5,20,15,3,2,9,6,1,1,0,2,3,3,12,9,15,14,2,5,7,6,1,1
654,2023-04-01,2022_23,Arsenal,Leeds,4,1,H,1.27,6.75,10.5,1.27,6.3,10.67,Pinnacle,1.27,6.75,10.5,0.7874015748031495,0.14814814814814814,0.09523809523809523,1.0307878181893928,0.0307878181893928,0.7638832754021503,0.14372322366825643,0.09239350092959342,4,3,1,0,15,15,8,12,5,7,4,2,1,1,4,2,2,2,11,12,23,14,4,4,8,2,1,1
655,2023-04-01,2022_23,Man City,Liverpool,4,1,H,1.67,4.25,5.3,1.68,4.15,4.97,Pinnacle,1.67,4.25,5.3,0.5988023952095809,0.23529411764705882,0.18867924528301888,1.0227757581396586,0.022775758139658597,0.5854679194770427,0.23005445306509673,0.18447762745786062,1,2,0,0,14,11,4,5,4,3,0,2,1,1,0,7,1,0,15,18,5,8,6,8,2,4,1,1
656,2023-04-01,2022_23,Brighton,Brentford,3,3,D,1.64,4.34,5.57,1.62,4.14,5.56,Pinnacle,1.64,4.34,5.57,0.6097560975609756,0.2304147465437788,0.17953321364452424,1.0197040577492786,0.019704057749278636,0.5979735913838056,0.22596237093765925,0.1760640376785352,1,2,0,2,11,14,11,12,5,2,3,4,1,1,1,2,1,0,11,11,14,7,2,5,1,1,1,1
657,2023-04-02,2022_23,West Ham,Southampton,1,0,H,1.77,3.8,4.94,1.76,3.71,4.96,Pinnacle,1.77,3.8,4.94,0.5649717514124294,0.2631578947368421,0.20242914979757085,1.0305587959468423,0.0305587959468423,0.5482188436355566,0.2553545666407724,0.19642658972367108,1,0,1,4,17,3,12,20,6,2,4,9,1,1,3,0,3,2,19,7,17,11,7,1,3,5,1,1
658,2023-04-02,2022_23,Newcastle,Man United,2,0,H,2.32,3.63,3.17,2.33,3.49,3.08,Pinnacle,2.32,3.63,3.17,0.4310344827586207,0.27548209366391185,0.31545741324921134,1.021973989671744,0.02197398967174391,0.4217665881076564,0.26955881113216607,0.3086746007601775,2,2,1,1,15,19,5,7,4,8,3,4,1,1,0,0,0,7,10,8,17,18,4,4,4,8,1,1
659,2023-04-03,2022_23,Everton,Tottenham,1,1,D,3.97,3.51,2.06,3.81,3.34,2.08,Pinnacle,3.97,3.51,2.06,0.2518891687657431,0.2849002849002849,0.4854368932038835,1.0222263468699115,0.02222634686991154,0.2464123230016869,0.2787056758737029,0.4748820011246102,2,1,2,0,12,13,20,12,3,6,7,4,1,1,3,3,3,1,17,15,19,9,3,7,7,5,1,1
660,2023-04-04,2022_23,Bournemouth,Brighton,0,2,A,5.99,4.37,1.59,5.83,4.34,1.57,Pinnacle,5.99,4.37,1.59,0.1669449081803005,0.22883295194508008,0.6289308176100629,1.0247086777354435,0.024708677735443496,0.1629193855850237,0.22331513035567319,0.6137654840593031,2,0,1,3,12,10,10,20,7,3,2,9,1,1,3,1,3,0,33,11,7,11,15,5,5,3,1,1
661,2023-04-04,2022_23,Leeds,Nott'm Forest,2,1,H,1.72,3.94,5.22,1.7,3.88,5.17,Pinnacle,1.72,3.94,5.22,0.5813953488372093,0.25380710659898476,0.19157088122605365,1.0267733366622478,0.026773336662247793,0.5662353394636859,0.2471890314409999,0.18657562909531414,1,4,4,2,7,11,13,23,5,4,6,8,1,1,1,1,1,2,17,5,8,15,7,3,1,4,1,1
662,2023-04-04,2022_23,Leicester,Aston Villa,1,2,A,2.74,3.5,2.7,2.71,3.4,2.67,Pinnacle,2.74,3.5,2.7,0.36496350364963503,0.2857142857142857,0.37037037037037035,1.021048159734291,0.021048159734291083,0.35744004841516,0.27982449504501095,0.362735456539829,1,1,2,1,3,14,31,11,2,1,9,2,1,1,2,3,0,0,5,20,27,10,2,9,8,3,1,1
663,2023-04-04,2022_23,Chelsea,Liverpool,0,0,D,2.23,3.47,3.5,2.16,3.53,3.43,Pinnacle,2.23,3.47,3.5,0.4484304932735426,0.2881844380403458,0.2857142857142857,1.0223292170281741,0.022329217028174142,0.43863609276187243,0.28189005384984883,0.2794738533882787,0,2,2,2,27,20,5,12,8,7,2,3,1,1,1,0,4,1,4,15,17,5,1,6,8,2,1,1
664,2023-04-05,2022_23,Man United,Brentford,1,0,H,1.65,4.31,5.48,1.62,4.24,5.32,Pinnacle,1.65,4.31,5.48,0.6060606060606061,0.2320185614849188,0.18248175182481752,1.0205609193703424,0.020560919370342434,0.5938504939367348,0.22734415661151103,0.1788053494517541,0,0,2,0,6,10,22,17,1,4,6,4,1,1,3,1,3,1,7,11,33,14,5,2,15,1,1,1
665,2023-04-05,2022_23,West Ham,Newcastle,1,5,A,3.49,3.33,2.3,3.46,3.24,2.26,Pinnacle,3.49,3.33,2.3,0.28653295128939826,0.3003003003003003,0.4347826086956522,1.0216158602853507,0.021615860285350674,0.2804703435294807,0.29394639607143774,0.4255832603990817,1,1,0,1,12,17,9,12,2,6,3,4,1,1,2,2,0,1,22,15,6,5,6,4,1,3,1,1
666,2023-04-08,2022_23,Southampton,Man City,1,4,A,12.0,6.4,1.26,12.15,6.27,1.25,Pinnacle,12.0,6.4,1.26,0.08333333333333333,0.15625,0.7936507936507936,1.033234126984127,0.03323412698412698,0.08065290446471435,0.15122419587133942,0.7681228996639462,0,3,1,3,9,19,12,17,3,7,2,3,1,1,4,1,1,0,17,14,4,4,8,4,1,0,1,1
667,2023-04-08,2022_23,Wolves,Chelsea,1,0,H,5.08,3.7,1.79,5.01,3.62,1.78,Pinnacle,5.08,3.7,1.79,0.19685039370078738,0.27027027027027023,0.5586592178770949,1.0257798818481525,0.025779881848152497,0.19190315308789357,0.26347784261797275,0.5446190042941337,1,2,1,4,8,23,17,11,1,8,7,4,1,1,0,0,0,2,12,27,7,5,3,8,4,2,1,1
668,2023-04-08,2022_23,Tottenham,Brighton,2,1,H,2.83,3.51,2.61,2.76,3.44,2.59,Pinnacle,2.83,3.51,2.61,0.35335689045936397,0.2849002849002849,0.3831417624521073,1.0213989378117563,0.02139893781175628,0.3459538456309689,0.2789314481867926,0.37511470618223836,1,3,1,3,8,17,15,19,2,3,6,7,1,1,2,3,0,3,16,33,14,7,6,15,3,5,1,1
669,2023-04-08,2022_23,Leicester,Bournemouth,0,1,A,2.12,3.51,3.75,2.09,3.48,3.64,Pinnacle,2.12,3.51,3.75,0.4716981132075471,0.2849002849002849,0.26666666666666666,1.0232650647744987,0.023265064774498745,0.46097353407789526,0.27842276132340116,0.26060370459870347,1,1,2,2,9,3,15,31,4,2,5,9,1,1,0,2,2,1,14,12,16,10,3,7,6,2,1,1
670,2023-04-08,2022_23,Man United,Everton,2,0,H,1.61,4.2,6.0,1.57,4.22,5.98,Pinnacle,1.61,4.2,6.0,0.6211180124223602,0.23809523809523808,0.16666666666666666,1.025879917184265,0.025879917184264967,0.6054490413723511,0.23208879919273462,0.16246215943491424,1,0,0,2,18,6,6,22,3,1,1,6,1,1,1,2,1,2,15,12,8,20,6,3,2,7,1,1
671,2023-04-08,2022_23,Brentford,Newcastle,1,2,A,4.28,3.58,1.96,4.1,3.5,1.96,Pinnacle,4.28,3.58,1.96,0.2336448598130841,0.27932960893854747,0.5102040816326531,1.0231785503842845,0.023178550384284513,0.22835199166883627,0.2730018224420724,0.4986461858890915,0,3,1,3,6,7,18,33,1,5,3,15,1,1,5,2,1,0,15,22,7,6,8,6,2,1,1,1
672,2023-04-08,2022_23,Aston Villa,Nott'm Forest,2,0,H,1.6,4.25,6.12,1.58,4.16,5.98,Pinnacle,1.6,4.25,6.12,0.625,0.23529411764705882,0.16339869281045752,1.0236928104575165,0.023692810457516478,0.610534716679968,0.22984836392657618,0.15961691939345568,2,2,1,0,15,5,9,27,5,2,4,8,1,1,1,1,2,1,13,17,21,8,1,7,6,1,1,1
673,2023-04-08,2022_23,Fulham,West Ham,0,1,A,2.89,3.29,2.69,2.95,3.24,2.55,Pinnacle,2.89,3.29,2.69,0.3460207612456747,0.303951367781155,0.3717472118959108,1.0217193409227405,0.021719340922740527,0.3386651768118382,0.29749007932711624,0.36384474386104554,1,0,2,3,10,12,12,15,2,2,7,7,1,1,1,1,5,0,7,12,15,9,2,2,8,3,1,1
674,2023-04-09,2022_23,Leeds,Crystal Palace,1,5,A,2.09,3.53,3.82,2.07,3.45,3.73,Pinnacle,2.09,3.53,3.82,0.47846889952153115,0.28328611898017,0.2617801047120419,1.023535123213743,0.02353512321374307,0.46746700593841106,0.2767722499748666,0.2557607440867223,2,1,1,4,21,7,13,13,6,5,1,6,1,1,2,1,1,4,31,8,3,15,9,4,2,5,1,1
675,2023-04-09,2022_23,Liverpool,Arsenal,2,2,D,2.8,3.71,2.51,2.72,3.6,2.55,Pinnacle,2.8,3.71,2.51,0.35714285714285715,0.2695417789757412,0.39840637450199207,1.0250910106205904,0.02509101062059038,0.3484011209176859,0.26294424220202706,0.38865463688028706,0,1,0,4,7,4,12,17,4,1,3,8,1,1,4,4,1,1,13,15,7,8,6,5,5,4,1,1
676,2023-04-15,2022_23,Man City,Leicester,3,1,H,1.13,10.25,19.5,1.14,9.4,19.22,Pinnacle,1.13,10.25,19.5,0.8849557522123894,0.0975609756097561,0.05128205128205128,1.0337987791041967,0.03379877910419671,0.8560232127370259,0.0943713395505209,0.049605447712453295,4,4,1,1,13,17,4,4,8,8,1,1,1,1,0,1,1,2,14,9,19,15,4,4,7,5,1,1
677,2023-04-15,2022_23,Wolves,Brentford,2,0,H,2.9,3.19,2.75,2.81,3.17,2.71,Pinnacle,2.9,3.19,2.75,0.3448275862068966,0.31347962382445144,0.36363636363636365,1.0219435736677118,0.021943573667711824,0.3374233128834355,0.30674846625766866,0.35582822085889565,1,1,0,1,9,8,13,17,4,1,1,7,1,1,1,0,2,1,12,6,10,18,6,1,4,3,1,1
678,2023-04-15,2022_23,Southampton,Crystal Palace,0,2,A,2.93,3.17,2.75,2.93,3.12,2.65,Pinnacle,2.93,3.17,2.75,0.341296928327645,0.31545741324921134,0.36363636363636365,1.0203907052132202,0.020390705213220173,0.3344767122867195,0.30915355425870283,0.3563697334545775,1,0,4,1,4,9,13,12,1,3,8,2,1,1,5,2,1,1,16,31,11,3,8,9,7,2,1,1
679,2023-04-15,2022_23,Tottenham,Bournemouth,2,3,A,1.52,4.52,6.6,1.51,4.47,6.49,Pinnacle,1.52,4.52,6.6,0.6578947368421053,0.22123893805309736,0.15151515151515152,1.0306488264103542,0.030648826410354157,0.6383306515115205,0.21465986511006882,0.14700948337841077,2,1,1,1,9,8,17,15,3,2,4,6,1,1,1,0,0,2,19,14,14,16,7,3,4,6,1,1
680,2023-04-15,2022_23,Chelsea,Brighton,1,2,A,3.12,3.42,2.45,2.94,3.37,2.48,Pinnacle,3.12,3.42,2.45,0.3205128205128205,0.29239766081871343,0.4081632653061224,1.0210737466376563,0.021073746637656265,0.3138978174380184,0.28636292117152556,0.39973926139045607,0,0,1,0,13,12,9,7,1,3,4,4,1,1,1,2,2,0,17,16,9,14,4,6,3,3,1,1
681,2023-04-15,2022_23,Aston Villa,Newcastle,3,0,H,3.71,3.48,2.15,3.64,3.45,2.11,Pinnacle,3.71,3.48,2.15,0.2695417789757412,0.28735632183908044,0.46511627906976744,1.022014379884589,0.022014379884589097,0.2637357989093844,0.2811666132051196,0.455097587885496,2,2,0,1,8,15,6,9,3,5,2,4,1,1,2,5,1,1,10,15,12,7,4,8,6,2,1,1
682,2023-04-15,2022_23,Everton,Fulham,1,3,A,2.26,3.36,3.55,2.22,3.29,3.49,Pinnacle,2.26,3.36,3.55,0.4424778761061947,0.2976190476190476,0.28169014084507044,1.0217870645703129,0.021787064570312875,0.43304313731185057,0.29127306259666136,0.27568380009148796,0,1,2,1,15,15,29,8,1,6,11,2,1,1,0,1,1,2,16,10,9,12,3,2,5,7,1,1
683,2023-04-16,2022_23,West Ham,Arsenal,2,2,D,5.72,4.3,1.61,5.58,4.2,1.61,Pinnacle,5.72,4.3,1.61,0.17482517482517484,0.23255813953488372,0.6211180124223602,1.0285013267824188,0.02850132678241879,0.1699805049081472,0.22611360187781437,0.6039058932140384,1,1,0,5,9,7,16,15,5,2,3,8,1,1,2,4,2,1,9,13,21,7,5,6,6,5,1,1
684,2023-04-16,2022_23,Nott'm Forest,Man United,0,2,A,5.14,4.06,1.7,4.96,4.01,1.7,Pinnacle,5.14,4.06,1.7,0.19455252918287938,0.24630541871921185,0.5882352941176471,1.0290932420197383,0.029093242019738286,0.18905238246540523,0.23934217878625197,0.5716054387483428,0,1,2,2,6,13,8,21,2,1,3,6,1,1,2,1,0,0,29,18,15,6,11,3,1,1,1,1
685,2023-04-17,2022_23,Leeds,Liverpool,1,6,A,4.48,4.44,1.73,4.57,4.32,1.7,Pinnacle,4.48,4.44,1.73,0.2232142857142857,0.2252252252252252,0.5780346820809249,1.0264741930204357,0.026474193020435743,0.21745727971734968,0.21941635430939788,0.5631263659732525,1,2,5,1,11,21,16,13,7,6,8,1,1,1,2,0,2,0,21,7,9,12,6,4,5,3,1,1
686,2023-04-21,2022_23,Arsenal,Southampton,3,3,D,1.22,7.26,14.16,1.21,7.08,13.9,Pinnacle,1.22,7.26,14.16,0.819672131147541,0.13774104683195593,0.07062146892655367,1.0280346469060506,0.02803464690605062,0.7973195588440597,0.13398482944762435,0.06869561170831588,2,2,2,2,11,9,16,21,5,5,3,6,1,1,0,1,2,4,11,4,9,13,4,1,2,8,1,1
687,2023-04-22,2022_23,Fulham,Leeds,2,1,H,2.39,3.48,3.11,2.38,3.44,3.03,Pinnacle,2.39,3.48,3.11,0.41841004184100417,0.28735632183908044,0.3215434083601286,1.0273097720402133,0.027309772040213343,0.40728712334747047,0.27971730597714206,0.3129955706753873,3,0,1,1,21,16,15,9,7,3,7,5,1,1,1,1,6,5,13,11,13,16,3,7,7,8,1,1
688,2023-04-22,2022_23,Brentford,Aston Villa,1,1,D,2.72,3.33,2.83,2.64,3.28,2.82,Pinnacle,2.72,3.33,2.83,0.3676470588235294,0.3003003003003003,0.35335689045936397,1.0213042495831937,0.021304249583193657,0.359977997715735,0.2940360822182581,0.34598592006600687,0,1,2,2,10,12,11,10,3,6,9,4,1,1,3,2,0,0,16,8,8,6,6,3,2,2,1,1
689,2023-04-22,2022_23,Crystal Palace,Everton,0,0,D,1.98,3.4,4.48,1.97,3.36,4.27,Pinnacle,1.98,3.4,4.48,0.5050505050505051,0.29411764705882354,0.2232142857142857,1.0223824378236142,0.022382437823614154,0.49399372129829033,0.28767869652076905,0.21832758218094078,2,5,0,1,9,16,11,11,2,8,4,7,1,1,1,0,3,2,15,15,21,29,7,1,7,11,1,1
690,2023-04-22,2022_23,Leicester,Wolves,2,1,H,2.45,3.4,3.13,2.43,3.3,3.09,Pinnacle,2.45,3.4,3.13,0.4081632653061224,0.29411764705882354,0.3194888178913738,1.0217697302563198,0.021769730256319786,0.3994669769711529,0.28785120399391906,0.31268181903492803,1,0,3,1,10,14,12,19,4,4,4,7,1,1,2,1,0,0,11,9,10,13,9,4,3,1,1,1
691,2023-04-22,2022_23,Liverpool,Nott'm Forest,3,2,H,1.17,8.5,16.5,1.17,8.07,16.57,Pinnacle,1.17,8.5,16.5,0.8547008547008548,0.11764705882352941,0.06060606060606061,1.0329539741304448,0.03295397413044476,0.8274336283185841,0.1138938053097345,0.05867256637168142,6,2,1,2,13,21,13,9,7,6,3,5,1,1,0,0,2,2,6,6,22,8,0,2,8,3,1,1
692,2023-04-23,2022_23,Newcastle,Tottenham,6,1,H,1.93,3.82,4.11,1.92,3.72,4.03,Pinnacle,1.93,3.82,4.11,0.5181347150259068,0.2617801047120419,0.24330900243309,1.0232238221710386,0.023223822171038577,0.5063747577011525,0.25583855559246704,0.23778668670638056,0,2,3,1,8,10,16,12,2,4,6,6,1,1,2,2,3,1,24,9,6,17,8,3,6,4,1,1
693,2023-04-23,2022_23,Bournemouth,West Ham,0,4,A,3.03,3.34,2.55,2.97,3.3,2.51,Pinnacle,3.03,3.34,2.55,0.33003300330033003,0.29940119760479045,0.3921568627450981,1.0215910636502186,0.021591063650218567,0.3230578408948668,0.29307343051240914,0.3838687285927241,3,1,2,0,6,19,24,14,6,7,8,4,1,1,2,1,2,0,16,9,11,16,3,5,5,3,1,1
694,2023-04-25,2022_23,Wolves,Crystal Palace,2,0,H,2.34,3.05,3.82,2.32,3.03,3.56,Pinnacle,2.34,3.05,3.82,0.4273504273504274,0.3278688524590164,0.2617801047120419,1.0169993845214857,0.01699938452148575,0.4202071641877173,0.3223884472784454,0.2574043885338373,1,2,2,0,16,11,15,10,3,9,8,3,1,1,0,2,0,0,12,9,10,11,2,2,5,4,1,1
695,2023-04-25,2022_23,Aston Villa,Fulham,1,0,H,1.77,3.84,4.99,1.75,3.83,4.88,Pinnacle,1.77,3.84,4.99,0.5649717514124294,0.2604166666666667,0.2004008016032064,1.0257892196823024,0.02578921968230241,0.5507678776224681,0.2538695685916064,0.19536255378592554,1,3,1,0,14,16,6,8,2,6,5,2,1,1,2,3,1,1,12,21,10,15,5,7,2,7,1,1
696,2023-04-25,2022_23,Leeds,Leicester,1,1,D,2.42,3.6,3.02,2.37,3.57,2.96,Pinnacle,2.42,3.6,3.02,0.4132231404958678,0.2777777777777778,0.33112582781456956,1.0221267460882153,0.0221267460882153,0.40427778852017665,0.2717645133941187,0.32395769808570446,1,1,2,6,10,13,12,13,2,3,5,7,1,1,2,1,1,3,15,10,16,12,8,4,3,4,1,1
697,2023-04-26,2022_23,Nott'm Forest,Brighton,3,1,H,5.83,4.37,1.59,5.51,4.26,1.6,Pinnacle,5.83,4.37,1.59,0.17152658662092624,0.22883295194508008,0.6289308176100629,1.0292903561760691,0.02929035617606912,0.16664548112368122,0.22232108808948775,0.6110334307868311,2,0,3,2,11,6,18,22,5,0,6,8,1,1,2,1,1,2,26,17,8,9,10,4,2,3,1,1
698,2023-04-26,2022_23,Chelsea,Brentford,0,2,A,1.88,3.69,4.55,1.79,3.67,4.84,Pinnacle,1.88,3.69,4.55,0.5319148936170213,0.2710027100271003,0.21978021978021978,1.0226978234243413,0.022697823424341346,0.520109539136388,0.2649880578797858,0.21490240298382624,1,0,2,1,8,13,26,9,2,1,10,4,1,1,1,0,1,2,6,10,14,11,5,3,2,9,1,1
699,2023-04-26,2022_23,West Ham,Liverpool,1,2,A,3.64,3.89,2.04,3.6,3.8,1.99,Pinnacle,3.64,3.89,2.04,0.2747252747252747,0.2570694087403599,0.49019607843137253,1.0219907618970072,0.021990761897007216,0.2688138532831088,0.25153789870193216,0.4796482480149589,4,2,0,2,18,16,17,11,10,3,5,5,1,1,3,6,2,1,18,13,11,13,6,7,5,3,1,1
700,2023-04-26,2022_23,Man City,Arsenal,4,1,H,1.68,4.17,5.2,1.66,4.16,5.16,Pinnacle,1.68,4.17,5.2,0.5952380952380952,0.23980815347721823,0.1923076923076923,1.0273539410230057,0.0273539410230057,0.5793895087854303,0.23342311145312303,0.1871873797614467,3,4,1,1,12,13,10,4,4,8,4,1,1,1,3,2,3,2,25,11,8,16,6,5,6,3,1,1
701,2023-04-27,2022_23,Everton,Newcastle,1,4,A,4.71,3.73,1.84,4.51,3.66,1.82,Pinnacle,4.71,3.73,1.84,0.21231422505307856,0.2680965147453083,0.5434782608695652,1.023889000667952,0.023889000667951965,0.20736058783185643,0.26184138570725035,0.5307980264608934,0,1,0,3,10,15,12,21,5,7,2,7,1,1,6,0,1,3,25,8,11,16,8,2,3,6,1,1
702,2023-04-27,2022_23,Southampton,Bournemouth,0,1,A,2.62,3.26,3.0,2.53,3.29,2.95,Pinnacle,2.62,3.26,3.0,0.38167938931297707,0.3067484662576687,0.3333333333333333,1.021761188903979,0.021761188903979045,0.3735504866087116,0.30021542175301363,0.3262340916382748,3,0,3,2,8,11,25,9,6,4,6,2,1,1,0,3,4,2,17,6,18,24,5,6,10,8,1,1
703,2023-04-27,2022_23,Tottenham,Man United,2,2,D,2.95,3.91,2.34,2.86,3.75,2.36,Pinnacle,2.95,3.91,2.34,0.3389830508474576,0.2557544757033248,0.4273504273504274,1.0220879539012098,0.022087953901209767,0.33165741710739516,0.25022746303499127,0.4181151198576136,1,2,6,3,11,24,25,6,3,8,8,6,1,1,2,2,0,0,22,29,6,15,8,11,0,1,1,1
704,2023-04-29,2022_23,Brentford,Nott'm Forest,2,1,H,1.77,3.8,5.02,1.74,3.77,5.04,Pinnacle,1.77,3.8,5.02,0.5649717514124294,0.2631578947368421,0.19920318725099603,1.0273328334002676,0.027332833400267598,0.5499403241522858,0.2561564141446173,0.1939032617030968,2,1,0,1,7,6,15,14,1,5,4,2,1,1,3,2,1,3,12,11,17,18,5,5,7,6,1,1
705,2023-04-29,2022_23,Brighton,Wolves,6,0,H,1.64,4.17,5.66,1.57,4.28,5.97,Pinnacle,1.64,4.17,5.66,0.6097560975609756,0.23980815347721823,0.17667844522968199,1.0262426962678757,0.026242696267875676,0.5941636415815363,0.23367586863158746,0.1721604897868763,1,2,3,1,17,26,12,8,7,10,5,2,1,1,2,1,0,2,9,16,14,15,3,3,4,8,1,1
706,2023-04-29,2022_23,Crystal Palace,West Ham,4,3,H,2.56,3.26,3.08,2.57,3.17,2.97,Pinnacle,2.56,3.26,3.08,0.390625,0.3067484662576687,0.3246753246753247,1.0220487909329934,0.02204879093299339,0.38219799628490514,0.30013094186790096,0.3176710618471939,0,0,2,0,14,12,9,10,4,2,3,5,1,1,1,4,2,0,7,18,20,17,2,10,4,5,1,1
707,2023-04-30,2022_23,Man United,Aston Villa,1,0,H,1.76,4.05,4.72,1.75,4.11,4.47,Pinnacle,1.76,4.05,4.72,0.5681818181818182,0.2469135802469136,0.21186440677966104,1.0269598052083928,0.026959805208392806,0.5532658778855728,0.24043159137743408,0.20630253073699323,2,2,2,0,17,22,18,6,8,8,7,0,1,1,1,1,0,1,14,14,1,6,3,2,0,5,1,1
708,2023-04-30,2022_23,Newcastle,Southampton,3,1,H,1.25,6.41,12.44,1.26,6.22,12.09,Pinnacle,1.25,6.41,12.44,0.8,0.15600624024961,0.08038585209003216,1.0363920923396421,0.036392092339642135,0.7719086298642149,0.15052820395167996,0.07756316618410519,4,6,1,1,15,25,13,11,8,8,5,3,1,1,0,3,1,3,11,8,16,25,2,6,2,6,1,1
709,2023-04-30,2022_23,Bournemouth,Leeds,4,1,H,2.51,3.43,3.01,2.47,3.4,2.94,Pinnacle,2.51,3.43,3.01,0.39840637450199207,0.29154518950437314,0.33222591362126247,1.0221774776276276,0.022177477627627562,0.38976242699717245,0.28521973520784333,0.32501783779498433,1,0,0,4,16,17,11,18,2,5,2,10,1,1,1,1,1,2,13,10,15,12,3,2,3,5,1,1
710,2023-04-30,2022_23,Fulham,Man City,1,2,A,11.62,6.36,1.26,11.21,6.12,1.27,Pinnacle,11.62,6.36,1.26,0.08605851979345956,0.15723270440251572,0.7936507936507936,1.0369420178467688,0.03694201784676876,0.08299260548064379,0.1516311439756416,0.7653762505437147,0,2,1,1,1,12,14,10,0,5,3,2,1,1,4,3,1,1,14,12,8,10,9,4,2,4,1,1
711,2023-04-30,2022_23,Liverpool,Tottenham,4,3,H,1.54,4.98,5.65,1.55,4.84,5.38,Pinnacle,1.54,4.98,5.65,0.6493506493506493,0.2008032128514056,0.17699115044247787,1.0271450126445327,0.02714501264453273,0.6321898479347162,0.19549645899989215,0.17231369306539168,2,3,1,2,20,18,7,11,4,6,2,5,1,1,2,1,2,6,18,11,17,25,7,3,8,8,1,1
712,2023-05-01,2022_23,Leicester,Everton,2,2,D,2.06,3.48,4.01,2.02,3.44,3.92,Pinnacle,2.06,3.48,4.01,0.4854368932038835,0.28735632183908044,0.24937655860349128,1.0221697736464552,0.022169773646455226,0.47490828404380586,0.28112386929029887,0.2439678466658953,1,2,1,1,15,15,13,16,3,8,3,3,1,1,1,0,4,0,13,10,15,12,5,5,8,2,1,1
713,2023-05-02,2022_23,Arsenal,Chelsea,3,1,H,1.63,4.17,5.71,1.61,4.23,5.54,Pinnacle,1.63,4.17,5.71,0.6134969325153374,0.23980815347721823,0.17513134851138354,1.0284364345039392,0.02843643450393918,0.5965336426565385,0.23317741907198028,0.17028893827148123,1,3,4,3,8,25,14,8,2,6,9,6,1,1,0,1,2,2,15,8,7,26,4,2,1,10,1,1
714,2023-05-03,2022_23,Liverpool,Fulham,1,0,H,1.32,6.15,8.79,1.29,6.13,9.73,Pinnacle,1.32,6.15,8.79,0.7575757575757576,0.16260162601626016,0.11376564277588169,1.0339430263678995,0.033943026367899476,0.7327055149615136,0.15726362272344682,0.11003086231503958,4,2,3,1,12,20,10,7,4,4,7,2,1,1,1,0,2,1,4,1,12,14,1,0,9,3,1,1
715,2023-05-03,2022_23,Man City,West Ham,3,0,H,1.17,8.33,17.25,1.18,7.87,15.92,Pinnacle,1.17,8.33,17.25,0.8547008547008548,0.12004801920768307,0.057971014492753624,1.0327198884012914,0.032719888401291364,0.8276211819876732,0.11624451175577162,0.05613430625655522,2,4,1,1,12,14,4,8,9,9,1,2,1,1,3,1,4,2,8,7,16,20,4,2,6,4,1,1
716,2023-05-04,2022_23,Brighton,Man United,1,0,H,2.18,3.86,3.27,2.17,3.83,3.16,Pinnacle,2.18,3.86,3.27,0.4587155963302752,0.2590673575129534,0.3058103975535168,1.0235933513967455,0.023593351396745454,0.44814241486068107,0.2530959752321982,0.2987616099071207,6,1,0,3,22,17,10,12,8,7,2,5,1,1,1,2,0,2,14,17,7,18,6,8,1,7,1,1
717,2023-05-06,2022_23,Bournemouth,Chelsea,1,3,A,3.62,3.67,2.11,3.55,3.62,2.08,Pinnacle,3.62,3.67,2.11,0.27624309392265195,0.2724795640326976,0.47393364928909953,1.022656307244449,0.022656307244449003,0.270123101931469,0.26644295067899665,0.4634339473895344,4,1,1,0,12,16,15,11,7,2,6,2,1,1,1,0,3,2,7,15,16,7,4,4,10,1,1,1
718,2023-05-06,2022_23,Man City,Leeds,2,1,H,1.17,8.75,17.0,1.16,8.48,16.93,Pinnacle,1.17,8.75,17.0,0.8547008547008548,0.11428571428571428,0.058823529411764705,1.0278100983983338,0.027810098398333816,0.8315746809967715,0.1111934144875683,0.057231904515660154,3,2,0,1,16,12,6,4,7,9,2,1,1,1,1,1,4,1,15,13,12,15,6,3,7,3,1,1
719,2023-05-06,2022_23,Tottenham,Crystal Palace,1,0,H,1.82,3.94,4.53,1.84,3.83,4.31,Pinnacle,1.82,3.94,4.53,0.5494505494505494,0.25380710659898476,0.22075055187637968,1.0240082079259138,0.02400820792591385,0.5365685013047294,0.2478565158311187,0.2155749828641518,3,2,4,2,10,18,12,17,7,7,4,8,1,1,4,0,3,2,16,14,8,9,6,4,4,3,1,1
720,2023-05-06,2022_23,Wolves,Aston Villa,1,0,H,3.19,3.4,2.41,3.12,3.33,2.39,Pinnacle,3.19,3.4,2.41,0.31347962382445144,0.29411764705882354,0.41493775933609955,1.0225350302193745,0.02253503021937453,0.3065710362579926,0.28763576637146954,0.4057931973705379,0,2,6,0,10,9,22,14,2,3,8,4,1,1,0,1,1,0,7,14,14,1,1,3,6,0,1,1
721,2023-05-06,2022_23,Liverpool,Brentford,1,0,H,1.43,5.39,6.91,1.43,5.16,6.91,Pinnacle,1.43,5.39,6.91,0.6993006993006994,0.1855287569573284,0.1447178002894356,1.0295472565474633,0.029547256547463263,0.6792312784609522,0.18020421673453832,0.1405645048045096,1,4,0,3,15,12,9,10,3,4,3,7,1,1,2,2,1,0,14,7,5,15,8,1,3,4,1,1
722,2023-05-07,2022_23,Newcastle,Arsenal,0,2,A,2.32,3.77,3.07,2.31,3.74,2.97,Pinnacle,2.32,3.77,3.07,0.4310344827586207,0.26525198938992045,0.32573289902280134,1.0220193711713423,0.02201937117134234,0.4217478600866533,0.25953714466870975,0.3187149952446371,3,4,1,1,22,15,4,13,5,8,3,5,1,1,3,1,1,4,16,8,7,14,10,2,4,9,1,1
723,2023-05-07,2022_23,West Ham,Man United,1,0,H,3.64,3.76,2.05,3.57,3.68,2.05,Pinnacle,3.64,3.76,2.05,0.2747252747252747,0.26595744680851063,0.48780487804878053,1.0284875995825657,0.028487599582565748,0.26711578713907486,0.25859081520910443,0.4742933976518208,0,3,3,4,6,8,16,16,2,4,7,6,1,1,0,1,1,0,16,14,22,7,5,6,6,1,1,1
724,2023-05-08,2022_23,Brighton,Everton,1,5,A,1.37,5.55,8.52,1.35,5.54,8.45,Pinnacle,1.37,5.55,8.52,0.7299270072992701,0.1801801801801802,0.11737089201877934,1.0274780794982297,0.02747807949822967,0.710406403663357,0.17536158072410793,0.1142320156125351,1,6,0,0,22,22,16,10,6,8,5,2,1,1,2,1,2,4,23,13,15,15,8,5,6,8,1,1
725,2023-05-08,2022_23,Nott'm Forest,Southampton,4,3,H,2.03,3.61,3.93,2.01,3.49,3.9,Pinnacle,2.03,3.61,3.93,0.4926108374384237,0.2770083102493075,0.2544529262086514,1.0240720738963827,0.024072073896382662,0.481031413701324,0.27049688914506587,0.2484716971536101,1,3,2,1,5,12,14,17,3,5,8,7,1,1,1,0,3,1,4,11,22,16,3,2,5,2,1,1
726,2023-05-08,2022_23,Fulham,Leicester,5,3,H,2.72,3.49,2.72,2.68,3.35,2.71,Pinnacle,2.72,3.49,2.72,0.3676470588235294,0.28653295128939826,0.3676470588235294,1.021827068936457,0.021827068936457028,0.3597938144329897,0.2804123711340206,0.3597938144329897,0,1,1,2,9,4,15,12,3,1,3,9,1,1,2,1,2,1,15,15,23,13,6,3,8,3,1,1
727,2023-05-13,2022_23,Leeds,Newcastle,2,2,D,5.16,4.5,1.63,5.04,4.39,1.63,Pinnacle,5.16,4.5,1.63,0.19379844961240308,0.2222222222222222,0.6134969325153374,1.0295176043499628,0.029517604349962756,0.1882419968279876,0.2158508230294258,0.5959071801425866,1,1,2,4,4,15,18,12,2,6,6,7,1,1,0,3,2,1,12,22,10,4,5,5,6,3,1,1
728,2023-05-13,2022_23,Aston Villa,Tottenham,2,1,H,2.24,3.79,3.2,2.29,3.64,3.04,Pinnacle,2.24,3.79,3.2,0.4464285714285714,0.2638522427440633,0.3125,1.0227808141726347,0.022780814172634667,0.43648508579983875,0.2579753541402741,0.30553956005988714,0,0,1,1,16,7,6,14,3,1,2,6,1,1,1,3,0,4,8,10,7,12,3,7,2,4,1,1
729,2023-05-13,2022_23,Chelsea,Nott'm Forest,2,2,D,1.57,4.38,5.75,1.56,4.3,6.06,Pinnacle,1.57,4.38,5.75,0.6369426751592356,0.22831050228310504,0.17391304347826086,1.0391662209206016,0.039166220920601624,0.6129362775042528,0.21970546933371624,0.1673582531620308,3,1,1,3,11,7,10,16,5,4,4,10,1,1,4,1,3,2,9,5,19,14,4,3,5,8,1,1
730,2023-05-13,2022_23,Crystal Palace,Bournemouth,2,0,H,1.81,3.78,4.9,1.77,3.78,4.81,Pinnacle,1.81,3.78,4.9,0.5524861878453039,0.2645502645502646,0.2040816326530612,1.0211180850486297,0.021118085048629665,0.5410600359888762,0.25907901194176347,0.19986095206936036,0,4,1,3,7,16,8,8,2,6,3,4,1,1,1,4,3,1,10,12,11,15,4,7,5,6,1,1
731,2023-05-13,2022_23,Man United,Wolves,2,0,H,1.39,5.39,8.1,1.38,5.24,8.06,Pinnacle,1.39,5.39,8.1,0.7194244604316548,0.1855287569573284,0.1234567901234568,1.02841000751244,0.02841000751244005,0.6995502330552266,0.18040349238344433,0.120046274561329,0,0,1,1,19,16,15,22,4,5,4,6,1,1,1,0,0,6,6,10,16,22,2,2,3,8,1,1
732,2023-05-13,2022_23,Southampton,Fulham,0,2,A,2.74,3.57,2.65,2.73,3.44,2.6,Pinnacle,2.74,3.57,2.65,0.36496350364963503,0.2801120448179272,0.37735849056603776,1.0224340390336,0.022434039033599973,0.35695554893164244,0.2739658834937536,0.36907856757460394,3,1,4,3,19,4,9,22,5,3,4,5,1,1,5,0,3,1,17,9,18,15,7,3,9,3,1,1
733,2023-05-14,2022_23,Brentford,West Ham,2,0,H,1.83,3.7,4.79,1.83,3.64,4.6,Pinnacle,1.83,3.7,4.79,0.5464480874316939,0.27027027027027023,0.20876826722338204,1.025486624925346,0.025486624925346035,0.5328671034314802,0.2635531889944889,0.20357970757403107,0,2,1,1,5,14,15,5,1,8,5,3,1,1,1,0,0,3,15,6,19,16,4,2,4,7,1,1
734,2023-05-14,2022_23,Everton,Man City,0,3,A,8.35,5.27,1.39,8.25,5.15,1.37,Pinnacle,8.35,5.27,1.39,0.11976047904191617,0.18975332068311196,0.7194244604316548,1.028938260156683,0.028938260156682993,0.11639228871096646,0.18441662442819165,0.6991910868608417,5,2,1,2,10,23,23,15,5,8,5,6,1,1,2,3,1,0,18,16,4,6,6,7,2,2,1,1
735,2023-05-14,2022_23,Arsenal,Brighton,0,3,A,1.74,4.39,4.48,1.73,4.28,4.36,Pinnacle,1.74,4.39,4.48,0.5747126436781609,0.22779043280182235,0.2232142857142857,1.025717362194269,0.02571736219426901,0.5603031252670864,0.22207914304435772,0.21761773168855586,2,3,0,1,10,16,12,7,6,10,5,4,1,1,1,1,5,0,23,22,10,16,5,6,5,5,1,1
736,2023-05-15,2022_23,Leicester,Liverpool,0,3,A,4.63,4.27,1.74,4.68,4.29,1.69,Pinnacle,4.63,4.27,1.74,0.2159827213822894,0.234192037470726,0.5747126436781609,1.0248874025311763,0.024887402531176273,0.21073799994894502,0.22850513811794274,0.5607568619331122,3,2,5,2,18,15,17,23,9,6,7,8,1,1,1,1,0,0,15,15,5,9,5,3,1,3,1,1
737,2023-05-18,2022_23,Newcastle,Brighton,4,1,H,1.8,4.2,4.33,1.8,4.06,4.13,Pinnacle,1.8,4.2,4.33,0.5555555555555556,0.23809523809523808,0.23094688221709006,1.0245976758678839,0.02459767586788386,0.5422182468694096,0.23237924865831838,0.22540250447227186,2,0,2,2,18,12,9,10,5,5,4,6,1,1,3,1,0,5,12,23,14,10,6,5,2,5,1,1
738,2023-05-20,2022_23,Nott'm Forest,Arsenal,1,0,H,5.28,4.23,1.66,5.26,4.18,1.64,Pinnacle,5.28,4.23,1.66,0.1893939393939394,0.23640661938534277,0.6024096385542169,1.028210197333499,0.028210197333498943,0.18419768631462974,0.22992051625088533,0.5858817974344851,2,4,2,3,11,9,14,19,2,4,6,5,1,1,0,2,3,0,14,10,12,12,2,6,6,5,1,1
739,2023-05-20,2022_23,Liverpool,Aston Villa,1,1,D,1.48,5.0,6.46,1.49,4.85,6.18,Pinnacle,1.48,5.0,6.46,0.6756756756756757,0.2,0.15479876160990713,1.0304744372855827,0.030474437285582745,0.6556937767961544,0.1940853579316617,0.15022086527218398,3,1,0,0,16,15,4,5,5,5,4,1,1,1,2,0,1,1,8,16,5,6,4,3,2,2,1,1
740,2023-05-20,2022_23,Wolves,Everton,1,1,D,3.24,3.58,2.37,3.13,3.45,2.33,Pinnacle,3.24,3.58,2.37,0.30864197530864196,0.27932960893854747,0.42194092827004215,1.0099125125172317,0.009912512517231686,0.30561258671738234,0.27658792764366447,0.4177994856389531,0,1,2,0,5,6,27,16,0,2,9,3,1,1,0,5,3,1,7,10,9,23,3,5,4,5,1,1
741,2023-05-20,2022_23,Bournemouth,Man United,0,1,A,7.42,5.39,1.41,7.26,5.24,1.41,Pinnacle,7.42,5.39,1.41,0.1347708894878706,0.1855287569573284,0.7092198581560284,1.0295195046012275,0.029519504601227542,0.1309065917503647,0.18020907435764494,0.6888843338919902,0,1,2,3,5,10,17,11,0,4,5,5,1,1,2,0,0,1,27,19,5,15,9,4,0,4,1,1
742,2023-05-20,2022_23,Tottenham,Brentford,1,3,A,2.03,3.86,3.69,1.95,3.77,3.85,Pinnacle,2.03,3.86,3.69,0.4926108374384237,0.2590673575129534,0.2710027100271003,1.0226809049784773,0.0226809049784773,0.4816857682981681,0.2533217900635444,0.2649924416382876,1,1,2,0,5,8,8,7,2,3,4,2,1,1,2,0,0,1,24,5,4,15,10,1,4,5,1,1
743,2023-05-20,2022_23,Fulham,Crystal Palace,2,2,D,2.44,3.3,3.24,2.36,3.26,3.23,Pinnacle,2.44,3.3,3.24,0.4098360655737705,0.30303030303030304,0.30864197530864196,1.0215083439127155,0.0215083439127155,0.40120677233429397,0.296649855907781,0.30214337175792505,2,5,0,3,9,17,5,18,4,7,1,9,1,1,2,0,0,1,17,7,5,8,5,2,0,3,1,1
744,2023-05-21,2022_23,West Ham,Leeds,3,1,H,2.74,3.56,2.65,2.6,3.51,2.72,Pinnacle,2.74,3.56,2.65,0.36496350364963503,0.2808988764044944,0.37735849056603776,1.0232208706201673,0.02322087062016731,0.35668105892761265,0.27452418580383675,0.3687947552685505,0,1,2,0,4,15,24,19,4,4,10,4,1,1,2,1,2,2,9,4,18,18,4,2,5,6,1,1
745,2023-05-21,2022_23,Brighton,Southampton,3,1,H,1.21,7.65,13.5,1.21,7.38,13.35,Pinnacle,1.21,7.65,13.5,0.8264462809917356,0.13071895424836602,0.07407407407407407,1.0312393093141756,0.031239309314175623,0.8014107623005203,0.1267590878932849,0.07183014980619477,1,3,4,0,8,12,22,14,2,6,9,2,1,1,0,3,2,4,5,19,9,9,1,5,4,4,1,1
746,2023-05-21,2022_23,Man City,Chelsea,1,0,H,1.6,4.2,5.96,1.62,4.19,5.85,Pinnacle,1.6,4.2,5.96,0.625,0.23809523809523808,0.16778523489932887,1.030880472994567,0.030880472994567087,0.6062778531292384,0.2309629916682813,0.16275915520248013,3,2,0,1,9,18,7,4,4,6,3,2,1,1,2,3,2,1,14,11,11,10,6,5,2,4,1,1
747,2023-05-22,2022_23,Newcastle,Leicester,0,0,D,1.33,5.92,9.37,1.31,5.96,9.36,Pinnacle,1.33,5.92,9.37,0.7518796992481203,0.16891891891891891,0.10672358591248667,1.0275222040795258,0.02752220407952577,0.7317405855201626,0.1643944220847663,0.10386499239507113,4,2,1,2,22,18,8,9,9,5,2,4,1,1,0,3,3,5,4,18,16,17,4,9,5,7,1,1
748,2023-05-24,2022_23,Brighton,Man City,1,1,D,3.8,4.24,1.91,3.86,4.13,1.85,Pinnacle,3.8,4.24,1.91,0.2631578947368421,0.23584905660377356,0.5235602094240838,1.0225671607646993,0.022567160764699334,0.2573502307076305,0.23064407469080092,0.5120056946015686,3,1,1,4,26,8,5,22,8,2,1,9,1,1,1,3,0,0,15,9,13,7,2,4,6,3,1,1
749,2023-05-25,2022_23,Man United,Chelsea,4,1,H,1.55,4.39,6.53,1.56,4.39,5.84,Pinnacle,1.55,4.39,6.53,0.6451612903225806,0.22779043280182235,0.15313935681470137,1.0260910799391043,0.02609107993910431,0.6287563579257206,0.22199825849313598,0.14924538358114348,1,2,0,0,20,27,10,5,5,9,4,0,1,1,0,2,1,2,13,14,15,11,6,6,2,2,1,1
750,2023-05-28,2022_23,Southampton,Liverpool,4,4,D,5.77,4.87,1.53,5.95,4.97,1.49,Pinnacle,5.77,4.87,1.53,0.1733102253032929,0.2053388090349076,0.6535947712418301,1.0322438055800305,0.03224380558003048,0.1678965999761149,0.19892471906821005,0.6331786809556751,1,0,3,2,5,5,26,9,1,1,8,4,1,1,1,3,1,0,10,16,6,4,5,5,3,4,1,1
751,2023-05-28,2022_23,Man United,Fulham,2,1,H,1.49,5.09,6.14,1.48,4.97,6.04,Pinnacle,1.49,5.09,6.14,0.6711409395973155,0.19646365422396858,0.16286644951140067,1.0304710433326847,0.03047104333268469,0.6512952925166666,0.19065422118857234,0.15805048629476112,4,1,1,0,18,20,14,10,9,5,5,4,1,1,2,2,2,0,11,9,11,5,4,4,5,1,1,1
752,2023-05-28,2022_23,Leicester,West Ham,2,1,H,2.11,4.01,3.29,2.08,3.94,3.26,Pinnacle,2.11,4.01,3.29,0.47393364928909953,0.24937655860349128,0.303951367781155,1.0272615756737458,0.027261575673745764,0.4613563482876916,0.24275857727856093,0.2958850744337475,0,0,0,3,1,4,23,16,1,4,4,5,1,1,3,0,1,2,19,4,12,24,9,4,3,10,1,1
753,2023-05-28,2022_23,Everton,Bournemouth,1,0,H,1.65,4.26,5.31,1.62,4.22,5.41,Pinnacle,1.65,4.26,5.31,0.6060606060606061,0.2347417840375587,0.18832391713747648,1.0291263072356411,0.029126307235641136,0.5889078938119451,0.2280981278849083,0.1829939783031468,1,0,1,3,19,7,13,9,4,3,5,4,1,1,0,0,1,2,10,5,20,17,4,0,5,5,1,1
754,2023-05-28,2022_23,Leeds,Tottenham,1,4,A,2.8,3.95,2.39,2.78,3.84,2.38,Pinnacle,2.8,3.95,2.39,0.35714285714285715,0.2531645569620253,0.41841004184100417,1.0287174559458867,0.028717455945886705,0.34717293371334007,0.24609726946768407,0.40672979681897575,1,2,3,2,12,9,19,18,3,4,9,5,1,1,1,1,3,2,22,5,11,8,8,2,4,4,1,1
755,2023-05-28,2022_23,Chelsea,Newcastle,1,1,D,2.76,3.82,2.48,2.79,3.76,2.38,Pinnacle,2.76,3.82,2.48,0.3623188405797102,0.2617801047120419,0.40322580645161293,1.027324751743365,0.027324751743365017,0.35268189534502786,0.25481728564195727,0.39250081901301487,1,0,4,1,14,13,18,15,5,6,9,2,1,1,0,4,0,1,23,22,1,8,4,9,1,2,1,1
756,2023-05-28,2022_23,Brentford,Man City,1,0,H,3.46,3.66,2.25,3.37,3.57,2.15,Pinnacle,3.46,3.66,2.25,0.28901734104046245,0.27322404371584696,0.4444444444444444,1.006685829200754,0.00668582920075389,0.2870978538258796,0.27140944651299,0.44149269966113036,3,2,1,0,11,24,22,4,4,10,8,4,1,1,1,1,1,0,13,15,20,13,4,2,7,6,1,1
757,2023-05-28,2022_23,Aston Villa,Brighton,2,1,H,1.88,4.07,3.95,1.88,4.04,3.83,Pinnacle,1.88,4.07,3.95,0.5319148936170213,0.24570024570024568,0.2531645569620253,1.0307796962792923,0.030779696279292335,0.5160315977672281,0.23836348987773676,0.2456049123550351,1,2,1,1,6,8,10,5,3,4,5,2,1,1,1,3,1,1,20,26,13,5,7,8,4,1,1,1
758,2023-05-28,2022_23,Arsenal,Wolves,5,0,H,1.28,6.28,9.77,1.29,6.18,9.86,Pinnacle,1.28,6.28,9.77,0.78125,0.1592356687898089,0.1023541453428864,1.0428398141326953,0.04283981413269533,0.7491562840355752,0.15269427445311087,0.09814944151131386,0,0,1,3,11,14,6,12,3,2,2,6,1,1,1,0,1,2,13,5,19,27,5,0,4,9,1,1
759,2023-05-28,2022_23,Crystal Palace,Nott'm Forest,1,1,D,1.62,4.19,5.75,1.6,4.09,5.61,Pinnacle,1.62,4.19,5.75,0.6172839506172839,0.2386634844868735,0.17391304347826086,1.0298604785824184,0.02986047858241836,0.599385997865422,0.23174351230118942,0.16887048983338848,2,2,2,0,11,17,11,5,5,5,4,0,1,1,1,2,0,2,6,11,11,14,2,2,3,6,1,1
760,2023-08-11,2023_24,Burnley,Man City,0,3,A,9.62,5.81,1.33,9.27,5.45,1.33,Pinnacle,9.62,5.81,1.33,0.10395010395010396,0.17211703958691912,0.7518796992481203,1.0279468427851435,0.027946842785143478,0.10112400721856306,0.1674376849298755,0.7314383078515613,1,1,2,1,12,10,8,22,5,5,6,9,1,1,0,1,1,1,17,13,11,20,3,4,4,7,1,1
761,2023-08-12,2023_24,Newcastle,Aston Villa,5,1,H,1.68,4.2,5.29,1.65,4.14,5.17,Pinnacle,1.68,4.2,5.29,0.5952380952380952,0.23809523809523808,0.1890359168241966,1.0223692501575299,0.022369250157529885,0.5822143957737178,0.23288575830948713,0.1848998459167951,1,0,1,0,13,23,22,1,4,4,5,1,1,1,2,1,1,1,12,6,8,10,5,3,4,5,1,1
762,2023-08-12,2023_24,Sheffield United,Crystal Palace,0,1,A,3.98,3.22,2.17,3.81,3.16,2.16,Pinnacle,3.98,3.22,2.17,0.25125628140703515,0.3105590062111801,0.4608294930875576,1.0226447807057728,0.022644780705772805,0.24569262577532736,0.30368218962292015,0.45062518460175255,,,,,,,,,,,,,0,0,1,2,1,2,16,11,7,11,4,5,4,4,1,1
763,2023-08-12,2023_24,Everton,Fulham,0,1,A,2.39,3.32,3.3,2.32,3.28,3.27,Pinnacle,2.39,3.32,3.3,0.41841004184100417,0.30120481927710846,0.30303030303030304,1.0226451641484156,0.022645164148415553,0.40914488867644094,0.29453502528213676,0.2963200860414224,1,1,0,1,13,19,7,13,6,4,2,5,1,1,1,2,2,2,10,11,21,11,3,4,8,5,1,1
764,2023-08-12,2023_24,Brighton,Luton,4,1,H,1.27,6.36,11.36,1.28,5.99,10.91,Pinnacle,1.27,6.36,11.36,0.7874015748031495,0.15723270440251572,0.08802816901408451,1.0326624482197497,0.03266244821974973,0.7624965700656436,0.15225953521751062,0.08524389471684574,1,1,2,1,8,20,12,13,4,7,5,4,1,1,,,,,,,,,,,,,0,0
765,2023-08-12,2023_24,Arsenal,Nott'm Forest,2,1,H,1.19,8.0,16.0,1.19,7.43,15.98,Pinnacle,1.19,8.0,16.0,0.8403361344537815,0.125,0.0625,1.0278361344537816,0.027836134453781636,0.8175779253960143,0.12161471640265711,0.06080735820132856,5,0,0,1,14,11,6,6,8,3,0,2,1,1,1,1,1,0,7,6,16,11,4,2,4,3,1,1
766,2023-08-12,2023_24,Bournemouth,West Ham,1,1,D,2.75,3.6,2.63,2.7,3.53,2.59,Pinnacle,2.75,3.6,2.63,0.36363636363636365,0.2777777777777778,0.3802281368821293,1.0216422782962709,0.021642278296270856,0.3559331591511437,0.2718933854626792,0.3721734553861769,0,0,1,1,7,10,13,20,2,4,6,5,1,1,1,3,2,1,16,19,13,12,3,9,4,3,1,1
767,2023-08-13,2023_24,Brentford,Tottenham,2,2,D,2.62,3.54,2.8,2.6,3.52,2.7,Pinnacle,2.62,3.54,2.8,0.38167938931297707,0.2824858757062147,0.35714285714285715,1.021308122162049,0.021308122162049026,0.3737161988930278,0.2765922149999246,0.3496915861070475,1,3,0,1,11,11,17,22,4,4,3,8,1,1,4,1,1,3,11,22,19,11,7,8,2,4,1,1
768,2023-08-13,2023_24,Chelsea,Liverpool,1,1,D,3.21,3.89,2.2,3.04,3.75,2.26,Pinnacle,3.21,3.89,2.2,0.3115264797507788,0.2570694087403599,0.45454545454545453,1.0231413430365932,0.02314134303659321,0.3044803944938787,0.25125502990368914,0.44426457560243215,1,1,1,4,22,14,13,18,5,5,4,9,1,1,4,1,4,1,30,10,15,6,8,5,10,3,1,1
769,2023-08-14,2023_24,Man United,Wolves,1,0,H,1.27,6.3,12.25,1.27,6.12,10.96,Pinnacle,1.27,6.3,12.25,0.7874015748031495,0.15873015873015872,0.08163265306122448,1.0277643865945327,0.02776438659453273,0.7661304332719503,0.15444216670720268,0.07942740002084708,2,4,1,1,21,18,10,14,8,9,3,5,1,1,0,1,5,1,6,13,14,19,0,5,8,4,1,1
770,2023-08-18,2023_24,Nott'm Forest,Sheffield United,2,1,H,1.94,3.51,4.48,1.93,3.44,4.33,Pinnacle,1.94,3.51,4.48,0.5154639175257733,0.2849002849002849,0.2232142857142857,1.0235784881403438,0.0235784881403438,0.5035900260685212,0.27833750728573536,0.2180724666457435,1,1,2,1,6,7,15,16,2,4,7,4,1,1,0,,1,,8,,24,,1,,8,,1,0
771,2023-08-19,2023_24,Man City,Newcastle,1,0,H,1.87,3.84,4.37,1.84,3.78,4.32,Pinnacle,1.87,3.84,4.37,0.53475935828877,0.2604166666666667,0.22883295194508008,1.0240089769005167,0.024008976900516732,0.5222213577730406,0.25431092162385055,0.2234677206031089,3,0,0,1,17,17,6,11,8,3,1,4,1,1,5,1,1,1,17,13,16,22,13,4,6,5,1,1
772,2023-08-19,2023_24,Tottenham,Man United,2,0,H,3.07,3.87,2.28,3.01,3.78,2.25,Pinnacle,3.07,3.87,2.28,0.32573289902280134,0.25839793281653745,0.4385964912280702,1.022727323067409,0.02272732306740899,0.31849437447886775,0.25265574409563923,0.42884988142549296,2,4,2,1,18,11,11,19,6,7,6,2,1,1,1,2,0,1,15,21,23,10,3,8,6,3,1,1
773,2023-08-19,2023_24,Liverpool,Bournemouth,3,1,H,1.2,8.25,13.0,1.2,7.69,12.7,Pinnacle,1.2,8.25,13.0,0.8333333333333334,0.12121212121212122,0.07692307692307693,1.0314685314685315,0.03146853146853146,0.807909604519774,0.11751412429378531,0.07457627118644068,1,4,1,4,13,30,10,15,1,8,4,10,1,1,1,0,1,1,14,7,16,13,5,2,3,6,1,1
774,2023-08-19,2023_24,Wolves,Brighton,1,4,A,4.11,4.21,1.83,4.17,4.06,1.81,Pinnacle,4.11,4.21,1.83,0.24330900243309,0.23752969121140144,0.5464480874316939,1.0272867810761854,0.02728678107618543,0.23684623117431683,0.23122042995877487,0.5319333388669083,0,0,1,5,23,6,15,14,6,0,3,8,1,1,4,1,1,2,27,8,9,12,12,4,3,5,1,1
775,2023-08-19,2023_24,Fulham,Brentford,0,3,A,2.87,3.22,2.75,2.82,3.19,2.69,Pinnacle,2.87,3.22,2.75,0.3484320557491289,0.3105590062111801,0.36363636363636365,1.0226274255966725,0.022627425596672524,0.34072238532604304,0.30368734344277754,0.35559027123117953,1,1,0,2,9,10,19,21,2,3,9,8,1,1,2,1,2,0,11,11,18,17,6,4,6,3,1,1
776,2023-08-20,2023_24,Aston Villa,Everton,4,0,H,1.85,3.92,4.38,1.84,3.82,4.24,Pinnacle,1.85,3.92,4.38,0.5405405405405405,0.25510204081632654,0.22831050228310504,1.0239530836399722,0.023953083639972172,0.5278958080960257,0.24913450126980807,0.22296969063416613,1,2,5,1,16,12,17,8,6,5,13,4,1,1,0,1,1,0,19,13,9,7,9,6,2,2,1,1
777,2023-08-20,2023_24,West Ham,Chelsea,3,1,H,3.25,3.65,2.27,3.27,3.59,2.18,Pinnacle,3.25,3.65,2.27,0.3076923076923077,0.273972602739726,0.44052863436123346,1.022193544793267,0.022193544793267073,0.30101178906831855,0.268024195745763,0.43096401518591854,1,1,1,2,16,16,14,13,3,3,5,4,1,1,1,1,1,1,10,22,13,13,4,5,1,4,1,1
778,2023-08-21,2023_24,Crystal Palace,Arsenal,0,1,A,4.51,3.53,1.93,4.42,3.55,1.89,Pinnacle,4.51,3.53,1.93,0.22172949002217296,0.28328611898017,0.5181347150259068,1.0231503240282498,0.02315032402824979,0.21671252485089462,0.2768763419483101,0.5064111332007952,1,1,0,1,24,16,8,7,8,4,1,4,1,1,2,5,1,0,15,14,6,6,7,8,2,0,1,1
779,2023-08-25,2023_24,Chelsea,Luton,3,0,H,1.27,6.25,12.5,1.26,6.12,12.06,Pinnacle,1.27,6.25,12.5,0.7874015748031495,0.16,0.08,1.0274015748031495,0.02740157480314953,0.7664009809932557,0.15573267933782955,0.07786633966891478,1,1,3,1,17,10,12,13,4,4,6,1,1,1,1,,4,,9,,27,,3,,12,,1,0
780,2023-08-26,2023_24,Bournemouth,Tottenham,0,2,A,3.47,3.89,2.09,3.47,3.86,2.03,Pinnacle,3.47,3.89,2.09,0.2881844380403458,0.2570694087403599,0.47846889952153115,1.023722746302237,0.02372274630223692,0.28150633468025354,0.25111233453482773,0.46738133078491867,1,1,3,1,13,14,26,16,5,5,10,3,1,1,2,2,0,2,17,18,22,11,6,6,6,6,1,1
781,2023-08-26,2023_24,Arsenal,Fulham,2,2,D,1.29,6.29,10.32,1.27,5.98,10.95,Pinnacle,1.29,6.29,10.32,0.7751937984496123,0.1589825119236884,0.09689922480620154,1.0310755351795022,0.031075535179502234,0.7518302704317944,0.1541909457642313,0.0939787838039743,1,2,0,1,14,15,14,6,3,7,2,2,1,1,0,1,3,0,10,9,17,19,2,2,8,9,1,1
782,2023-08-26,2023_24,Brentford,Crystal Palace,1,1,D,2.16,3.37,3.81,2.15,3.33,3.67,Pinnacle,2.16,3.37,3.81,0.4629629629629629,0.29673590504451036,0.26246719160104987,1.0221660596085231,0.022166059608523137,0.45292343510238636,0.2903010741309064,0.25677549076670725,3,2,0,2,17,11,10,18,8,6,2,6,1,1,0,1,1,0,14,24,14,8,2,8,3,1,1,1
783,2023-08-26,2023_24,Everton,Wolves,0,1,A,2.45,3.38,3.14,2.43,3.36,3.02,Pinnacle,2.45,3.38,3.14,0.4081632653061224,0.2958579881656805,0.3184713375796178,1.0224925910514207,0.022492591051420652,0.3991845700186556,0.2893497622916291,0.31146566768971534,0,0,4,1,9,19,13,9,2,9,7,2,1,1,1,0,4,1,16,23,16,15,5,6,8,3,1,1
784,2023-08-26,2023_24,Man United,Nott'm Forest,3,2,H,1.38,5.3,8.51,1.36,5.26,8.13,Pinnacle,1.38,5.3,8.51,0.7246376811594204,0.18867924528301888,0.11750881316098707,1.0308257396034264,0.030825739603426383,0.7029681674792085,0.18303699455119013,0.11399483796960136,0,1,2,0,22,15,17,23,6,3,6,6,1,1,2,1,1,2,16,6,7,15,4,2,3,7,1,1
785,2023-08-26,2023_24,Brighton,West Ham,1,3,A,1.5,4.95,6.25,1.51,4.78,5.91,Pinnacle,1.5,4.95,6.25,0.6666666666666666,0.20202020202020202,0.16,1.0286868686868686,0.02868686868686865,0.648075412411626,0.19638648860958366,0.15553809897879026,4,4,1,1,16,27,16,9,8,12,5,3,1,1,3,1,1,1,12,16,17,14,6,3,4,5,1,1
786,2023-08-27,2023_24,Newcastle,Liverpool,1,2,A,2.24,3.93,3.11,2.22,3.84,3.02,Pinnacle,2.24,3.93,3.11,0.4464285714285714,0.2544529262086514,0.3215434083601286,1.0224249059973514,0.022424905997351363,0.4366370271399941,0.24887199511287195,0.314490977747134,0,5,1,1,7,17,14,16,1,13,4,6,1,1,3,1,1,1,26,13,13,10,10,1,5,4,1,1
787,2023-08-27,2023_24,Sheffield United,Man City,1,2,A,16.0,7.4,1.2,14.68,6.99,1.2,Pinnacle,16.0,7.4,1.2,0.0625,0.13513513513513511,0.8333333333333334,1.0309684684684686,0.03096846846846857,0.060622610595303106,0.13107591480065534,0.8083014746040414,1,0,2,1,7,8,16,24,3,1,4,8,1,1,1,3,0,0,14,17,7,6,4,8,1,1,1,1
788,2023-08-27,2023_24,Burnley,Aston Villa,1,3,A,3.24,3.6,2.29,3.21,3.54,2.24,Pinnacle,3.24,3.6,2.29,0.30864197530864196,0.2777777777777778,0.4366812227074236,1.0231009757938434,0.023100975793843403,0.30167303385588196,0.27150573047029375,0.42682123567382424,0,1,3,2,6,12,17,8,1,5,8,6,1,1,4,1,0,5,13,16,9,17,7,6,2,13,1,1
789,2023-09-01,2023_24,Luton,West Ham,1,2,A,4.67,4.09,1.76,4.67,4.02,1.73,Pinnacle,4.67,4.09,1.76,0.21413276231263384,0.24449877750611249,0.5681818181818182,1.0268133580005645,0.026813358000564502,0.20854107578966274,0.23811413788208438,0.5533447863282529,0,1,3,4,11,9,19,27,1,3,8,12,1,1,3,3,1,1,12,12,25,17,3,6,10,4,1,1
790,2023-09-02,2023_24,Sheffield United,Everton,2,2,D,3.21,3.42,2.39,3.12,3.36,2.35,Pinnacle,3.21,3.42,2.39,0.3115264797507788,0.29239766081871343,0.41841004184100417,1.0223341824104963,0.02233418241049634,0.30472079004171654,0.2860098643374006,0.4092693456208829,1,1,2,2,6,7,30,16,2,3,9,4,1,1,0,0,1,4,15,9,11,13,7,2,2,7,1,1
791,2023-09-02,2023_24,Brentford,Bournemouth,2,2,D,1.75,4.01,4.86,1.73,3.98,4.75,Pinnacle,1.75,4.01,4.86,0.5714285714285714,0.24937655860349128,0.20576131687242796,1.0265664469044906,0.026566446904490615,0.5566406082642362,0.24292295871880634,0.20043643301695746,1,3,1,0,12,17,15,10,1,8,5,2,1,1,0,1,2,3,11,13,17,26,3,5,6,10,1,1
792,2023-09-02,2023_24,Burnley,Tottenham,2,5,A,3.71,3.79,2.04,3.64,3.79,1.99,Pinnacle,3.71,3.79,2.04,0.2695417789757412,0.2638522427440633,0.49019607843137253,1.0235901001511771,0.02359010015117713,0.26332980256054817,0.25777138984159204,0.4788988075978597,1,0,3,3,9,6,16,17,2,1,6,8,1,1,2,2,0,0,17,17,11,22,6,6,3,6,1,1
793,2023-09-02,2023_24,Chelsea,Nott'm Forest,0,1,A,1.41,5.01,8.45,1.4,4.84,8.03,Pinnacle,1.41,5.01,8.45,0.7092198581560284,0.1996007984031936,0.1183431952662722,1.0271638518254942,0.02716385182549419,0.6904641911761108,0.1943222573968695,0.11521355142701968,3,1,0,3,19,17,11,12,8,4,1,6,1,1,2,2,3,1,9,16,18,7,4,4,9,3,1,1
794,2023-09-02,2023_24,Man City,Fulham,5,1,H,1.19,7.65,16.0,1.18,7.68,15.7,Pinnacle,1.19,7.65,16.0,0.8403361344537815,0.13071895424836602,0.0625,1.0335550887021476,0.03355508870214763,0.8130540342160238,0.12647507198915928,0.06047089379481677,2,1,1,0,30,14,6,7,9,4,2,1,1,1,2,0,2,3,8,10,19,17,3,2,11,8,1,1
795,2023-09-02,2023_24,Brighton,Newcastle,3,1,H,2.64,3.87,2.59,2.55,3.81,2.58,Pinnacle,2.64,3.87,2.59,0.3787878787878788,0.25839793281653745,0.3861003861003861,1.0232861977048024,0.023286197704802447,0.3701680718820283,0.25251775446215885,0.3773141736558127,1,4,3,1,25,16,12,16,10,8,3,5,1,1,1,0,2,1,23,7,9,14,8,1,4,4,1,1
796,2023-09-03,2023_24,Crystal Palace,Wolves,3,2,H,1.9,3.61,4.54,1.9,3.54,4.32,Pinnacle,1.9,3.61,4.54,0.5263157894736842,0.2770083102493075,0.22026431718061673,1.0235884169036085,0.023588416903608467,0.5141869337148307,0.2706247019551741,0.21518836432999522,1,0,1,1,15,14,12,14,5,2,1,3,1,1,1,1,0,4,11,16,15,16,2,5,7,8,1,1
797,2023-09-03,2023_24,Liverpool,Aston Villa,3,0,H,1.65,4.67,5.02,1.61,4.62,4.94,Pinnacle,1.65,4.67,5.02,0.6060606060606061,0.21413276231263384,0.19920318725099603,1.019396555624236,0.019396555624235923,0.5945287952140272,0.21005835376941004,0.19541285101656275,2,3,1,1,9,26,23,13,4,10,8,5,1,1,3,4,1,0,16,13,9,9,6,7,2,2,1,1
798,2023-09-03,2023_24,Arsenal,Man United,3,1,H,1.76,4.2,4.49,1.77,4.14,4.29,Pinnacle,1.76,4.2,4.49,0.5681818181818182,0.23809523809523808,0.22271714922048996,1.0289942054975463,0.028994205497546277,0.5521720289057285,0.23138637401763856,0.21644159707663296,2,1,2,0,19,14,8,14,11,3,3,2,1,1,3,0,2,2,18,22,9,17,9,6,4,6,1,1
799,2023-09-16,2023_24,Newcastle,Brentford,1,0,H,1.66,4.17,5.43,1.64,4.08,5.4,Pinnacle,1.66,4.17,5.43,0.6024096385542169,0.23980815347721823,0.1841620626151013,1.0263798546465364,0.02637985464653636,0.5869266001539695,0.23364464178791108,0.17942875805811956,1,1,3,2,9,23,15,9,2,8,6,4,1,1,2,1,2,1,21,12,12,15,7,1,5,5,1,1
800,2023-09-16,2023_24,West Ham,Man City,1,3,A,5.49,4.3,1.63,5.6,4.22,1.61,Pinnacle,5.49,4.3,1.63,0.18214936247723132,0.23255813953488372,0.6134969325153374,1.0282044345274524,0.02820443452745236,0.17715286606495184,0.22617889178990364,0.5966682421451446,2,3,1,1,9,12,16,25,3,3,1,10,1,1,5,2,1,1,7,30,6,6,5,9,4,2,1,1
801,2023-09-16,2023_24,Tottenham,Sheffield United,2,1,H,1.3,6.31,9.4,1.29,6.17,9.68,Pinnacle,1.3,6.31,9.4,0.7692307692307692,0.1584786053882726,0.10638297872340426,1.034092353342446,0.03409235334244598,0.7438704741838795,0.15325382193962656,0.10287570387649399,5,2,2,0,20,17,16,11,10,6,4,3,1,1,2,1,2,2,13,6,16,30,8,2,6,9,1,1
802,2023-09-16,2023_24,Fulham,Luton,1,0,H,1.69,3.82,5.68,1.66,3.79,5.67,Pinnacle,1.69,3.82,5.68,0.591715976331361,0.2617801047120419,0.17605633802816903,1.029552419071572,0.02955241907157191,0.5747312767862346,0.25426593135307235,0.17100279186069303,1,2,5,2,6,8,7,19,4,3,5,11,1,1,1,0,2,3,16,11,9,19,1,1,3,8,1,1
803,2023-09-16,2023_24,Aston Villa,Crystal Palace,3,1,H,1.98,3.66,4.08,1.94,3.64,4.01,Pinnacle,1.98,3.66,4.08,0.5050505050505051,0.27322404371584696,0.24509803921568626,1.0233725879820383,0.02337258798203834,0.493515764425937,0.2669839381320642,0.2395002974419988,0,3,3,1,9,16,17,9,3,6,4,2,1,1,3,1,2,1,16,15,12,12,11,5,4,1,1,1
804,2023-09-16,2023_24,Wolves,Liverpool,1,3,A,4.58,4.46,1.71,4.77,4.35,1.67,Pinnacle,4.58,4.46,1.71,0.2183406113537118,0.2242152466367713,0.5847953216374269,1.02735117962791,0.027351179627910005,0.21252772730819391,0.218245962123661,0.5692263105681451,2,1,3,0,12,11,16,15,4,2,11,7,1,1,3,2,0,1,17,9,9,23,4,4,3,8,1,1
805,2023-09-16,2023_24,Man United,Brighton,1,3,A,2.07,3.9,3.53,2.0,3.99,3.44,Pinnacle,2.07,3.9,3.53,0.48309178743961356,0.25641025641025644,0.28328611898017,1.02278816283004,0.022788162830039926,0.47232829338081667,0.2506973249482796,0.27697438167090377,1,3,3,2,10,18,17,9,2,9,5,4,1,1,3,1,1,3,15,25,9,12,6,10,2,3,1,1
806,2023-09-17,2023_24,Bournemouth,Chelsea,0,0,D,4.34,3.97,1.83,4.06,3.88,1.87,Pinnacle,4.34,3.97,1.83,0.2304147465437788,0.2518891687657431,0.5464480874316939,1.0287520027412158,0.02875200274121581,0.22397501626224295,0.2448492621103613,0.5311757216273958,2,0,2,2,12,11,21,17,5,3,7,6,1,1,0,3,1,0,21,19,7,11,2,8,3,1,1,1
807,2023-09-17,2023_24,Everton,Arsenal,0,1,A,6.0,4.3,1.59,5.74,4.37,1.57,Pinnacle,6.0,4.3,1.59,0.16666666666666666,0.23255813953488372,0.6289308176100629,1.0281556238116132,0.028155623811613184,0.1621025677501956,0.2261896294188776,0.6117078028309269,2,0,2,1,16,15,13,11,6,7,8,2,1,1,3,2,1,2,17,19,10,8,5,11,2,3,1,1
808,2023-09-18,2023_24,Nott'm Forest,Burnley,1,1,D,2.14,3.51,3.69,2.11,3.45,3.59,Pinnacle,2.14,3.51,3.69,0.4672897196261682,0.2849002849002849,0.2710027100271003,1.0231927145535535,0.02319271455355354,0.456697661134207,0.2784424486687188,0.264859890197074,1,2,0,3,7,9,21,18,3,4,2,9,1,1,2,1,5,3,16,9,20,16,4,2,10,6,1,1
809,2023-09-23,2023_24,Crystal Palace,Fulham,0,0,D,2.1,3.39,3.97,2.08,3.34,3.87,Pinnacle,2.1,3.39,3.97,0.47619047619047616,0.2949852507374631,0.2518891687657431,1.0230648956936825,0.02306489569368253,0.4654548095579003,0.2883348377792303,0.2462103526628692,1,3,3,2,6,16,16,12,3,11,5,4,1,1,1,1,0,5,13,6,7,7,2,4,2,5,1,1
810,2023-09-23,2023_24,Luton,Wolves,1,1,D,3.28,3.31,2.41,3.18,3.32,2.37,Pinnacle,3.28,3.31,2.41,0.3048780487804878,0.3021148036253776,0.41493775933609955,1.0219306117419649,0.021930611741964867,0.29833537157752626,0.2956314256115668,0.40603320281090705,0,1,1,2,7,16,13,9,2,1,2,3,1,1,1,2,3,3,11,12,16,16,2,4,6,11,1,1
811,2023-09-23,2023_24,Man City,Nott'm Forest,2,0,H,1.17,8.5,18.0,1.16,8.11,18.46,Pinnacle,1.17,8.5,18.0,0.8547008547008548,0.11764705882352941,0.05555555555555555,1.0279034690799398,0.02790346907993979,0.8314991440449987,0.11445341159207628,0.05404744436292491,3,5,1,1,29,7,6,6,15,5,3,4,1,1,1,1,1,0,14,7,10,21,4,3,3,2,1,1
812,2023-09-23,2023_24,Brentford,Everton,1,3,A,1.95,3.53,4.4,1.93,3.56,4.16,Pinnacle,1.95,3.53,4.4,0.5128205128205129,0.28328611898017,0.22727272727272727,1.0233793590734102,0.023379359073410155,0.5011049991127745,0.27681437628042777,0.22208062460679773,0,2,1,2,11,21,9,12,2,7,2,5,1,1,0,2,1,2,8,16,13,13,1,6,4,8,1,1
813,2023-09-23,2023_24,Burnley,Man United,0,1,A,4.32,4.0,1.83,4.15,3.91,1.84,Pinnacle,4.32,4.0,1.83,0.23148148148148145,0.25,0.5464480874316939,1.0279295689131753,0.02792956891317533,0.22519196692262256,0.2432073242764324,0.5316007088009451,1,2,1,5,10,16,14,20,3,4,4,10,1,1,1,1,3,3,14,10,10,17,4,2,8,5,1,1
814,2023-09-24,2023_24,Chelsea,Aston Villa,0,1,A,1.91,3.93,4.1,1.86,3.9,4.09,Pinnacle,1.91,3.93,4.1,0.5235602094240838,0.2544529262086514,0.24390243902439027,1.0219155746571253,0.021915574657125347,0.512332155814094,0.24899603501397444,0.23867180917193162,0,0,0,1,14,21,13,7,6,2,4,3,1,1,3,0,1,3,16,9,6,17,5,3,3,4,1,1
815,2023-09-24,2023_24,Sheffield United,Newcastle,0,8,A,6.05,4.39,1.57,6.26,4.37,1.53,Pinnacle,6.05,4.39,1.57,0.1652892561983471,0.22779043280182235,0.6369426751592356,1.030022364159405,0.03002236415940507,0.16047152173558743,0.22115095820052483,0.6183775200638878,1,2,2,2,7,13,28,16,5,8,10,6,1,1,1,1,0,3,9,9,11,15,2,2,2,6,1,1
816,2023-09-24,2023_24,Liverpool,West Ham,3,1,H,1.39,5.64,7.61,1.37,5.58,7.78,Pinnacle,1.39,5.64,7.61,0.7194244604316548,0.1773049645390071,0.1314060446780552,1.028135469648717,0.02813546964871705,0.6997370304493633,0.17245292062493173,0.127810048925705,3,3,1,0,16,17,11,9,6,4,2,3,1,1,1,2,3,1,6,9,29,16,3,3,15,1,1,1
817,2023-09-24,2023_24,Brighton,Bournemouth,3,1,H,1.52,4.97,5.9,1.5,4.91,5.97,Pinnacle,1.52,4.97,5.9,0.6578947368421053,0.2012072434607646,0.1694915254237288,1.0285935057265987,0.02859350572659869,0.6396061545978441,0.1956139547261012,0.16477989067605472,3,3,1,1,10,15,14,9,8,6,4,2,1,1,0,2,0,2,13,12,14,21,4,5,6,7,1,1
818,2023-09-24,2023_24,Arsenal,Tottenham,2,2,D,1.65,4.39,5.11,1.64,4.37,5.0,Pinnacle,1.65,4.39,5.11,0.6060606060606061,0.22779043280182235,0.19569471624266144,1.0295457551050897,0.02954575510508972,0.5886679664846397,0.22125333592247282,0.19007869759288756,1,3,0,1,13,17,8,10,4,5,1,2,1,1,2,5,1,2,28,20,7,16,10,10,5,4,1,1
819,2023-09-30,2023_24,Aston Villa,Brighton,6,1,H,2.49,3.77,2.82,2.5,3.7,2.7,Pinnacle,2.49,3.77,2.82,0.4016064257028112,0.26525198938992045,0.3546099290780142,1.021468344170746,0.021468344170745945,0.3931658068452875,0.2596771509402563,0.3471570422144561,1,3,0,1,15,16,10,6,7,5,4,3,1,1,3,3,1,1,13,10,12,14,4,8,4,4,1,1
820,2023-09-30,2023_24,Bournemouth,Arsenal,0,4,A,6.06,4.62,1.55,6.03,4.55,1.53,Pinnacle,6.06,4.62,1.55,0.16501650165016502,0.21645021645021645,0.6451612903225806,1.026628008422962,0.02662800842296198,0.16073641114044068,0.21083607175564298,0.6284275171039164,1,0,3,0,12,13,13,14,4,4,4,6,1,1,2,1,2,0,13,13,13,8,6,4,5,1,1,1
821,2023-09-30,2023_24,Everton,Luton,1,2,A,1.67,3.93,5.7,1.65,3.87,5.72,Pinnacle,1.67,3.93,5.7,0.5988023952095809,0.2544529262086514,0.17543859649122806,1.0286939179094605,0.02869391790946052,0.5820996749222386,0.24735533260054407,0.17054499247721722,3,0,1,1,18,8,12,13,6,1,2,4,1,1,1,0,1,1,20,7,3,13,4,2,3,2,1,1
822,2023-09-30,2023_24,Man United,Crystal Palace,0,1,A,1.58,4.37,5.96,1.57,4.26,6.05,Pinnacle,1.58,4.37,5.96,0.6329113924050632,0.22883295194508008,0.16778523489932887,1.0295295792494723,0.029529579249472304,0.6147578517039365,0.22226942922018758,0.1629727190758758,1,1,0,3,11,14,12,10,4,4,4,8,1,1,0,1,0,3,7,6,10,16,3,3,5,5,1,1
823,2023-09-30,2023_24,Newcastle,Burnley,2,0,H,1.38,5.24,8.53,1.38,5.13,8.43,Pinnacle,1.38,5.24,8.53,0.7246376811594204,0.19083969465648853,0.1172332942555686,1.0327106700714774,0.03271067007147743,0.7016850916329409,0.184794928712492,0.11351997965456721,8,1,0,0,22,9,9,11,15,2,1,2,1,1,0,1,1,1,12,10,11,14,4,3,4,4,1,1
824,2023-09-30,2023_24,West Ham,Sheffield United,2,0,H,1.48,4.79,7.0,1.44,4.79,7.35,Pinnacle,1.48,4.79,7.0,0.6756756756756757,0.20876826722338204,0.14285714285714285,1.0273010857562006,0.027301085756200605,0.6577192266649927,0.20322013684012302,0.13906063649488418,1,1,3,3,11,6,22,29,4,3,7,15,1,1,0,1,8,2,9,7,22,28,1,5,15,10,1,1
825,2023-09-30,2023_24,Wolves,Man City,2,1,H,8.61,5.19,1.39,8.34,5.12,1.39,Pinnacle,8.61,5.19,1.39,0.11614401858304298,0.19267822736030826,0.7194244604316548,1.028246706375006,0.028246706375006037,0.11295345549172588,0.18738521228974175,0.6996613322185323,1,1,1,3,3,11,20,16,3,2,4,6,1,1,2,3,0,1,7,29,10,6,4,15,3,3,1,1
826,2023-09-30,2023_24,Tottenham,Liverpool,2,1,H,2.96,4.01,2.3,2.96,3.94,2.25,Pinnacle,2.96,4.01,2.3,0.33783783783783783,0.24937655860349128,0.4347826086956522,1.0219970051369813,0.02199700513698133,0.3305663677483638,0.24400908941026359,0.4254245428413726,2,2,2,1,13,28,13,7,5,10,6,5,1,1,3,3,1,1,22,16,11,11,7,6,4,2,1,1
827,2023-10-01,2023_24,Nott'm Forest,Brentford,1,1,D,2.62,3.27,2.99,2.65,3.21,2.85,Pinnacle,2.62,3.27,2.99,0.38167938931297707,0.3058103975535168,0.33444816053511706,1.0219379474016108,0.021937947401610813,0.3734858758141223,0.2992455641079512,0.3272685600779266,0,1,2,1,10,14,7,10,3,4,4,3,1,1,1,0,3,1,12,11,18,9,2,2,6,2,1,1
828,2023-10-02,2023_24,Fulham,Chelsea,0,2,A,3.52,3.49,2.22,3.46,3.43,2.19,Pinnacle,3.52,3.49,2.22,0.2840909090909091,0.28653295128939826,0.4504504504504504,1.0210743108307576,0.021074310830757614,0.2782274571767157,0.2806190972097533,0.44115344561353115,0,1,0,0,10,13,7,7,5,2,3,2,1,1,0,0,1,0,10,14,15,13,4,6,7,4,1,1
829,2023-10-03,2023_24,Luton,Burnley,1,2,A,2.95,3.22,2.69,2.94,3.16,2.62,Pinnacle,2.95,3.22,2.69,0.3389830508474576,0.3105590062111801,0.3717472118959108,1.0212892689545485,0.021289268954548524,0.331916785138123,0.30408525346505055,0.3639979613968264,2,1,1,1,9,20,23,3,2,4,5,3,1,1,0,0,2,1,8,12,20,11,2,4,8,4,1,1
830,2023-10-07,2023_24,Man United,Brentford,2,1,H,1.63,4.33,5.41,1.66,4.19,5.12,Pinnacle,1.63,4.33,5.41,0.6134969325153374,0.23094688221709006,0.18484288354898337,1.0292866982814108,0.02928669828141084,0.5960408635802705,0.22437565996208797,0.17958347645764158,0,1,1,0,19,11,8,12,4,4,2,4,1,1,1,1,1,3,18,12,6,18,5,2,1,6,1,1
831,2023-10-07,2023_24,Crystal Palace,Nott'm Forest,0,0,D,2.34,3.12,3.64,2.31,3.17,3.46,Pinnacle,2.34,3.12,3.64,0.4273504273504274,0.3205128205128205,0.2747252747252747,1.0225885225885225,0.02258852258852251,0.41791044776119407,0.31343283582089554,0.26865671641791045,1,0,0,0,8,7,19,10,2,3,4,5,1,1,1,0,1,2,6,10,18,7,1,3,5,4,1,1
832,2023-10-07,2023_24,Fulham,Sheffield United,3,1,H,1.52,4.56,6.57,1.52,4.41,6.6,Pinnacle,1.52,4.56,6.57,0.6578947368421053,0.2192982456140351,0.15220700152207,1.0293999839782104,0.02939998397821042,0.6391050583657588,0.2130350194552529,0.1478599221789883,0,0,2,0,10,10,11,7,3,5,4,3,1,1,0,0,2,8,16,9,20,22,2,1,9,15,1,1
833,2023-10-07,2023_24,Luton,Tottenham,0,1,A,6.8,5.15,1.45,6.8,5.05,1.44,Pinnacle,6.8,5.15,1.45,0.14705882352941177,0.1941747572815534,0.6896551724137931,1.0308887532247584,0.03088875322475837,0.14265246668895362,0.18835665504560864,0.6689908782654377,1,2,2,1,18,9,14,23,3,2,4,5,1,1,2,2,1,2,24,13,12,13,8,5,4,6,1,1
834,2023-10-07,2023_24,Burnley,Chelsea,1,4,A,5.2,4.07,1.69,5.16,3.99,1.68,Pinnacle,5.2,4.07,1.69,0.1923076923076923,0.24570024570024568,0.591715976331361,1.0297239143392989,0.029723914339298885,0.1867565564222936,0.23860788535526456,0.5746355582224419,2,0,1,2,14,8,18,20,4,2,3,8,1,1,2,0,0,1,11,10,10,15,4,4,3,7,1,1
835,2023-10-07,2023_24,Everton,Bournemouth,3,0,H,1.93,3.78,4.18,1.92,3.72,4.03,Pinnacle,1.93,3.78,4.18,0.5181347150259068,0.2645502645502646,0.23923444976076558,1.0219194293369371,0.021919429336937135,0.507021101812394,0.25887585357087844,0.23410304461672737,1,3,2,1,23,18,9,12,5,6,2,2,1,1,0,1,4,3,8,12,15,13,1,4,8,4,1,1
836,2023-10-08,2023_24,Brighton,Liverpool,2,2,D,3.26,4.19,2.1,3.25,4.19,2.04,Pinnacle,3.26,4.19,2.1,0.3067484662576687,0.2386634844868735,0.47619047619047616,1.0216024269350183,0.02160242693501835,0.30026207668473,0.23361679474754646,0.46612112856772364,1,3,6,1,11,13,19,12,3,4,9,4,1,1,1,3,2,1,12,22,24,11,4,7,8,4,1,1
837,2023-10-08,2023_24,West Ham,Newcastle,2,2,D,3.58,3.73,2.11,3.39,3.67,2.13,Pinnacle,3.58,3.73,2.11,0.27932960893854747,0.2680965147453083,0.47393364928909953,1.0213597729729553,0.021359772972955327,0.27348796803057945,0.26248979237251324,0.4640222395969073,2,1,0,3,20,11,16,22,9,4,2,7,1,1,2,8,0,0,20,22,8,9,8,15,2,1,1,1
838,2023-10-08,2023_24,Wolves,Aston Villa,1,1,D,3.7,3.68,2.08,3.63,3.61,2.06,Pinnacle,3.7,3.68,2.08,0.27027027027027023,0.2717391304347826,0.4807692307692307,1.0227786314742837,0.022778631474283717,0.2642509942554131,0.26568714096332297,0.4700618647812637,2,1,1,1,3,3,23,20,1,3,8,4,1,1,6,1,1,0,19,15,11,10,9,7,3,4,1,1
839,2023-10-08,2023_24,Arsenal,Man City,1,0,H,3.0,3.39,2.56,3.0,3.3,2.5,Pinnacle,3.0,3.39,2.56,0.3333333333333333,0.2949852507374631,0.390625,1.0189435840707963,0.018943584070796327,0.32713620120323883,0.2895010630117158,0.38336273578504554,4,2,0,2,15,13,8,13,8,6,1,5,1,1,1,2,2,0,23,7,3,10,8,4,1,3,1,1
840,2023-10-21,2023_24,Liverpool,Everton,2,0,H,1.4,5.5,7.4,1.39,5.43,7.38,Pinnacle,1.4,5.5,7.4,0.7142857142857143,0.18181818181818182,0.13513513513513511,1.0312390312390312,0.031239031239031156,0.6926480599046971,0.17631041524846836,0.13104152484683457,2,1,2,2,14,12,14,24,4,4,3,8,1,1,3,1,0,2,25,23,11,9,8,5,4,2,1,1
841,2023-10-21,2023_24,Bournemouth,Wolves,1,2,A,2.31,3.46,3.32,2.35,3.42,3.11,Pinnacle,2.31,3.46,3.32,0.4329004329004329,0.28901734104046245,0.30120481927710846,1.0231225932180037,0.023122593218003695,0.42311687354967037,0.2824855427455892,0.29439758370474056,0,0,3,4,11,8,25,15,4,1,8,8,1,1,1,2,1,1,8,3,18,23,3,1,4,8,1,1
842,2023-10-21,2023_24,Brentford,Burnley,3,0,H,1.74,3.9,5.09,1.75,3.81,4.9,Pinnacle,1.74,3.9,5.09,0.5747126436781609,0.25641025641025644,0.19646365422396858,1.0275865543123859,0.02758655431238588,0.5592839272432213,0.24952667523159108,0.19118939752518765,1,1,2,1,11,18,21,6,3,5,8,1,1,1,1,2,4,1,10,14,9,18,3,4,5,3,1,1
843,2023-10-21,2023_24,Man City,Brighton,2,1,H,1.36,5.69,7.74,1.36,5.74,7.8,Pinnacle,1.36,5.69,7.74,0.7352941176470588,0.17574692442882248,0.12919896640826872,1.0402400084841499,0.04024000848414988,0.7068504495597493,0.1689484378561088,0.124201112584142,0,1,1,2,4,23,12,3,1,8,2,1,1,1,2,1,2,6,14,11,14,19,3,3,4,9,1,1
844,2023-10-21,2023_24,Newcastle,Crystal Palace,4,0,H,1.48,4.49,7.68,1.46,4.45,7.75,Pinnacle,1.48,4.49,7.68,0.6756756756756757,0.22271714922048996,0.13020833333333334,1.028601158229499,0.028601158229498935,0.6568879203273468,0.21652430335957085,0.12658777631308246,2,2,2,0,10,20,5,8,3,8,3,2,1,1,0,1,0,0,8,8,16,19,2,2,5,4,1,1
845,2023-10-21,2023_24,Nott'm Forest,Luton,2,2,D,1.76,3.65,5.39,1.73,3.67,5.27,Pinnacle,1.76,3.65,5.39,0.5681818181818182,0.273972602739726,0.1855287569573284,1.0276831778788726,0.027683177878872645,0.5528764413119417,0.2665924758106896,0.18053108287736871,0,1,0,1,16,6,8,18,5,1,2,5,1,1,0,1,1,2,12,18,15,14,2,3,4,4,1,1
846,2023-10-21,2023_24,Chelsea,Arsenal,2,2,D,3.35,3.44,2.31,3.3,3.33,2.32,Pinnacle,3.35,3.44,2.31,0.29850746268656714,0.29069767441860467,0.4329004329004329,1.0221055700056048,0.022105570005604758,0.29205149785548107,0.2844106156441459,0.423537886500373,4,2,1,0,9,11,10,10,5,4,3,3,1,1,1,4,0,0,12,15,4,8,2,8,1,1,1,1
847,2023-10-21,2023_24,Sheffield United,Man United,1,2,A,7.8,5.6,1.38,7.91,5.54,1.37,Pinnacle,7.8,5.6,1.38,0.12820512820512822,0.17857142857142858,0.7246376811594204,1.0314142379359772,0.031414237935977196,0.12430032812198417,0.17313259988419222,0.7025670719938236,1,0,3,2,5,16,20,20,2,2,6,9,1,1,2,0,1,1,21,19,11,8,8,4,3,2,1,1
848,2023-10-22,2023_24,Aston Villa,West Ham,4,1,H,1.79,4.02,4.54,1.81,3.94,4.31,Pinnacle,1.79,4.02,4.54,0.5586592178770949,0.24875621890547267,0.22026431718061673,1.0276797539631843,0.02767975396318434,0.5436121668473664,0.2420561638449716,0.21433166930766206,1,6,1,1,18,19,8,11,4,9,3,3,1,1,2,2,2,0,5,20,10,16,3,9,3,2,1,1
849,2023-10-23,2023_24,Tottenham,Fulham,2,0,H,1.52,4.72,6.13,1.5,4.74,6.22,Pinnacle,1.52,4.72,6.13,0.6578947368421053,0.21186440677966104,0.1631321370309951,1.0328912806527615,0.03289128065276148,0.6369448064527491,0.2051178190271565,0.15793737452009438,1,2,0,1,15,24,12,12,4,8,2,4,1,1,3,0,1,2,20,10,5,11,6,3,2,4,1,1
850,2023-10-27,2023_24,Crystal Palace,Tottenham,1,2,A,4.58,3.85,1.81,4.54,3.84,1.79,Pinnacle,4.58,3.85,1.81,0.2183406113537118,0.2597402597402597,0.5524861878453039,1.0305670589392755,0.03056705893927547,0.21186453560668017,0.25203625274768704,0.5360992116456327,0,0,4,0,17,8,10,16,3,2,7,5,1,1,2,1,0,0,15,15,10,12,5,4,3,2,1,1
851,2023-10-28,2023_24,Chelsea,Brentford,0,2,A,1.65,4.05,5.6,1.65,4.07,5.39,Pinnacle,1.65,4.05,5.6,0.6060606060606061,0.2469135802469136,0.17857142857142858,1.0315456148789481,0.031545614878948136,0.5875267145910239,0.23936273557412088,0.17311054983485527,2,4,2,1,11,9,13,10,5,5,3,3,1,1,3,1,0,2,23,11,6,21,10,3,1,8,1,1
852,2023-10-28,2023_24,Arsenal,Sheffield United,5,0,H,1.13,9.5,21.0,1.13,9.57,21.8,Pinnacle,1.13,9.5,21.0,0.8849557522123894,0.10526315789473684,0.047619047619047616,1.0378379577261738,0.03783795772617382,0.8526916419122519,0.1014254268800889,0.04588293120765927,2,1,2,0,13,12,11,4,3,2,5,1,1,1,1,1,2,3,12,5,14,20,6,2,5,6,1,1
853,2023-10-28,2023_24,Bournemouth,Burnley,2,1,H,2.13,3.65,3.51,2.17,3.58,3.35,Pinnacle,2.13,3.65,3.51,0.4694835680751174,0.273972602739726,0.2849002849002849,1.0283564557151283,0.028356455715128348,0.4565377748794646,0.26641793438171496,0.2770442907388204,1,0,2,3,7,11,20,25,4,4,7,8,1,1,0,1,3,4,6,10,23,9,1,3,10,5,1,1
854,2023-10-28,2023_24,Wolves,Newcastle,2,2,D,4.11,3.75,1.93,4.22,3.84,1.85,Pinnacle,4.11,3.75,1.93,0.24330900243309,0.26666666666666666,0.5181347150259068,1.0281103841256636,0.02811038412566358,0.23665649738574268,0.25937552113477397,0.5039679814794832,2,1,1,1,20,8,7,18,7,3,4,4,1,1,4,2,0,2,10,10,17,5,7,3,3,3,1,1
855,2023-10-29,2023_24,West Ham,Everton,0,1,A,2.08,3.7,3.62,2.07,3.69,3.5,Pinnacle,2.08,3.7,3.62,0.4807692307692307,0.27027027027027023,0.27624309392265195,1.027282594962153,0.027282594962152906,0.46800095039762957,0.26309242616947826,0.2689066234328922,1,2,4,2,14,5,15,10,4,3,7,3,1,1,0,3,2,0,6,25,26,11,1,8,6,4,1,1
856,2023-10-29,2023_24,Aston Villa,Luton,3,1,H,1.34,5.85,8.55,1.34,5.71,8.49,Pinnacle,1.34,5.85,8.55,0.7462686567164178,0.17094017094017094,0.11695906432748537,1.0341678919840742,0.03416789198407422,0.7216126728559371,0.16529247549178733,0.11309485165227552,4,1,1,1,15,18,14,8,7,4,4,3,1,1,2,0,2,1,13,12,19,15,4,2,8,4,1,1
857,2023-10-29,2023_24,Brighton,Fulham,1,1,D,1.64,4.32,5.29,1.61,4.3,5.3,Pinnacle,1.64,4.32,5.29,0.6097560975609756,0.23148148148148145,0.1890359168241966,1.0302734958666537,0.030273495866653732,0.5918390602177493,0.22467964323081221,0.18348129655143836,1,2,2,2,5,14,10,14,3,3,6,4,1,1,0,3,2,1,10,20,15,5,3,6,5,2,1,1
858,2023-10-29,2023_24,Liverpool,Nott'm Forest,3,0,H,1.22,7.31,12.08,1.23,6.96,12.16,Pinnacle,1.22,7.31,12.08,0.819672131147541,0.13679890560875513,0.08278145695364239,1.0392524937099386,0.03925249370993855,0.7887131723124028,0.13163202055008635,0.07965480713751087,2,2,0,2,26,14,6,14,6,4,1,3,1,1,2,0,2,0,19,16,13,8,8,5,4,2,1,1
859,2023-10-29,2023_24,Man United,Man City,0,3,A,5.6,4.3,1.61,5.48,4.25,1.62,Pinnacle,5.6,4.3,1.61,0.17857142857142858,0.23255813953488372,0.6211180124223602,1.0322475805286726,0.032247580528672604,0.1729928284065069,0.2252929858317299,0.601714185761763,2,2,1,1,14,21,12,11,5,8,6,3,1,1,2,0,1,1,10,4,5,12,6,1,3,2,1,1
860,2023-11-04,2023_24,Newcastle,Arsenal,1,0,H,2.84,3.23,2.73,2.8,3.23,2.68,Pinnacle,2.84,3.23,2.73,0.35211267605633806,0.30959752321981426,0.3663003663003663,1.0280105655765186,0.028010565576518598,0.34251853808415844,0.30116181057554486,0.35631965134029664,2,4,2,0,13,10,11,17,5,7,6,3,1,1,5,2,0,2,13,13,2,11,8,3,0,5,1,1
861,2023-11-04,2023_24,Sheffield United,Wolves,2,1,H,4.35,3.76,1.87,4.12,3.68,1.91,Pinnacle,4.35,3.76,1.87,0.2298850574712644,0.26595744680851063,0.53475935828877,1.030601862568545,0.030601862568544913,0.2230590355215614,0.25806032035074256,0.5188806441276962,0,1,5,2,2,12,13,14,0,6,8,5,1,1,2,2,2,1,11,20,13,7,6,7,5,4,1,1
862,2023-11-04,2023_24,Man City,Bournemouth,6,1,H,1.09,11.5,28.5,1.1,11.54,26.43,Pinnacle,1.09,11.5,28.5,0.9174311926605504,0.08695652173913043,0.03508771929824561,1.0394754336979264,0.03947543369792639,0.8825905480005386,0.08365423454961628,0.03375521744984516,3,2,0,1,21,10,7,5,10,6,3,3,1,1,2,1,1,2,13,7,6,20,6,4,3,7,1,1
863,2023-11-04,2023_24,Burnley,Crystal Palace,0,2,A,3.53,3.21,2.31,3.35,3.17,2.35,Pinnacle,3.53,3.21,2.31,0.28328611898017,0.3115264797507788,0.4329004329004329,1.0277130316313816,0.027713031631381613,0.2756471021200192,0.30312594096064416,0.4212269569193367,1,0,2,3,6,6,13,23,3,1,6,10,1,1,1,0,2,4,13,17,10,10,3,3,1,7,1,1
864,2023-11-04,2023_24,Brentford,West Ham,3,2,H,2.16,3.71,3.39,2.15,3.66,3.33,Pinnacle,2.16,3.71,3.39,0.4629629629629629,0.2695417789757412,0.2949852507374631,1.0274899926761671,0.02748999267616714,0.4505766151134422,0.2623303203894974,0.28709306449706057,2,3,0,0,7,23,17,6,5,10,2,1,1,1,0,1,1,4,12,14,10,15,2,4,4,7,1,1
865,2023-11-04,2023_24,Fulham,Man United,0,1,A,3.03,3.59,2.38,3.0,3.56,2.36,Pinnacle,3.03,3.59,2.38,0.33003300330033003,0.2785515320334262,0.42016806722689076,1.028752602560647,0.028752602560647045,0.32080891215132934,0.27076629632828075,0.40842479152038985,1,0,1,2,10,10,18,15,5,3,7,5,1,1,0,2,3,1,7,14,21,12,3,5,10,6,1,1
866,2023-11-04,2023_24,Everton,Brighton,1,1,D,2.86,3.52,2.54,2.83,3.6,2.46,Pinnacle,2.86,3.52,2.54,0.3496503496503497,0.2840909090909091,0.39370078740157477,1.0274420461428335,0.02744204614283352,0.34031150561045054,0.27650309830849107,0.38318539608105845,1,0,0,2,10,6,12,26,4,1,2,6,1,1,1,1,1,2,18,5,10,10,7,3,5,6,1,1
867,2023-11-05,2023_24,Nott'm Forest,Aston Villa,2,0,H,3.93,3.81,1.95,3.91,3.75,1.94,Pinnacle,3.93,3.81,1.95,0.2544529262086514,0.26246719160104987,0.5128205128205129,1.0297406306302141,0.02974063063021415,0.24710390038015984,0.25488670039213335,0.4980093992277068,0,2,3,2,9,19,21,13,1,8,8,4,1,1,3,4,1,1,17,15,7,14,6,7,1,4,1,1
868,2023-11-05,2023_24,Luton,Liverpool,1,1,D,15.0,8.5,1.18,13.28,7.63,1.2,Pinnacle,15.0,8.5,1.18,0.06666666666666667,0.11764705882352941,0.8474576271186441,1.0317713526088403,0.03177135260884034,0.06461379887908264,0.11402435096308701,0.8213618501578303,1,2,3,2,7,13,17,19,1,4,6,8,1,1,3,2,0,0,21,26,9,6,8,6,1,1,1,1
869,2023-11-06,2023_24,Tottenham,Chelsea,1,4,A,2.37,3.65,3.0,2.32,3.63,3.04,Pinnacle,2.37,3.65,3.0,0.42194092827004215,0.273972602739726,0.3333333333333333,1.0292468643431014,0.02924686434310142,0.4099511428090077,0.26618745437187624,0.32386140281911613,2,2,1,0,10,15,13,10,1,5,3,3,1,1,0,2,2,2,17,11,7,13,2,5,5,3,1,1
870,2023-11-11,2023_24,Wolves,Tottenham,2,1,H,3.13,3.62,2.31,3.14,3.53,2.3,Pinnacle,3.13,3.62,2.31,0.3194888178913738,0.27624309392265195,0.4329004329004329,1.0286323447144587,0.028632344714458746,0.3105957337750853,0.26855376981105444,0.4208504964138602,1,2,2,2,10,11,11,13,3,6,2,5,1,1,1,2,4,1,8,10,17,13,5,1,8,3,1,1
871,2023-11-11,2023_24,Arsenal,Burnley,3,1,H,1.19,7.49,16.59,1.2,7.07,16.18,Pinnacle,1.19,7.49,16.59,0.8403361344537815,0.13351134846461948,0.06027727546714889,1.0341247583855497,0.034124758385549736,0.8126061460569746,0.129105649373538,0.05828820456948763,0,5,1,0,14,13,9,2,1,8,2,0,1,1,0,1,2,2,17,6,4,13,5,3,3,6,1,1
872,2023-11-11,2023_24,Crystal Palace,Everton,2,3,A,2.71,3.12,2.96,2.61,3.12,2.95,Pinnacle,2.71,3.12,2.96,0.36900369003690037,0.3205128205128205,0.33783783783783783,1.0273543483875587,0.02735434838755868,0.35917859365276916,0.31197884256378344,0.3288425637834474,2,1,0,2,4,13,17,10,3,3,5,1,1,1,1,1,1,0,10,10,7,12,4,4,2,2,1,1
873,2023-11-11,2023_24,Man United,Luton,1,0,H,1.29,6.14,10.06,1.29,5.95,9.95,Pinnacle,1.29,6.14,10.06,0.7751937984496123,0.16286644951140067,0.09940357852882703,1.03746382648984,0.037463826489839924,0.7472007974219272,0.15698518382317367,0.09581401875489921,1,0,0,3,12,7,18,21,5,3,3,10,1,1,1,1,1,3,8,7,24,17,5,1,6,6,1,1
874,2023-11-11,2023_24,Bournemouth,Newcastle,2,0,H,3.9,3.76,1.97,3.97,3.71,1.93,Pinnacle,3.9,3.76,1.97,0.25641025641025644,0.26595744680851063,0.5076142131979695,1.0299819164167365,0.02998191641673653,0.24894636723555,0.2582156468666609,0.4928379858977892,1,2,6,1,5,13,21,6,1,6,8,3,1,1,1,2,0,2,9,13,14,11,2,5,1,6,1,1
875,2023-11-12,2023_24,Chelsea,Man City,4,4,D,4.8,4.0,1.76,4.65,3.92,1.77,Pinnacle,4.8,4.0,1.76,0.20833333333333334,0.25,0.5681818181818182,1.0265151515151516,0.026515151515151603,0.2029520295202952,0.24354243542435422,0.5535055350553506,4,0,1,2,17,17,8,7,8,2,5,5,1,1,6,3,1,0,21,21,5,7,8,10,1,3,1,1
876,2023-11-12,2023_24,West Ham,Nott'm Forest,3,2,H,1.81,3.84,4.59,1.8,3.77,4.58,Pinnacle,1.81,3.84,4.59,0.5524861878453039,0.2604166666666667,0.2178649237472767,1.0307677782592473,0.030767778259247258,0.5359948181328857,0.25264339083867793,0.2113617910284364,2,0,3,1,12,12,16,10,2,2,4,4,1,1,2,0,0,3,5,9,13,21,3,1,3,8,1,1
877,2023-11-12,2023_24,Liverpool,Brentford,3,0,H,1.4,5.51,7.48,1.38,5.42,7.57,Pinnacle,1.4,5.51,7.48,0.7142857142857143,0.18148820326678766,0.1336898395721925,1.0294637571246943,0.02946375712469429,0.6938425071716207,0.17629392196738095,0.1298635708609985,1,3,1,0,24,21,8,9,6,8,5,1,1,1,3,2,2,0,16,7,12,17,4,5,2,2,1,1
878,2023-11-12,2023_24,Aston Villa,Fulham,3,1,H,1.64,4.22,5.4,1.65,4.13,5.21,Pinnacle,1.64,4.22,5.4,0.6097560975609756,0.23696682464454977,0.18518518518518517,1.0319081073907106,0.031908107390710594,0.5909015475252043,0.22963946396714102,0.17945898850765463,0,3,2,1,13,17,5,7,3,6,3,1,1,1,0,1,1,1,18,10,12,18,3,5,5,7,1,1
879,2023-11-12,2023_24,Brighton,Sheffield United,1,1,D,1.27,6.23,11.19,1.27,6.18,10.88,Pinnacle,1.27,6.23,11.19,0.7874015748031495,0.16051364365971107,0.08936550491510277,1.0372807233779635,0.03728072337796351,0.759101713795405,0.15474465112683217,0.08615363507776269,1,1,1,1,7,18,10,10,2,7,4,5,1,1,2,0,1,5,11,2,10,13,2,0,3,8,1,1
880,2023-11-25,2023_24,Man City,Liverpool,1,1,D,1.7,4.42,4.61,1.71,4.31,4.54,Pinnacle,1.7,4.42,4.61,0.5882352941176471,0.22624434389140272,0.21691973969631234,1.031399377705362,0.03139937770536205,0.5703273696231443,0.2193566806242863,0.21031594975256945,4,6,4,1,15,21,17,5,10,8,9,1,1,1,3,1,0,1,17,24,16,8,10,6,3,5,1,1
881,2023-11-25,2023_24,Burnley,West Ham,1,2,A,3.48,3.43,2.23,3.43,3.43,2.18,Pinnacle,3.48,3.43,2.23,0.28735632183908044,0.29154518950437314,0.4484304932735426,1.0273320046169963,0.027332004616996253,0.2797112525918151,0.28378867609898445,0.4365000713092004,1,0,3,2,8,17,16,4,5,5,6,3,1,1,3,2,2,3,16,12,10,16,6,2,5,4,1,1
882,2023-11-25,2023_24,Luton,Crystal Palace,2,1,H,4.12,3.42,2.03,3.98,3.34,2.03,Pinnacle,4.12,3.42,2.03,0.24271844660194175,0.29239766081871343,0.4926108374384237,1.027726944859079,0.027726944859078895,0.23617016933931134,0.2845090928882932,0.4793207377723955,0,1,1,1,10,8,15,24,4,5,4,6,1,1,2,2,3,0,13,4,8,17,4,3,4,5,1,1
883,2023-11-25,2023_24,Newcastle,Chelsea,4,1,H,2.6,3.55,2.76,2.68,3.54,2.59,Pinnacle,2.6,3.55,2.76,0.3846153846153846,0.28169014084507044,0.3623188405797102,1.0286243660401653,0.028624366040165272,0.37391237978934505,0.2738513204090978,0.352236299801557,0,1,2,0,8,9,19,14,5,2,10,1,1,1,4,4,4,1,17,17,15,8,9,8,10,5,1,1
884,2023-11-25,2023_24,Nott'm Forest,Brighton,2,3,A,3.69,3.63,2.07,3.62,3.6,2.07,Pinnacle,3.69,3.63,2.07,0.2710027100271003,0.27548209366391185,0.48309178743961356,1.0295765911306258,0.02957659113062583,0.2632176298117847,0.26756833443677286,0.4692140357514423,2,2,3,0,10,5,16,13,5,3,6,3,1,1,1,1,1,1,11,7,9,10,6,2,1,4,1,1
885,2023-11-25,2023_24,Sheffield United,Bournemouth,1,3,A,3.57,3.5,2.16,3.41,3.49,2.19,Pinnacle,3.57,3.5,2.16,0.2801120448179272,0.2857142857142857,0.4629629629629629,1.028789293495176,0.028789293495175894,0.27227348358795944,0.2777189532597186,0.4500075631523218,1,2,1,1,9,11,11,10,1,2,6,3,1,1,2,1,0,6,19,5,8,21,10,1,5,8,1,1
886,2023-11-25,2023_24,Brentford,Arsenal,0,1,A,5.8,4.05,1.65,5.73,4.06,1.61,Pinnacle,5.8,4.05,1.65,0.1724137931034483,0.2469135802469136,0.6060606060606061,1.025387979410968,0.02538797941096793,0.1681449330062276,0.2408001509718815,0.591054916021891,0,3,3,2,16,16,17,12,3,4,10,2,1,1,3,0,1,1,16,14,8,9,6,1,5,2,1,1
887,2023-11-26,2023_24,Tottenham,Aston Villa,1,2,A,2.7,3.7,2.58,2.63,3.76,2.56,Pinnacle,2.7,3.7,2.58,0.37037037037037035,0.27027027027027023,0.38759689922480617,1.0282375398654469,0.02823753986544686,0.3601992302467738,0.2628480869368349,0.37695268281639116,1,1,2,4,6,8,17,17,2,5,4,8,1,1,3,0,1,2,12,13,9,5,6,3,5,3,1,1
888,2023-11-26,2023_24,Everton,Man United,0,3,A,2.68,3.45,2.75,2.69,3.41,2.66,Pinnacle,2.68,3.45,2.75,0.3731343283582089,0.2898550724637681,0.36363636363636365,1.0266257644583408,0.02662576445834075,0.3634570076809623,0.2823376175608635,0.3542053747581742,3,1,2,1,8,10,13,7,4,4,4,2,1,1,1,1,0,0,15,12,10,18,4,5,4,3,1,1
889,2023-11-27,2023_24,Fulham,Wolves,3,2,H,2.43,3.3,3.19,2.4,3.29,3.11,Pinnacle,2.43,3.3,3.19,0.4115226337448559,0.30303030303030304,0.31347962382445144,1.0280325605996103,0.028032560599610346,0.4003011670222111,0.2947672229890827,0.3049316099887063,1,0,3,1,9,18,12,12,5,3,6,5,1,1,2,1,1,2,17,10,6,11,4,3,2,2,1,1
890,2023-12-02,2023_24,Newcastle,Man United,1,0,H,2.0,3.78,3.79,2.0,3.76,3.68,Pinnacle,2.0,3.78,3.79,0.5,0.2645502645502646,0.2638522427440633,1.028402507294328,0.028402507294327917,0.4861909577753494,0.2572438930028304,0.2565651492218202,4,0,1,2,14,8,7,19,5,5,4,10,1,1,3,1,0,0,9,15,24,10,4,4,6,4,1,1
891,2023-12-02,2023_24,Nott'm Forest,Everton,0,1,A,2.88,3.16,2.76,2.84,3.16,2.71,Pinnacle,2.88,3.16,2.76,0.3472222222222222,0.3164556962025316,0.3623188405797102,1.025996759004464,0.025996759004464076,0.3384242875768299,0.3084373253864779,0.35313838703669215,2,2,3,3,18,10,11,16,5,5,5,6,1,1,0,3,3,2,24,8,9,13,6,4,4,4,1,1
892,2023-12-02,2023_24,Arsenal,Wolves,2,1,H,1.24,6.5,13.0,1.24,6.36,13.17,Pinnacle,1.24,6.5,13.0,0.8064516129032259,0.15384615384615385,0.07692307692307693,1.0372208436724566,0.037220843672456594,0.777511961722488,0.14832535885167464,0.07416267942583732,1,3,0,1,15,16,9,8,4,6,3,5,1,1,2,2,3,1,10,17,12,6,6,4,6,2,1,1
893,2023-12-02,2023_24,Brentford,Luton,3,1,H,1.54,4.43,6.38,1.53,4.39,6.34,Pinnacle,1.54,4.43,6.38,0.6493506493506493,0.22573363431151244,0.15673981191222572,1.0318240955743874,0.03182409557438737,0.6293230136181053,0.21877143137062804,0.15190555501126682,0,0,1,3,9,16,15,17,3,3,4,10,1,1,2,0,1,1,8,10,16,15,3,4,8,4,1,1
894,2023-12-02,2023_24,Burnley,Sheffield United,5,0,H,1.74,3.81,5.19,1.75,3.73,5.07,Pinnacle,1.74,3.81,5.19,0.5747126436781609,0.26246719160104987,0.19267822736030826,1.029858062639519,0.029858062639519067,0.5580503416220061,0.25485763633130987,0.1870920220466841,1,1,2,3,11,8,11,16,5,5,3,6,1,1,1,1,3,1,10,9,23,11,2,1,11,6,1,1
895,2023-12-03,2023_24,Bournemouth,Aston Villa,2,2,D,3.12,3.98,2.19,3.18,3.93,2.13,Pinnacle,3.12,3.98,2.19,0.3205128205128205,0.25125628140703515,0.4566210045662101,1.0283901064860657,0.028390106486065658,0.31166462852116456,0.24432001029799832,0.44401536118083723,3,2,1,0,23,19,10,8,11,10,2,5,1,1,2,3,1,1,15,12,18,9,5,6,8,5,1,1
896,2023-12-03,2023_24,Chelsea,Brighton,3,2,H,1.6,4.45,5.5,1.64,4.33,5.16,Pinnacle,1.6,4.45,5.5,0.625,0.2247191011235955,0.18181818181818182,1.0315372829417773,0.03153728294177727,0.6058918182943434,0.21784874365639312,0.17625943804926353,1,4,4,4,7,17,14,15,4,9,5,10,1,1,3,1,2,1,11,11,18,9,5,6,5,1,1,1
897,2023-12-03,2023_24,Liverpool,Fulham,4,3,H,1.23,7.04,11.81,1.24,6.82,11.43,Pinnacle,1.23,7.04,11.81,0.8130081300813008,0.14204545454545456,0.0846740050804403,1.0397275897071956,0.03972758970719559,0.7819434033776648,0.13661795257876816,0.08143864404356713,1,3,1,0,8,17,16,16,3,10,5,3,1,1,3,1,2,3,12,9,10,12,6,5,6,6,1,1
898,2023-12-03,2023_24,West Ham,Crystal Palace,1,1,D,1.94,3.58,4.26,1.95,3.55,4.13,Pinnacle,1.94,3.58,4.26,0.5154639175257733,0.27932960893854747,0.2347417840375587,1.0295353105018794,0.029535310501879408,0.5006762879016691,0.27131620070649104,0.2280075113918399,2,3,1,2,11,16,11,10,3,6,5,5,1,1,1,2,2,3,16,13,8,8,8,4,3,4,1,1
899,2023-12-03,2023_24,Man City,Tottenham,3,3,D,1.23,7.6,10.75,1.25,6.97,10.56,Pinnacle,1.23,7.6,10.75,0.8130081300813008,0.13157894736842105,0.09302325581395349,1.0376103332636752,0.037610333263675244,0.7835389683563425,0.12680959619451332,0.0896514354491443,1,4,1,4,16,15,8,17,5,10,3,9,1,1,1,1,2,2,18,6,15,17,8,2,5,4,1,1
900,2023-12-05,2023_24,Wolves,Burnley,1,0,H,1.95,3.65,4.13,1.93,3.61,4.12,Pinnacle,1.95,3.65,4.13,0.5128205128205129,0.273972602739726,0.24213075060532688,1.0289238661655657,0.028923866165565748,0.49840472136350866,0.26627101552297033,0.235324263113521,1,2,2,3,6,10,19,12,3,6,6,6,1,1,5,1,0,2,19,11,6,11,7,5,3,3,1,1
901,2023-12-05,2023_24,Luton,Arsenal,3,4,A,15.5,7.25,1.2,16.38,7.06,1.2,Pinnacle,15.5,7.25,1.2,0.06451612903225806,0.13793103448275862,0.8333333333333334,1.03578049684835,0.03578049684834994,0.06228745301592984,0.13316627886164312,0.8045462681224271,1,2,3,1,7,8,27,16,1,3,6,8,1,1,2,1,1,0,19,15,6,9,6,4,3,3,1,1
902,2023-12-06,2023_24,Man United,Chelsea,2,1,H,2.86,3.61,2.49,2.79,3.6,2.5,Pinnacle,2.86,3.61,2.49,0.3496503496503497,0.2770083102493075,0.4016064257028112,1.0282650856024684,0.02826508560246843,0.3400391149578777,0.26939386946801386,0.3905670155741084,0,3,1,0,8,9,22,24,1,4,4,6,1,1,3,1,2,4,8,7,18,14,5,4,9,5,1,1
903,2023-12-06,2023_24,Sheffield United,Liverpool,0,2,A,14.0,8.5,1.18,14.76,7.96,1.19,Pinnacle,14.0,8.5,1.18,0.07142857142857142,0.11764705882352941,0.8474576271186441,1.036533257370745,0.03653325737074509,0.06891102713844038,0.11350051528684299,0.8175884575747165,0,1,5,3,6,10,19,23,3,2,7,11,1,1,4,1,3,1,26,8,9,16,12,3,5,5,1,1
904,2023-12-06,2023_24,Aston Villa,Man City,1,0,H,5.12,4.33,1.64,5.19,4.25,1.65,Pinnacle,5.12,4.33,1.64,0.1953125,0.23094688221709006,0.6097560975609756,1.0360154797780656,0.03601547977806563,0.18852276226783762,0.22291837016427912,0.5885588675678833,2,2,2,1,11,15,15,18,3,5,7,8,1,1,3,1,3,1,18,16,8,8,4,5,4,3,1,1
905,2023-12-06,2023_24,Crystal Palace,Bournemouth,0,2,A,2.36,3.43,3.2,2.29,3.41,3.22,Pinnacle,2.36,3.43,3.2,0.42372881355932207,0.29154518950437314,0.3125,1.0277740030636953,0.027774003063695263,0.41227819763510976,0.28366663160899674,0.30405517075589344,1,1,1,2,9,16,9,8,2,8,3,3,1,1,2,3,2,1,15,23,11,10,7,11,3,2,1,1
906,2023-12-06,2023_24,Brighton,Brentford,2,1,H,1.76,4.1,4.57,1.77,4.05,4.45,Pinnacle,1.76,4.1,4.57,0.5681818181818182,0.24390243902439027,0.2188183807439825,1.0309026379501909,0.03090263795019088,0.5511498343932558,0.23659114842247078,0.21225901718427354,2,3,3,2,18,11,8,18,9,5,5,5,1,1,3,0,1,1,27,9,7,15,6,3,1,4,1,1
907,2023-12-06,2023_24,Fulham,Nott'm Forest,5,0,H,2.06,3.46,3.94,2.01,3.43,3.94,Pinnacle,2.06,3.46,3.94,0.4854368932038835,0.28901734104046245,0.25380710659898476,1.0282613408433305,0.02826134084333054,0.4720948594700171,0.281073818065964,0.2468313224640191,3,3,4,2,9,12,26,10,5,6,12,6,1,1,0,2,1,3,13,18,12,11,2,5,3,5,1,1
908,2023-12-07,2023_24,Everton,Newcastle,3,0,H,3.28,3.45,2.31,3.17,3.45,2.31,Pinnacle,3.28,3.45,2.31,0.3048780487804878,0.2898550724637681,0.4329004329004329,1.0276335541446888,0.02763355414468882,0.29667973330652997,0.2820607319551937,0.4212595347382763,1,0,0,3,12,24,13,9,3,6,2,4,1,1,1,4,0,1,22,14,8,7,4,5,1,4,1,1
909,2023-12-07,2023_24,Tottenham,West Ham,1,2,A,1.67,4.4,4.9,1.68,4.29,4.79,Pinnacle,1.67,4.4,4.9,0.5988023952095809,0.22727272727272727,0.2040816326530612,1.0301567551353694,0.030156755135369417,0.5812730851149874,0.22061955730500657,0.1981073575800059,3,1,3,2,8,18,18,15,4,8,4,5,1,1,1,2,1,1,9,11,9,11,3,3,2,5,1,1
910,2023-12-09,2023_24,Crystal Palace,Liverpool,1,2,A,6.65,4.7,1.5,6.59,4.62,1.49,Pinnacle,6.65,4.7,1.5,0.15037593984962405,0.2127659574468085,0.6666666666666666,1.0298085639630992,0.029808563963099166,0.14602319801159902,0.20660729080364543,0.6473695111847556,0,1,2,1,16,9,11,9,3,2,4,3,1,1,2,4,0,3,15,26,6,9,8,12,1,5,1,1
911,2023-12-09,2023_24,Brighton,Burnley,1,1,D,1.54,4.53,6.19,1.53,4.5,6.2,Pinnacle,1.54,4.53,6.19,0.6493506493506493,0.22075055187637968,0.16155088852988692,1.031652089756916,0.03165208975691591,0.6294279397075164,0.2139777101875442,0.15659435010493947,2,2,1,3,18,18,8,8,7,9,2,5,1,1,0,5,1,0,12,19,7,6,3,7,4,3,1,1
912,2023-12-09,2023_24,Man United,Bournemouth,0,3,A,1.67,4.48,4.78,1.66,4.41,4.74,Pinnacle,1.67,4.48,4.78,0.5988023952095809,0.2232142857142857,0.20920502092050208,1.0312217018443688,0.031221701844368788,0.5806728021128784,0.216456156144756,0.20287104174236545,2,0,1,1,28,8,13,22,9,1,3,4,1,1,2,2,0,2,11,15,16,11,4,7,3,3,1,1
913,2023-12-09,2023_24,Sheffield United,Brentford,1,0,H,4.71,3.91,1.78,4.61,3.86,1.78,Pinnacle,4.71,3.91,1.78,0.21231422505307856,0.2557544757033248,0.5617977528089888,1.029866453565392,0.02986645356539208,0.20615704523440673,0.24833751484758457,0.5455054399180088,0,0,2,5,6,6,15,19,1,3,8,7,1,1,1,3,2,1,8,27,18,7,2,6,7,1,1,1
914,2023-12-09,2023_24,Wolves,Nott'm Forest,1,1,D,1.99,3.34,4.42,1.92,3.37,4.53,Pinnacle,1.99,3.34,4.42,0.5025125628140703,0.29940119760479045,0.22624434389140272,1.0281581043102634,0.028158104310263443,0.4887502814084992,0.2912015149709322,0.22004820362056865,1,1,0,2,7,6,12,19,4,3,3,6,1,1,0,0,5,1,4,13,14,12,1,2,6,3,1,1
915,2023-12-09,2023_24,Aston Villa,Arsenal,1,0,H,3.65,3.87,2.02,3.62,3.72,2.03,Pinnacle,3.65,3.87,2.02,0.273972602739726,0.25839793281653745,0.49504950495049505,1.0274200405067586,0.027420040506758614,0.26666075406178896,0.2515017447869586,0.48183750115125235,1,2,0,2,22,11,2,15,7,3,2,7,1,1,4,2,3,1,23,19,6,6,9,6,4,3,1,1
916,2023-12-10,2023_24,Luton,Man City,1,2,A,16.0,7.8,1.18,15.25,7.38,1.19,Pinnacle,16.0,7.8,1.18,0.0625,0.12820512820512822,0.8474576271186441,1.0381627553237724,0.038162755323772446,0.060202506475497755,0.12349232097538002,0.8163051725491222,3,1,4,3,6,7,23,27,4,1,9,6,1,1,0,3,1,3,2,18,22,8,2,4,7,4,1,1
917,2023-12-10,2023_24,Everton,Chelsea,2,0,H,2.55,3.45,2.88,2.54,3.47,2.78,Pinnacle,2.55,3.45,2.88,0.3921568627450981,0.2898550724637681,0.3472222222222222,1.0292341574310884,0.02923415743108837,0.38101811906816224,0.2816220880069025,0.3373597929249353,3,1,0,0,21,12,13,13,6,3,3,2,1,1,1,3,2,2,13,8,28,18,3,5,9,9,1,1
918,2023-12-10,2023_24,Fulham,West Ham,5,0,H,2.19,3.6,3.41,2.22,3.54,3.26,Pinnacle,2.19,3.6,3.41,0.4566210045662101,0.2777777777777778,0.29325513196480935,1.0276539143087973,0.027653914308797267,0.4443334455387489,0.27030284603607224,0.28536370842517883,5,3,0,4,14,9,4,26,6,5,1,12,1,1,2,1,1,1,11,9,23,9,5,3,7,2,1,1
919,2023-12-10,2023_24,Tottenham,Newcastle,4,1,H,2.06,4.0,3.41,2.08,3.88,3.34,Pinnacle,2.06,4.0,3.41,0.4854368932038835,0.25,0.29325513196480935,1.0286920251686928,0.028692025168692847,0.47189720667298635,0.24302706143658795,0.28507573189042573,1,3,2,3,23,8,11,18,7,4,5,4,1,1,0,1,3,0,13,22,21,8,3,4,6,1,1,1
920,2023-12-15,2023_24,Nott'm Forest,Tottenham,0,2,A,5.14,4.19,1.68,5.06,4.17,1.66,Pinnacle,5.14,4.19,1.68,0.19455252918287938,0.2386634844868735,0.5952380952380952,1.028454108907848,0.028454108907848052,0.1891698691247212,0.2320604122436914,0.5787697186315874,1,0,1,5,8,4,10,14,2,1,4,6,1,1,4,1,1,2,23,23,9,11,12,7,3,5,1,1
921,2023-12-16,2023_24,Chelsea,Sheffield United,2,0,H,1.18,8.04,15.9,1.2,7.63,14.35,Pinnacle,1.18,8.04,15.9,0.8474576271186441,0.12437810945273634,0.06289308176100629,1.0347288183323868,0.034728818332386835,0.8190142306893926,0.12020358112108002,0.06078218818952725,0,1,2,2,16,13,9,28,4,3,5,9,1,1,1,0,0,2,9,6,10,15,4,1,4,8,1,1
922,2023-12-16,2023_24,Man City,Crystal Palace,2,2,D,1.18,7.6,20.24,1.18,7.38,18.26,Pinnacle,1.18,7.6,20.24,0.8474576271186441,0.13157894736842105,0.049407114624505935,1.0284436891115711,0.028443689111571135,0.824019473395502,0.1279398656061437,0.04804066099835436,2,0,1,1,18,2,4,22,6,2,2,7,1,1,1,0,2,2,8,16,14,11,4,3,2,4,1,1
923,2023-12-16,2023_24,Newcastle,Fulham,3,0,H,1.92,3.83,4.07,1.89,3.78,4.08,Pinnacle,1.92,3.83,4.07,0.5208333333333334,0.2610966057441253,0.24570024570024568,1.0276301847777043,0.027630184777704292,0.5068295395059842,0.25407642711527145,0.23909403337874438,1,0,4,3,9,13,23,21,3,3,12,6,1,1,5,5,0,0,14,14,9,4,8,6,5,1,1,1
924,2023-12-16,2023_24,Burnley,Everton,0,2,A,3.28,3.57,2.26,3.3,3.48,2.22,Pinnacle,3.28,3.57,2.26,0.3048780487804878,0.2801120448179272,0.4424778761061947,1.0274679697046096,0.02746796970460963,0.29672754554882935,0.2726236272829581,0.43064882716821257,1,0,1,1,6,12,29,7,3,3,11,4,1,1,2,3,0,0,9,21,16,13,5,6,4,3,1,1
925,2023-12-17,2023_24,Arsenal,Brighton,2,0,H,1.47,4.88,6.82,1.48,4.76,6.66,Pinnacle,1.47,4.88,6.82,0.6802721088435374,0.20491803278688525,0.14662756598240467,1.0318177076128272,0.031817707612827206,0.659294857826571,0.1985990657797253,0.14210607639370373,0,4,1,3,12,23,10,6,5,9,3,4,1,1,1,2,1,1,29,18,6,8,11,7,3,2,1,1
926,2023-12-17,2023_24,Brentford,Aston Villa,1,2,A,3.18,3.46,2.36,3.18,3.46,2.29,Pinnacle,3.18,3.46,2.36,0.31446540880503143,0.28901734104046245,0.42372881355932207,1.027211563404816,0.027211563404816008,0.30613499692575313,0.281361066538698,0.4125039365355488,0,1,1,2,10,8,9,18,4,2,4,7,1,1,1,1,0,0,10,22,12,2,3,7,5,2,1,1
927,2023-12-17,2023_24,West Ham,Wolves,3,0,H,1.9,3.65,4.34,1.96,3.6,4.0,Pinnacle,1.9,3.65,4.34,0.5263157894736842,0.273972602739726,0.2304147465437788,1.030703138757189,0.030703138757188997,0.5106376120172781,0.26581135968022696,0.22355102830249501,0,2,5,1,9,11,14,23,5,5,8,7,1,1,1,1,1,0,10,7,8,12,4,4,2,3,1,1
928,2023-12-17,2023_24,Liverpool,Man United,0,0,D,1.33,6.1,8.5,1.35,5.88,7.97,Pinnacle,1.33,6.1,8.5,0.7518796992481203,0.1639344262295082,0.11764705882352941,1.0334611843011579,0.033461184301157854,0.7275354998035584,0.15862659258012013,0.1138379076163215,2,2,1,0,14,15,8,6,2,8,4,1,1,1,0,2,3,1,20,28,10,13,3,9,4,3,1,1
929,2023-12-21,2023_24,Crystal Palace,Brighton,1,1,D,3.23,3.37,2.38,3.24,3.33,2.3,Pinnacle,3.23,3.37,2.38,0.30959752321981426,0.29673590504451036,0.42016806722689076,1.0265014954912155,0.0265014954912155,0.30160455155660676,0.28907498561656964,0.40932046282682344,2,1,2,2,5,8,19,14,2,4,9,2,1,1,0,1,2,1,6,29,26,6,1,11,9,3,1,1
930,2023-12-22,2023_24,Aston Villa,Sheffield United,1,1,D,1.22,7.3,12.5,1.22,7.15,12.8,Pinnacle,1.22,7.3,12.5,0.819672131147541,0.136986301369863,0.08,1.036658432517404,0.03665843251740397,0.790686792714417,0.13214217631665598,0.07717103096892709,2,1,1,0,15,10,4,12,5,3,3,5,1,1,0,1,2,0,6,9,15,10,1,4,6,4,1,1
931,2023-12-23,2023_24,Liverpool,Arsenal,1,1,D,2.52,3.66,2.8,2.47,3.63,2.79,Pinnacle,2.52,3.66,2.8,0.3968253968253968,0.27322404371584696,0.35714285714285715,1.027192297684101,0.02719229768410103,0.38632045598480047,0.265991133628879,0.3476884103863204,0,2,0,1,34,14,6,8,8,2,1,4,1,1,2,0,0,1,26,12,6,10,9,5,1,3,1,1
932,2023-12-23,2023_24,Tottenham,Everton,2,1,H,1.7,4.29,4.76,1.71,4.25,4.57,Pinnacle,1.7,4.29,4.76,0.5882352941176471,0.2331002331002331,0.21008403361344538,1.0314195608313255,0.031419560831325466,0.5703162092868674,0.2259994302535372,0.2036843604595955,2,4,0,1,12,23,15,9,6,12,1,3,1,1,2,2,0,0,9,9,14,16,6,5,2,4,1,1
933,2023-12-23,2023_24,Nott'm Forest,Bournemouth,2,3,A,2.94,3.45,2.52,2.86,3.45,2.49,Pinnacle,2.94,3.45,2.52,0.3401360544217687,0.2898550724637681,0.3968253968253968,1.0268165237109337,0.026816523710933682,0.3312530004800768,0.28228516562650025,0.3864618338934229,0,1,2,1,15,8,12,10,1,2,6,4,1,1,3,2,0,0,10,11,20,16,4,4,3,3,1,1
934,2023-12-23,2023_24,Fulham,Burnley,0,2,A,1.71,3.93,5.24,1.71,3.86,5.06,Pinnacle,1.71,3.93,5.24,0.5847953216374269,0.2544529262086514,0.19083969465648853,1.0300879425025669,0.030087942502566856,0.5677139761646803,0.24702058504875407,0.18526543878656554,0,5,3,0,6,14,27,9,4,8,10,5,1,1,0,1,2,1,14,6,9,29,2,3,6,11,1,1
935,2023-12-23,2023_24,West Ham,Man United,2,0,H,2.1,3.89,3.39,2.19,3.77,3.16,Pinnacle,2.1,3.89,3.39,0.47619047619047616,0.2570694087403599,0.2949852507374631,1.0282451356682991,0.028245135668299115,0.4631098749433716,0.25000790164038056,0.2868822234162479,3,0,0,5,13,9,14,14,4,5,3,8,1,1,0,0,0,3,6,20,34,10,1,3,8,4,1,1
936,2023-12-23,2023_24,Luton,Newcastle,1,0,H,5.32,4.12,1.67,5.3,4.15,1.63,Pinnacle,5.32,4.12,1.67,0.18796992481203006,0.24271844660194175,0.5988023952095809,1.0294907666235527,0.029490766623552656,0.18258534307065216,0.23576554008152176,0.5816491168478262,1,3,2,4,4,6,18,23,2,4,6,9,1,1,3,1,0,4,27,9,6,23,10,3,4,12,1,1
937,2023-12-24,2023_24,Wolves,Chelsea,2,1,H,3.34,3.65,2.2,3.26,3.65,2.17,Pinnacle,3.34,3.65,2.2,0.29940119760479045,0.273972602739726,0.45454545454545453,1.027919254889971,0.027919254889970935,0.29126917915049516,0.26653124886648044,0.4421995719830244,0,1,3,1,14,10,13,8,3,4,4,2,1,1,2,0,0,2,15,16,6,9,6,4,1,5,1,1
938,2023-12-26,2023_24,Newcastle,Nott'm Forest,1,3,A,1.4,5.15,8.1,1.41,4.95,7.64,Pinnacle,1.4,5.15,8.1,0.7142857142857143,0.1941747572815534,0.1234567901234568,1.0319172616907246,0.03191726169072462,0.6921928150667883,0.1881689206006803,0.11963826433253132,0,3,1,0,15,27,16,6,2,10,5,4,1,1,2,0,3,2,11,15,18,12,5,1,7,6,1,1
939,2023-12-26,2023_24,Bournemouth,Fulham,3,0,H,1.92,3.9,3.97,1.95,3.85,3.74,Pinnacle,1.92,3.9,3.97,0.5208333333333334,0.25641025641025644,0.2518891687657431,1.0291327585093328,0.029132758509332835,0.5060895487261958,0.2491517778344349,0.24475867343936927,3,3,2,0,18,10,11,20,7,4,5,3,1,1,0,0,2,3,19,6,7,27,5,4,2,10,1,1
940,2023-12-26,2023_24,Sheffield United,Luton,2,3,A,2.46,3.29,3.15,2.46,3.25,3.07,Pinnacle,2.46,3.29,3.15,0.4065040650406504,0.303951367781155,0.31746031746031744,1.0279157502821228,0.027915750282122787,0.3954643801586666,0.2956967705745653,0.3088388492667682,1,0,1,2,5,6,12,15,2,1,4,6,1,1,1,1,0,2,16,4,15,18,5,2,2,6,1,1
941,2023-12-26,2023_24,Burnley,Liverpool,0,2,A,7.85,5.65,1.38,7.69,5.28,1.38,Pinnacle,7.85,5.65,1.38,0.12738853503184713,0.17699115044247787,0.7246376811594204,1.0290173666337454,0.029017366633745434,0.12379629262096613,0.17200015877426267,0.7042035486047712,2,0,0,2,7,14,19,9,2,2,5,6,1,1,1,0,1,0,13,34,13,6,3,8,2,1,1,1
942,2023-12-26,2023_24,Man United,Aston Villa,3,2,H,2.35,3.77,2.98,2.34,3.75,2.91,Pinnacle,2.35,3.77,2.98,0.425531914893617,0.26525198938992045,0.33557046979865773,1.0263543740821952,0.02635437408219521,0.41460525296064893,0.25844094017440983,0.32695380686494124,0,0,2,0,11,6,12,34,3,1,5,8,1,1,1,2,1,1,12,15,5,4,4,5,2,3,1,1
943,2023-12-27,2023_24,Brentford,Wolves,1,4,A,2.25,3.39,3.46,2.22,3.41,3.39,Pinnacle,2.25,3.39,3.46,0.4444444444444444,0.2949852507374631,0.28901734104046245,1.0284470362223699,0.02844703622236988,0.432151028483636,0.2868259038608204,0.2810230676555437,1,0,2,1,4,10,15,9,3,4,5,4,1,1,2,0,1,3,14,14,16,13,6,3,5,4,1,1
944,2023-12-27,2023_24,Chelsea,Crystal Palace,2,1,H,1.81,3.76,4.72,1.78,3.75,4.7,Pinnacle,1.81,3.76,4.72,0.5524861878453039,0.26595744680851063,0.21186440677966104,1.0303080414334755,0.03030804143347554,0.5362339859801789,0.2581339134638627,0.20563210055595843,1,2,2,0,16,15,14,6,5,6,6,1,1,1,1,2,1,2,11,5,18,19,3,2,6,9,1,1
945,2023-12-27,2023_24,Everton,Man City,1,3,A,5.5,3.97,1.68,5.65,4.02,1.62,Pinnacle,5.5,3.97,1.68,0.18181818181818182,0.2518891687657431,0.5952380952380952,1.0289454458220202,0.028945445822020188,0.17670342247632773,0.24480323013093264,0.5784933473927396,1,2,2,0,18,9,13,14,8,6,6,2,1,1,2,2,2,1,19,18,5,4,9,6,2,2,1,1
946,2023-12-28,2023_24,Brighton,Tottenham,4,2,H,2.48,3.92,2.71,2.5,3.82,2.65,Pinnacle,2.48,3.92,2.71,0.40322580645161293,0.25510204081632654,0.36900369003690037,1.02733153730484,0.027331537304839948,0.3924982265310948,0.24831520454008038,0.3591865689288247,1,0,1,2,18,6,11,26,6,1,3,9,1,1,2,2,1,0,13,12,18,15,6,6,8,1,1,1
947,2023-12-28,2023_24,Arsenal,West Ham,0,2,A,1.29,6.09,10.81,1.3,5.97,10.13,Pinnacle,1.29,6.09,10.81,0.7751937984496123,0.16420361247947454,0.09250693802035152,1.0319043489494384,0.03190434894943839,0.7512264089581772,0.15912677628178137,0.0896468147600415,1,2,1,0,13,26,13,6,2,9,3,1,1,1,2,3,0,0,12,13,11,14,5,4,3,3,1,1
948,2023-12-30,2023_24,Wolves,Everton,3,0,H,2.97,3.24,2.61,2.88,3.26,2.6,Pinnacle,2.97,3.24,2.61,0.33670033670033667,0.30864197530864196,0.3831417624521073,1.028484074461086,0.028484074461085918,0.3273753527751646,0.30009407337723426,0.37253057384760113,4,2,1,1,11,14,14,16,5,6,4,5,1,1,1,1,3,2,7,18,23,13,2,8,9,6,1,1
949,2023-12-30,2023_24,Nott'm Forest,Man United,2,1,H,3.31,3.66,2.21,3.25,3.64,2.18,Pinnacle,3.31,3.66,2.21,0.3021148036253776,0.27322404371584696,0.45248868778280543,1.02782753512403,0.027827535124030023,0.2939353085037957,0.26582674075070045,0.4402379507455039,3,2,1,3,15,11,19,18,6,5,7,7,1,1,3,0,2,2,13,11,10,12,7,3,4,5,1,1
950,2023-12-30,2023_24,Man City,Sheffield United,2,0,H,1.07,14.0,36.0,1.08,12.46,30.83,Pinnacle,1.07,14.0,36.0,0.9345794392523364,0.07142857142857142,0.027777777777777776,1.0337857884586856,0.03378578845868563,0.9040358744394619,0.06909417040358744,0.026869955156950672,3,2,1,2,23,19,7,5,9,9,2,2,1,1,2,1,3,1,21,5,12,12,6,2,4,4,1,1
951,2023-12-30,2023_24,Aston Villa,Burnley,3,2,H,1.41,5.3,7.94,1.4,5.17,7.55,Pinnacle,1.41,5.3,7.94,0.7092198581560284,0.18867924528301888,0.12594458438287154,1.0238436878219188,0.023843687821918813,0.6927032579209355,0.18428520635255077,0.12301153572651373,2,1,3,1,10,12,13,5,4,4,7,2,1,1,0,2,2,0,9,7,19,19,0,2,10,5,1,1
952,2023-12-30,2023_24,Crystal Palace,Brentford,3,1,H,2.15,3.27,3.89,2.12,3.29,3.78,Pinnacle,2.15,3.27,3.89,0.46511627906976744,0.3058103975535168,0.2570694087403599,1.027996085363644,0.027996085363644063,0.4524494652187677,0.29748206428756896,0.2500684704936634,1,1,2,1,13,11,9,18,5,3,4,6,1,1,1,1,4,2,14,4,11,15,4,3,5,5,1,1
953,2023-12-30,2023_24,Luton,Chelsea,2,3,A,5.55,4.6,1.58,5.5,4.46,1.58,Pinnacle,5.55,4.6,1.58,0.1801801801801802,0.2173913043478261,0.6329113924050632,1.0304828769330694,0.03048287693306939,0.17485024177833383,0.21096061779777234,0.6141891404238939,3,1,2,0,12,16,21,15,4,5,6,2,1,1,2,1,1,2,9,16,13,14,4,5,5,6,1,1
954,2023-12-31,2023_24,Fulham,Arsenal,2,1,H,5.78,4.22,1.61,5.92,4.22,1.58,Pinnacle,5.78,4.22,1.61,0.17301038062283736,0.23696682464454977,0.6211180124223602,1.0310952176897472,0.031095217689747212,0.16779282616641478,0.22982050598148757,0.6023866678520978,0,0,3,2,8,19,16,7,3,5,4,2,1,1,0,1,2,1,30,13,6,13,8,2,3,3,1,1
955,2023-12-31,2023_24,Tottenham,Bournemouth,3,1,H,1.79,4.59,3.92,1.76,4.49,3.98,Pinnacle,1.79,4.59,3.92,0.5586592178770949,0.2178649237472767,0.25510204081632654,1.0316261824406983,0.03162618244069826,0.5415326087937951,0.21118591933352795,0.24728147187267685,2,2,4,1,19,13,15,18,3,6,9,8,1,1,3,3,0,2,16,18,8,11,4,7,3,5,1,1
956,2024-01-01,2023_24,Liverpool,Newcastle,4,2,H,1.38,5.7,7.75,1.38,5.47,7.49,Pinnacle,1.38,5.7,7.75,0.7246376811594204,0.17543859649122806,0.12903225806451613,1.0291085357151646,0.029108535715164585,0.7041411629686305,0.17047628156082628,0.12538255547054322,2,1,0,1,19,13,9,13,10,3,0,2,1,1,1,0,3,1,19,15,15,16,7,2,6,5,1,1
957,2024-01-02,2023_24,West Ham,Brighton,0,0,D,3.19,3.65,2.27,3.03,3.63,2.3,Pinnacle,3.19,3.65,2.27,0.31347962382445144,0.273972602739726,0.44052863436123346,1.0279808609254109,0.027980860925410855,0.3049469457459064,0.2665152758710798,0.4285377783830138,2,2,0,0,6,12,30,11,3,5,8,3,1,1,4,1,2,1,15,18,19,11,9,6,3,3,1,1
958,2024-01-12,2023_24,Burnley,Luton,1,1,D,2.18,3.47,3.6,2.15,3.46,3.5,Pinnacle,2.18,3.47,3.6,0.4587155963302752,0.2881844380403458,0.2777777777777778,1.0246778121483988,0.024677812148398814,0.4476681264020986,0.28124395260996393,0.2710879209879375,2,0,3,2,9,9,19,19,5,0,7,10,1,1,2,3,3,2,15,12,12,21,6,4,8,6,1,1
959,2024-01-13,2023_24,Chelsea,Fulham,1,0,H,1.67,4.15,5.3,1.64,4.16,5.26,Pinnacle,1.67,4.15,5.3,0.5988023952095809,0.24096385542168672,0.18867924528301888,1.0284454959142866,0.028445495914286578,0.5822402816565855,0.23429910129313192,0.18346061705028258,3,2,2,1,12,9,15,13,8,4,6,5,1,1,2,0,1,3,15,8,13,16,4,3,3,4,1,1
960,2024-01-13,2023_24,Newcastle,Man City,2,3,A,5.1,4.25,1.67,4.89,4.13,1.68,Pinnacle,5.1,4.25,1.67,0.19607843137254904,0.23529411764705882,0.5988023952095809,1.0301749442291888,0.03017494422918876,0.19033508092090268,0.2284020971050832,0.5812628219740141,2,1,4,3,5,19,34,15,3,7,15,6,1,1,2,3,0,1,18,23,4,7,4,9,2,2,1,1
961,2024-01-14,2023_24,Everton,Aston Villa,0,0,D,2.55,3.61,2.79,2.55,3.54,2.75,Pinnacle,2.55,3.61,2.79,0.3921568627450981,0.2770083102493075,0.35842293906810035,1.0275881120625059,0.027588112062505887,0.38162845418480673,0.26957134575381086,0.34880020006138246,0,1,3,3,10,7,12,23,0,2,6,9,1,1,3,2,2,3,19,10,9,13,7,4,5,7,1,1
962,2024-01-14,2023_24,Man United,Tottenham,2,2,D,1.99,4.02,3.59,2.04,3.97,3.34,Pinnacle,1.99,4.02,3.59,0.5025125628140703,0.24875621890547267,0.2785515320334262,1.0298203137529691,0.02982031375296912,0.4879614007445301,0.24155303171184456,0.27048556754362535,1,3,2,2,10,13,8,10,5,7,2,4,1,1,3,2,1,4,12,19,24,15,6,3,4,9,1,1
963,2024-01-20,2023_24,Arsenal,Crystal Palace,5,0,H,1.27,6.15,12.65,1.26,5.91,12.35,Pinnacle,1.27,6.15,12.65,0.7874015748031495,0.16260162601626016,0.07905138339920949,1.0290545842186192,0.029054584218619173,0.7651698820243229,0.1580106910846976,0.07681942689097947,1,0,2,2,13,30,15,6,3,8,4,3,1,1,3,1,1,2,13,13,9,9,6,5,4,4,1,1
964,2024-01-20,2023_24,Brentford,Nott'm Forest,3,2,H,1.78,3.86,4.81,1.78,3.8,4.66,Pinnacle,1.78,3.86,4.81,0.5617977528089888,0.2590673575129534,0.2079002079002079,1.0287653182221501,0.028765318222150116,0.5460893197487,0.2518235723193487,0.20208710793195134,1,1,3,4,9,14,13,11,4,4,6,5,1,1,2,3,1,1,8,15,10,19,2,6,5,7,1,1
965,2024-01-21,2023_24,Bournemouth,Liverpool,0,4,A,4.49,4.46,1.71,4.38,4.4,1.7,Pinnacle,4.49,4.46,1.71,0.22271714922048996,0.2242152466367713,0.5847953216374269,1.0317277174946882,0.03172771749468817,0.21586814567830648,0.21732017356403502,0.5668116807576585,1,3,3,0,24,16,12,8,4,4,6,3,1,1,4,2,2,0,34,19,5,9,15,10,3,0,1,1
966,2024-01-21,2023_24,Sheffield United,West Ham,2,2,D,2.82,3.35,2.67,2.83,3.34,2.56,Pinnacle,2.82,3.35,2.67,0.3546099290780142,0.29850746268656714,0.37453183520599254,1.027649226970574,0.027649226970573926,0.34506903695473534,0.290476025138016,0.3644549379072486,0,2,2,3,4,21,18,12,2,6,4,4,1,1,0,2,0,0,6,6,22,30,2,3,8,8,1,1
967,2024-01-22,2023_24,Brighton,Wolves,0,0,D,1.67,4.25,5.15,1.66,4.16,5.0,Pinnacle,1.67,4.25,5.15,0.5988023952095809,0.23529411764705882,0.1941747572815534,1.028271270138193,0.028271270138193083,0.5823389338973807,0.22882494579026486,0.1888361203123545,0,4,0,2,22,15,6,19,8,9,2,3,1,1,3,4,0,1,12,11,10,14,6,5,0,4,1,1
968,2024-01-30,2023_24,Nott'm Forest,Arsenal,1,2,A,9.02,5.14,1.38,8.78,5.04,1.38,Pinnacle,9.02,5.14,1.38,0.11086474501108648,0.19455252918287938,0.7246376811594204,1.0300549553533862,0.030054955353386203,0.10762993220400706,0.18887587324516414,0.7034941945508288,2,2,3,1,12,8,11,10,3,2,5,5,1,1,5,1,0,2,21,13,12,15,6,3,5,4,1,1
969,2024-01-30,2023_24,Fulham,Everton,0,0,D,2.23,3.27,3.64,2.25,3.27,3.46,Pinnacle,2.23,3.27,3.64,0.4484304932735426,0.3058103975535168,0.2747252747252747,1.0289661655523341,0.02896616555233411,0.43580684019170995,0.29720160661391837,0.2669915531943717,0,2,1,1,14,15,17,13,4,4,3,3,1,1,0,0,0,3,10,10,16,12,2,0,5,6,1,1
970,2024-01-30,2023_24,Luton,Brighton,4,0,H,4.29,3.99,1.83,4.22,4.03,1.8,Pinnacle,4.29,3.99,1.83,0.2331002331002331,0.2506265664160401,0.5464480874316939,1.0301748869479672,0.030174886947967217,0.22627248640356992,0.24328545530609397,0.530442058290336,1,2,1,3,14,15,13,12,5,6,7,8,1,1,0,0,0,0,11,22,8,6,4,8,3,2,1,1
971,2024-01-30,2023_24,Crystal Palace,Sheffield United,3,2,H,1.61,4.01,6.2,1.61,3.95,6.02,Pinnacle,1.61,4.01,6.2,0.6211180124223602,0.24937655860349128,0.16129032258064516,1.0317848936064966,0.03178489360649661,0.6019840145665507,0.24169433003794183,0.15632165539550752,0,3,5,1,12,13,21,9,5,6,6,4,1,1,2,0,2,2,21,4,16,18,6,2,5,4,1,1
972,2024-01-30,2023_24,Aston Villa,Newcastle,1,3,A,1.86,4.08,4.06,1.88,4.02,3.89,Pinnacle,1.86,4.08,4.06,0.5376344086021505,0.24509803921568626,0.24630541871921185,1.0290378665370485,0.02903786653704854,0.5224631921577533,0.23818174936603462,0.23935505847621216,0,3,0,2,16,19,10,9,5,7,2,5,1,1,2,2,3,4,12,5,27,34,5,3,11,15,1,1
973,2024-01-31,2023_24,Man City,Burnley,3,1,H,1.11,11.5,23.0,1.11,10.59,22.43,Pinnacle,1.11,11.5,23.0,0.9009009009009008,0.08695652173913043,0.043478260869565216,1.0313356835095964,0.03133568350959637,0.8735282947208508,0.08431447018609951,0.04215723509304976,3,2,2,0,27,18,12,4,11,4,5,2,1,1,1,2,1,3,13,9,14,19,7,5,5,7,1,1
974,2024-01-31,2023_24,Tottenham,Brentford,3,2,H,1.62,4.56,5.18,1.63,4.46,4.97,Pinnacle,1.62,4.56,5.18,0.6172839506172839,0.2192982456140351,0.19305019305019305,1.029632389281512,0.029632389281512017,0.599518776840374,0.2129869338775013,0.18749428928212472,2,3,2,1,16,12,9,24,6,6,2,4,1,1,3,1,2,3,11,9,12,13,5,4,3,6,1,1
975,2024-01-31,2023_24,Liverpool,Chelsea,4,1,H,1.66,4.46,4.89,1.65,4.4,4.84,Pinnacle,1.66,4.46,4.89,0.6024096385542169,0.2242152466367713,0.20449897750511248,1.0311238626961008,0.03112386269610079,0.5842262606347641,0.21744744229903776,0.19832629706619803,4,4,0,2,14,34,11,5,7,15,1,3,1,1,1,3,0,2,17,12,14,15,3,8,4,6,1,1
976,2024-02-01,2023_24,West Ham,Bournemouth,1,1,D,2.51,3.54,2.89,2.42,3.58,2.85,Pinnacle,2.51,3.54,2.89,0.39840637450199207,0.2824858757062147,0.3460207612456747,1.0269130114538814,0.026913011453881364,0.3879650662308163,0.2750825752088556,0.33695235856032824,2,0,2,0,16,6,21,22,5,2,6,8,1,1,0,1,4,3,11,24,14,12,1,4,7,6,1,1
977,2024-02-01,2023_24,Wolves,Man United,3,4,A,3.01,3.46,2.46,2.92,3.5,2.43,Pinnacle,3.01,3.46,2.46,0.33222591362126247,0.28901734104046245,0.4065040650406504,1.0277473197023754,0.027747319702375428,0.3232564145411457,0.2812143953089158,0.3955291901499384,0,3,0,0,8,12,11,10,3,6,4,0,1,1,2,1,2,2,9,10,16,8,2,5,6,2,1,1
978,2024-02-03,2023_24,Sheffield United,Aston Villa,0,5,A,5.35,4.3,1.64,5.17,4.27,1.64,Pinnacle,5.35,4.3,1.64,0.1869158878504673,0.23255813953488372,0.6097560975609756,1.0292301249463267,0.029230124946326708,0.18160747856094359,0.2259534907676856,0.5924390306713707,2,2,3,2,9,21,12,16,5,6,4,5,1,1,1,0,3,0,12,16,14,10,6,5,5,2,1,1
979,2024-02-03,2023_24,Newcastle,Luton,4,4,D,1.54,4.69,5.92,1.53,4.61,5.91,Pinnacle,1.54,4.69,5.92,0.6493506493506493,0.21321961620469082,0.16891891891891891,1.031489184474259,0.03148918447425908,0.6295273466019109,0.2067104720185379,0.16376218137955115,3,2,1,3,14,12,12,27,5,5,6,11,1,1,4,1,0,1,18,14,9,13,8,5,2,7,1,1
980,2024-02-03,2023_24,Brighton,Crystal Palace,4,1,H,1.74,3.82,5.23,1.72,3.81,5.17,Pinnacle,1.74,3.82,5.23,0.5747126436781609,0.2617801047120419,0.19120458891013384,1.0276973373003366,0.027697337300336633,0.559223637951497,0.25472490315068186,0.18605145889782118,0,0,4,0,9,11,18,8,2,4,8,3,1,1,3,0,2,5,12,12,9,21,4,5,5,6,1,1
981,2024-02-03,2023_24,Everton,Tottenham,2,2,D,3.1,3.74,2.28,3.1,3.73,2.22,Pinnacle,3.1,3.74,2.28,0.3225806451612903,0.267379679144385,0.4385964912280702,1.0285568155337454,0.02855681553374545,0.3136245273858738,0.2599561590631574,0.42641931355096885,0,0,0,0,21,10,25,16,4,2,6,5,1,1,3,2,2,2,19,16,9,9,5,6,5,2,1,1
982,2024-02-03,2023_24,Burnley,Fulham,2,2,D,2.97,3.28,2.59,2.91,3.31,2.54,Pinnacle,2.97,3.28,2.59,0.33670033670033667,0.3048780487804878,0.3861003861003861,1.0276787715812106,0.02767877158121057,0.327631888495937,0.29666667952223563,0.37570143198182737,1,1,3,1,8,13,14,14,3,7,4,5,1,1,0,0,0,1,25,14,21,17,6,4,4,3,1,1
983,2024-02-04,2023_24,Bournemouth,Nott'm Forest,1,1,D,1.66,4.37,5.01,1.66,4.34,4.93,Pinnacle,1.66,4.37,5.01,0.6024096385542169,0.22883295194508008,0.1996007984031936,1.0308433889024906,0.03084338890249061,0.5843852180063794,0.22198614688571847,0.19362863510790215,1,0,1,4,9,11,9,14,4,1,3,7,1,1,1,2,2,3,9,12,19,11,3,3,3,5,1,1
984,2024-02-04,2023_24,Chelsea,Wolves,2,4,A,1.54,4.63,6.02,1.54,4.48,5.92,Pinnacle,1.54,4.63,6.02,0.6493506493506493,0.2159827213822894,0.16611295681063123,1.03144632754357,0.03144632754356991,0.6295535036681003,0.20939792562610676,0.1610485707057931,1,1,4,0,4,17,28,14,3,3,13,4,1,1,3,0,4,0,16,8,21,11,7,3,8,4,1,1
985,2024-02-04,2023_24,Man United,West Ham,3,0,H,1.56,4.59,5.9,1.55,4.49,5.82,Pinnacle,1.56,4.59,5.9,0.641025641025641,0.2178649237472767,0.1694915254237288,1.0283820901966465,0.028382090196646503,0.6233341159248159,0.21185211783065644,0.16481376624452762,4,2,3,2,21,9,16,16,8,2,7,6,1,1,1,2,1,2,9,16,9,21,3,5,4,6,1,1
986,2024-02-04,2023_24,Arsenal,Liverpool,3,1,H,2.2,3.75,3.26,2.21,3.65,3.2,Pinnacle,2.2,3.75,3.26,0.45454545454545453,0.26666666666666666,0.3067484662576687,1.02796058746979,0.02796058746978991,0.4421817918761529,0.2594133179006764,0.2984048902231707,2,5,1,0,19,21,9,12,3,6,3,5,1,1,4,4,1,0,28,14,4,11,13,7,3,1,1,1
987,2024-02-05,2023_24,Brentford,Man City,1,3,A,7.8,5.4,1.39,7.9,5.41,1.37,Pinnacle,7.8,5.4,1.39,0.12820512820512822,0.18518518518518517,0.7194244604316548,1.0328147738219682,0.03281477382196818,0.12413177217701925,0.1793014487001389,0.6965667791228418,2,3,3,2,9,11,19,12,5,5,5,3,1,1,3,3,1,2,14,27,8,12,4,11,3,5,1,1
988,2024-02-10,2023_24,Nott'm Forest,Newcastle,2,3,A,3.32,3.79,2.16,3.24,3.77,2.15,Pinnacle,3.32,3.79,2.16,0.30120481927710846,0.2638522427440633,0.4629629629629629,1.0280200249841347,0.028020024984134695,0.29299508954775166,0.25666060614737085,0.4503443043048775,1,1,1,2,8,9,9,19,6,3,2,3,1,1,4,3,4,1,19,14,11,12,6,5,8,6,1,1
989,2024-02-10,2023_24,Wolves,Brentford,0,2,A,2.27,3.54,3.28,2.2,3.58,3.27,Pinnacle,2.27,3.54,3.28,0.44052863436123346,0.2824858757062147,0.3048780487804878,1.027892558847936,0.027892558847935955,0.4285745923241033,0.2748204306711058,0.296604977004791,4,3,2,4,14,16,15,21,7,7,6,8,1,1,1,2,3,3,9,9,25,19,3,5,15,5,1,1
990,2024-02-10,2023_24,Luton,Sheffield United,1,3,A,1.72,4.05,4.96,1.71,3.98,4.87,Pinnacle,1.72,4.05,4.96,0.5813953488372093,0.2469135802469136,0.20161290322580647,1.0299218323099293,0.029921832309929286,0.5645043445027709,0.23974011667771997,0.19575553881950924,4,4,4,0,11,18,19,9,8,8,6,2,1,1,0,2,5,3,10,9,14,12,5,5,10,4,1,1
991,2024-02-10,2023_24,Tottenham,Brighton,2,1,H,1.72,4.64,4.27,1.74,4.51,4.09,Pinnacle,1.72,4.64,4.27,0.5813953488372093,0.21551724137931036,0.234192037470726,1.0311046276872458,0.031104627687245756,0.5638567932153224,0.2090158802436109,0.22712732654106663,2,3,2,2,9,19,14,9,6,5,5,5,1,1,4,0,1,4,13,9,7,18,6,2,5,8,1,1
992,2024-02-10,2023_24,Fulham,Bournemouth,3,1,H,2.64,3.5,2.76,2.56,3.53,2.75,Pinnacle,2.64,3.5,2.76,0.3787878787878788,0.2857142857142857,0.3623188405797102,1.0268210050818747,0.026821005081874683,0.3688937769223719,0.2782513060214462,0.3528549170561819,2,0,2,0,15,25,12,21,7,6,4,4,1,1,1,1,1,1,9,9,8,9,2,4,6,3,1,1
993,2024-02-10,2023_24,Man City,Everton,2,0,H,1.24,6.85,12.25,1.24,6.82,12.04,Pinnacle,1.24,6.85,12.25,0.8064516129032259,0.14598540145985403,0.08163265306122448,1.0340696674243044,0.034069667424304395,0.7798813158420581,0.14117559586046016,0.07894308829748178,3,3,1,1,25,14,9,8,15,4,3,3,1,1,2,0,2,0,14,21,9,25,5,4,6,6,1,1
994,2024-02-10,2023_24,Liverpool,Burnley,3,1,H,1.16,9.27,15.41,1.16,8.52,16.31,Pinnacle,1.16,9.27,15.41,0.8620689655172414,0.10787486515641856,0.06489292667099286,1.0348367573446529,0.03483675734465286,0.8330482652445336,0.10424336436716926,0.06270837038829714,1,4,3,1,10,28,15,4,1,13,7,3,1,1,2,1,2,3,12,8,15,14,4,3,7,4,1,1
995,2024-02-11,2023_24,West Ham,Arsenal,0,6,A,6.25,4.4,1.56,6.31,4.34,1.53,Pinnacle,6.25,4.4,1.56,0.16,0.22727272727272727,0.641025641025641,1.0282983682983682,0.02829836829836818,0.15559686267398107,0.2210182708437231,0.6233848664822959,0,1,3,1,22,9,12,9,3,3,5,4,1,1,3,2,1,1,15,19,10,9,7,3,1,3,1,1
996,2024-02-11,2023_24,Aston Villa,Man United,1,2,A,2.18,3.93,3.18,2.16,3.89,3.13,Pinnacle,2.18,3.93,3.18,0.4587155963302752,0.2544529262086514,0.31446540880503143,1.027633931343958,0.027633931343957974,0.4463803523209464,0.24761047533324762,0.30600917234580605,5,1,0,3,14,12,10,14,10,6,5,5,1,1,3,4,0,3,12,21,22,16,5,8,3,7,1,1
997,2024-02-12,2023_24,Crystal Palace,Chelsea,1,3,A,5.04,3.99,1.72,4.91,3.97,1.71,Pinnacle,5.04,3.99,1.72,0.1984126984126984,0.2506265664160401,0.5813953488372093,1.030434613665948,0.030434613665947907,0.19255243931180765,0.24322413386754652,0.5642234268206457,1,3,4,2,7,12,13,9,5,4,6,5,1,1,2,1,4,4,15,4,14,28,6,3,7,13,1,1
998,2024-02-17,2023_24,Tottenham,Wolves,1,2,A,1.51,5.01,5.84,1.52,4.89,5.57,Pinnacle,1.51,5.01,5.84,0.6622516556291391,0.1996007984031936,0.17123287671232876,1.0330853307446615,0.03308533074466147,0.6410425508140547,0.19320843347888672,0.16574901570705863,2,2,1,2,16,9,6,14,6,6,3,5,1,1,0,4,2,2,17,14,9,15,5,7,6,6,1,1
999,2024-02-17,2023_24,Brentford,Liverpool,1,4,A,4.85,4.45,1.66,4.82,4.4,1.65,Pinnacle,4.85,4.45,1.66,0.2061855670103093,0.2247191011235955,0.6024096385542169,1.0333143066881219,0.03331430668812185,0.1995380937588633,0.21747410218662627,0.5829878040545102,2,1,0,3,9,9,17,25,6,3,5,15,1,1,3,1,1,3,25,10,9,15,10,1,4,7,1,1
1000,2024-02-17,2023_24,Burnley,Arsenal,0,5,A,10.32,6.08,1.29,10.38,5.94,1.29,Pinnacle,10.32,6.08,1.29,0.09689922480620154,0.16447368421052633,0.7751937984496123,1.0365667074663403,0.036566707466340276,0.09348093480934809,0.15867158671586717,0.7478474784747847,1,2,3,2,9,12,25,15,4,4,10,7,1,1,6,3,0,1,25,15,5,10,12,7,1,1,1,1
1001,2024-02-17,2023_24,Fulham,Aston Villa,1,2,A,3.1,3.74,2.28,2.95,3.72,2.3,Pinnacle,3.1,3.74,2.28,0.3225806451612903,0.267379679144385,0.4385964912280702,1.0285568155337454,0.02855681553374545,0.3136245273858738,0.2599561590631574,0.42641931355096885,3,2,1,2,7,15,25,12,6,7,4,4,1,1,1,5,2,0,23,14,17,10,10,10,5,5,1,1
1002,2024-02-17,2023_24,Newcastle,Bournemouth,2,2,D,2.0,3.94,3.64,1.99,3.93,3.5,Pinnacle,2.0,3.94,3.64,0.5,0.25380710659898476,0.2747252747252747,1.0285323813242595,0.028532381324259504,0.48612956585405537,0.2467662770832768,0.26710415706266777,3,4,2,4,7,19,13,11,5,6,3,8,1,1,1,1,3,1,25,9,7,8,4,2,6,6,1,1
1003,2024-02-17,2023_24,Nott'm Forest,West Ham,2,0,H,2.29,3.54,3.24,2.27,3.52,3.17,Pinnacle,2.29,3.54,3.24,0.4366812227074236,0.2824858757062147,0.30864197530864196,1.0278090737222803,0.027809073722280253,0.4248660902807104,0.27484275331718266,0.30029115640210696,2,1,3,1,13,8,7,9,3,6,5,2,1,1,0,0,6,3,5,22,25,12,1,3,12,5,1,1
1004,2024-02-17,2023_24,Man City,Chelsea,1,1,D,1.31,6.6,8.75,1.33,6.01,8.28,Pinnacle,1.31,6.6,8.75,0.7633587786259541,0.15151515151515152,0.11428571428571428,1.0291596444268198,0.029159644426819842,0.7417301900242106,0.14722220438359335,0.11104760559219612,2,3,0,1,19,25,5,9,3,15,1,3,1,1,3,2,1,4,14,15,13,14,5,6,4,7,1,1
1005,2024-02-18,2023_24,Luton,Man United,1,2,A,4.32,4.14,1.79,4.14,4.12,1.8,Pinnacle,4.32,4.14,1.79,0.23148148148148145,0.24154589371980678,0.5586592178770949,1.0316865930783832,0.031686593078383174,0.22437190037604227,0.234127200392392,0.5415008992315657,1,4,3,4,20,11,7,19,5,8,3,6,1,1,2,3,1,0,17,12,23,22,5,5,10,3,1,1
1006,2024-02-18,2023_24,Sheffield United,Brighton,0,5,A,4.91,4.32,1.68,4.81,4.25,1.68,Pinnacle,4.91,4.32,1.68,0.20366598778004072,0.23148148148148145,0.5952380952380952,1.0303855644996174,0.03038556449961738,0.19765997777632524,0.2246552062226289,0.5776848160010458,3,0,1,5,7,10,20,14,3,5,5,10,1,1,1,4,2,1,6,13,16,7,3,6,6,5,1,1
1007,2024-02-19,2023_24,Everton,Crystal Palace,1,1,D,1.83,3.49,5.06,1.81,3.49,4.98,Pinnacle,1.83,3.49,5.06,0.5464480874316939,0.28653295128939826,0.19762845849802374,1.030609497219116,0.03060949721911599,0.5302183697182781,0.27802281277491375,0.19175881750680812,0,2,2,2,5,14,19,9,1,5,3,6,1,1,1,1,3,4,13,7,14,13,4,5,5,6,1,1
1008,2024-02-20,2023_24,Man City,Brentford,1,0,H,1.18,8.5,15.0,1.19,7.81,14.24,Pinnacle,1.18,8.5,15.0,0.8474576271186441,0.11764705882352941,0.06666666666666667,1.0317713526088403,0.03177135260884034,0.8213618501578303,0.11402435096308701,0.06461379887908264,1,2,1,0,31,19,9,5,5,3,6,1,1,1,1,2,4,0,15,9,15,17,6,6,8,5,1,1
1009,2024-02-21,2023_24,Liverpool,Luton,4,1,H,1.25,6.93,10.47,1.27,6.68,10.07,Pinnacle,1.25,6.93,10.47,0.8,0.14430014430014432,0.09551098376313276,1.0398111280632771,0.039811128063277135,0.7693704927836822,0.1387753414111981,0.09185416580511965,4,3,1,1,15,25,15,9,8,10,6,4,1,1,1,1,2,3,22,20,21,7,4,5,9,3,1,1
1010,2024-02-24,2023_24,Aston Villa,Nott'm Forest,4,2,H,1.61,4.51,5.37,1.58,4.51,5.39,Pinnacle,1.61,4.51,5.37,0.6211180124223602,0.22172949002217296,0.186219739292365,1.0290672417368982,0.02906724173689823,0.6035737872425265,0.21546647393801946,0.18095973881945396,2,1,1,2,12,23,15,17,3,10,4,5,1,1,2,2,0,3,19,13,10,7,8,3,3,5,1,1
1011,2024-02-24,2023_24,Brighton,Everton,1,1,D,1.87,3.98,4.1,1.87,3.93,4.0,Pinnacle,1.87,3.98,4.1,0.53475935828877,0.25125628140703515,0.24390243902439027,1.0299180787201954,0.029918078720195362,0.5192251396861357,0.24395754050579746,0.23681731980806683,5,1,0,2,24,6,6,16,10,3,1,6,1,1,1,0,1,2,19,5,10,19,4,1,4,3,1,1
1012,2024-02-24,2023_24,Crystal Palace,Burnley,3,0,H,1.98,3.54,4.13,2.0,3.44,4.0,Pinnacle,1.98,3.54,4.13,0.5050505050505051,0.2824858757062147,0.24213075060532688,1.0296671313620467,0.029667131362046684,0.49049881235154397,0.2743467933491686,0.2351543942992874,1,1,1,3,10,13,19,14,4,4,4,5,1,1,0,1,5,3,8,9,16,25,0,4,7,10,1,1
1013,2024-02-24,2023_24,Man United,Fulham,1,2,A,1.65,4.26,5.24,1.65,4.27,5.0,Pinnacle,1.65,4.26,5.24,0.6060606060606061,0.2347417840375587,0.19083969465648853,1.0316420847546532,0.031642084754653244,0.5874717743845632,0.22754188444472517,0.18498634117071167,2,2,1,1,21,17,22,23,9,5,4,10,1,1,1,3,2,1,15,7,12,25,4,6,3,4,1,1
1014,2024-02-24,2023_24,Bournemouth,Man City,0,1,A,6.75,5.2,1.45,6.53,4.89,1.46,Pinnacle,6.75,5.2,1.45,0.14814814814814814,0.1923076923076923,0.6896551724137931,1.0301110128696336,0.03011101286963358,0.14381765294931095,0.18668637642458633,0.6694959706261028,2,1,2,3,12,25,17,7,7,4,5,6,1,1,1,1,0,1,25,31,6,9,11,5,2,6,1,1
1015,2024-02-24,2023_24,Arsenal,Newcastle,4,1,H,1.36,5.75,8.2,1.35,5.63,8.17,Pinnacle,1.36,5.75,8.2,0.7352941176470588,0.17391304347826086,0.12195121951219513,1.0311583806375149,0.03115838063751486,0.7130758295272375,0.16865793533165965,0.11826623514110282,5,6,0,0,16,25,8,5,7,12,0,1,1,1,2,3,2,2,17,7,12,13,5,5,7,3,1,1
1016,2024-02-25,2023_24,Wolves,Sheffield United,1,0,H,1.49,4.65,6.92,1.48,4.53,6.85,Pinnacle,1.49,4.65,6.92,0.6711409395973155,0.2150537634408602,0.14450867052023122,1.0307033735584068,0.0307033735584068,0.6511484844376363,0.20864757888431784,0.14020393667804595,2,0,1,2,12,17,15,9,7,5,4,6,1,1,0,3,5,1,6,7,24,20,1,3,10,5,1,1
1017,2024-02-26,2023_24,West Ham,Brentford,4,2,H,2.33,3.6,3.12,2.36,3.53,3.01,Pinnacle,2.33,3.6,3.12,0.4291845493562232,0.2777777777777778,0.3205128205128205,1.0274751476468214,0.027475147646821352,0.41770796144234207,0.270349875044627,0.31194216351303106,0,0,2,6,10,5,19,25,3,1,8,12,1,1,0,1,1,4,6,15,25,15,2,6,11,8,1,1
1018,2024-03-02,2023_24,Luton,Aston Villa,2,3,A,4.55,4.5,1.7,4.5,4.41,1.7,Pinnacle,4.55,4.5,1.7,0.21978021978021978,0.2222222222222222,0.5882352941176471,1.030237736120089,0.030237736120088954,0.21332961517010599,0.2156999442275516,0.5709704406023425,1,1,4,2,12,22,29,21,3,4,13,9,1,1,4,2,2,1,16,12,10,15,6,3,3,4,1,1
1019,2024-03-02,2023_24,Tottenham,Crystal Palace,3,1,H,1.54,4.6,6.11,1.53,4.58,5.93,Pinnacle,1.54,4.6,6.11,0.6493506493506493,0.2173913043478261,0.1636661211129296,1.030408074811405,0.03040807481140506,0.6301878500607632,0.2109759324116468,0.15883621752759003,1,2,2,1,15,16,12,6,4,6,7,3,1,1,3,1,0,1,15,10,2,19,6,4,0,4,1,1
1020,2024-03-02,2023_24,Newcastle,Wolves,3,0,H,1.73,4.28,4.58,1.74,4.19,4.47,Pinnacle,1.73,4.28,4.58,0.5780346820809249,0.2336448598130841,0.2183406113537118,1.030020153247721,0.030020153247720893,0.5611877401217285,0.2268352314043435,0.211977028473928,1,2,4,2,3,17,18,12,2,5,8,7,1,1,1,2,0,1,13,12,12,15,2,7,4,4,1,1
1021,2024-03-02,2023_24,Nott'm Forest,Liverpool,0,1,A,5.41,4.51,1.6,5.23,4.44,1.6,Pinnacle,5.41,4.51,1.6,0.18484288354898337,0.22172949002217296,0.625,1.0315723735711564,0.03157237357115639,0.1791855698006759,0.21494322231078863,0.6058712078885354,2,2,4,0,10,19,16,10,3,8,6,3,1,1,4,4,1,1,29,15,12,15,13,8,3,6,1,1
1022,2024-03-02,2023_24,Everton,West Ham,1,3,A,2.17,3.56,3.49,2.13,3.53,3.45,Pinnacle,2.17,3.56,3.49,0.4608294930875576,0.2808988764044944,0.28653295128939826,1.0282613207814504,0.028261320781450383,0.44816379238824217,0.2731784914276645,0.27865771618409324,1,1,1,1,6,19,23,10,3,4,7,4,1,1,4,0,2,2,17,10,14,19,6,3,8,8,1,1
1023,2024-03-02,2023_24,Brentford,Chelsea,2,2,D,3.28,3.74,2.2,3.23,3.72,2.18,Pinnacle,3.28,3.74,2.2,0.3048780487804878,0.267379679144385,0.45454545454545453,1.0268031824703274,0.026803182470327425,0.29691965703397905,0.26040012702445214,0.4426802159415687,2,0,4,1,14,6,17,25,8,2,6,11,1,1,1,3,1,1,9,14,31,13,6,5,5,4,1,1
1024,2024-03-02,2023_24,Fulham,Brighton,3,0,H,2.62,3.44,2.81,2.56,3.49,2.76,Pinnacle,2.62,3.44,2.81,0.38167938931297707,0.29069767441860467,0.35587188612099646,1.0282489498525782,0.028248949852578198,0.37119356102206486,0.2827113749644797,0.3460950640134555,2,1,1,2,17,15,21,12,5,4,9,3,1,1,1,5,1,0,23,24,6,6,7,10,3,1,1,1
1025,2024-03-03,2023_24,Burnley,Bournemouth,0,2,A,3.8,3.8,1.99,3.66,3.74,2.01,Pinnacle,3.8,3.8,1.99,0.2631578947368421,0.2631578947368421,0.5025125628140703,1.0288283522877544,0.028828352287754377,0.2557840616966581,0.2557840616966581,0.48843187660668386,0,0,3,5,2,8,15,16,0,0,6,7,1,1,0,2,1,2,13,12,15,17,4,7,6,5,1,1
1026,2024-03-03,2023_24,Man City,Man United,3,1,H,1.24,7.2,10.75,1.26,6.76,10.21,Pinnacle,1.24,7.2,10.75,0.8064516129032259,0.1388888888888889,0.09302325581395349,1.0383637576060682,0.03836375760606825,0.7766561640811576,0.1337574504806438,0.08958638543819863,1,1,0,0,15,25,13,6,6,11,4,2,1,1,1,2,2,1,21,21,17,22,9,9,5,4,1,1
1027,2024-03-04,2023_24,Sheffield United,Arsenal,0,6,A,17.5,7.75,1.18,16.8,7.57,1.18,Pinnacle,17.5,7.75,1.18,0.05714285714285714,0.12903225806451613,0.8474576271186441,1.0336327423260174,0.03363274232601743,0.05528352073509853,0.12483375649860959,0.8198827227662918,0,0,1,5,12,6,13,24,4,1,2,10,1,1,4,5,1,0,18,16,3,8,8,7,2,0,1,1
1028,2024-03-09,2023_24,Man United,Everton,2,0,H,1.95,3.74,4.01,1.91,3.77,3.99,Pinnacle,1.95,3.74,4.01,0.5128205128205129,0.267379679144385,0.24937655860349128,1.0295767505683893,0.029576750568389265,0.4980886685110213,0.25969863732526505,0.24221269416371358,1,1,3,2,3,21,27,17,1,9,8,5,1,1,1,1,3,1,22,6,12,23,11,3,5,7,1,1
1029,2024-03-09,2023_24,Bournemouth,Sheffield United,2,2,D,1.34,5.79,8.51,1.35,5.64,8.41,Pinnacle,1.34,5.79,8.51,0.7462686567164178,0.17271157167530224,0.11750881316098707,1.0364890415527073,0.03648904155270727,0.7199966683665789,0.16663135330072812,0.11337197833269282,2,0,0,1,10,13,20,15,3,4,6,6,1,1,0,0,6,1,4,12,22,13,0,4,10,2,1,1
1030,2024-03-09,2023_24,Crystal Palace,Luton,1,1,D,1.92,3.76,4.12,1.89,3.76,4.11,Pinnacle,1.92,3.76,4.12,0.5208333333333334,0.26595744680851063,0.24271844660194175,1.0295092267437858,0.029509226743785755,0.5059044832270875,0.25833420420106595,0.23576131257184657,1,3,3,0,4,15,14,2,1,6,6,0,1,1,2,1,3,4,13,12,12,29,5,3,8,13,1,1
1031,2024-03-09,2023_24,Wolves,Fulham,2,1,H,2.56,3.44,2.89,2.49,3.44,2.88,Pinnacle,2.56,3.44,2.89,0.390625,0.29069767441860467,0.3460207612456747,1.0273434356642794,0.027343435664279436,0.3802282532203286,0.2829605605360585,0.33681118624361284,0,1,3,0,12,13,14,12,3,2,7,4,1,1,3,2,0,1,12,17,15,21,5,5,5,9,1,1
1032,2024-03-09,2023_24,Arsenal,Brentford,2,1,H,1.22,7.5,13.0,1.21,7.14,13.36,Pinnacle,1.22,7.5,13.0,0.819672131147541,0.13333333333333333,0.07692307692307693,1.0299285414039512,0.02992854140395118,0.7958533997224717,0.12945881968818873,0.07468778058933966,6,4,0,1,22,18,4,3,10,8,0,2,1,1,2,2,2,4,14,14,17,17,5,8,6,6,1,1
1033,2024-03-10,2023_24,West Ham,Burnley,2,2,D,1.66,4.08,5.43,1.65,4.08,5.31,Pinnacle,1.66,4.08,5.43,0.6024096385542169,0.24509803921568626,0.1841620626151013,1.0316697403850046,0.031669740385004586,0.5839171344983,0.23757412825175928,0.17850873724994068,3,4,1,2,12,17,22,14,5,6,11,8,1,1,0,0,2,3,20,2,10,15,6,0,3,6,1,1
1034,2024-03-10,2023_24,Aston Villa,Tottenham,0,4,A,2.55,3.86,2.66,2.48,3.9,2.62,Pinnacle,2.55,3.86,2.66,0.3921568627450981,0.2590673575129534,0.37593984962406013,1.0271640698821116,0.02716406988211162,0.38178600113038047,0.25221614064312703,0.3659978582264925,3,4,2,2,12,16,13,10,8,6,5,3,1,1,3,1,1,2,14,15,4,12,6,4,1,7,1,1
1035,2024-03-10,2023_24,Brighton,Nott'm Forest,1,0,H,1.63,4.39,5.3,1.64,4.3,5.08,Pinnacle,1.63,4.39,5.3,0.6134969325153374,0.22779043280182235,0.18867924528301888,1.0299666106001786,0.029966610600178578,0.5956473988587286,0.2211629294167945,0.18318967172447695,0,1,3,1,15,23,12,6,5,7,5,3,1,1,0,2,1,4,8,10,22,16,2,3,2,6,1,1
1036,2024-03-10,2023_24,Liverpool,Man City,1,1,D,3.48,3.9,2.06,3.4,3.88,2.05,Pinnacle,3.48,3.9,2.06,0.28735632183908044,0.25641025641025644,0.4854368932038835,1.0292034714532203,0.02920347145322033,0.2792026356395179,0.2491346594937237,0.47166270486675843,1,4,0,1,22,29,8,12,2,13,2,3,1,1,3,1,1,0,27,15,3,13,8,6,1,4,1,1
1037,2024-03-11,2023_24,Chelsea,Newcastle,3,2,H,1.85,4.31,3.91,1.85,4.17,3.84,Pinnacle,1.85,4.31,3.91,0.5405405405405405,0.2320185614849188,0.2557544757033248,1.0283135777287842,0.02831357772878418,0.5256573016709764,0.2256301642903263,0.24871253403869728,2,1,2,1,17,9,14,31,6,6,5,5,1,1,3,1,0,4,14,3,12,18,7,2,3,8,1,1
1038,2024-03-13,2023_24,Bournemouth,Luton,4,3,H,1.53,4.89,5.69,1.52,4.87,5.65,Pinnacle,1.53,4.89,5.69,0.6535947712418301,0.20449897750511248,0.17574692442882248,1.033840673175765,0.033840673175765,0.6322006748236256,0.19780511911659454,0.16999420605977983,2,2,2,0,32,10,13,20,12,3,9,6,1,1,1,2,1,3,8,13,21,12,2,5,4,8,1,1
1039,2024-03-16,2023_24,Burnley,Brentford,2,1,H,3.18,3.65,2.28,3.12,3.64,2.26,Pinnacle,3.18,3.65,2.28,0.31446540880503143,0.273972602739726,0.4385964912280702,1.0270345027728276,0.027034502772827596,0.3061877745645599,0.26676085564802754,0.4270513697874126,2,0,2,2,11,20,22,10,4,6,4,3,1,1,1,2,2,2,9,14,17,17,4,5,6,6,1,1
1040,2024-03-16,2023_24,Luton,Nott'm Forest,1,1,D,2.67,3.59,2.67,2.63,3.58,2.64,Pinnacle,2.67,3.59,2.67,0.37453183520599254,0.2785515320334262,0.37453183520599254,1.0276152024454113,0.02761520244541127,0.36446700507614216,0.27106598984771574,0.36446700507614216,3,1,4,1,8,8,24,21,4,2,10,4,1,1,0,0,1,1,9,8,10,22,4,2,3,2,1,1
1041,2024-03-16,2023_24,Fulham,Tottenham,3,0,H,3.45,4.0,2.05,3.34,3.94,2.05,Pinnacle,3.45,4.0,2.05,0.2898550724637681,0.25,0.48780487804878053,1.0276599505125485,0.027659950512548548,0.28205348697222465,0.24327113251354374,0.47467538051423175,1,3,2,0,23,12,8,15,6,5,3,5,1,1,4,3,0,1,9,14,10,4,5,6,1,1,1,1
1042,2024-03-17,2023_24,West Ham,Aston Villa,1,1,D,2.48,3.69,2.83,2.45,3.63,2.77,Pinnacle,2.48,3.69,2.83,0.40322580645161293,0.2710027100271003,0.35335689045936397,1.0275854069380772,0.027585406938077206,0.3924012580648798,0.2637276747969924,0.3438710671381279,2,3,2,1,22,12,11,22,4,5,4,11,1,1,0,3,4,2,10,12,9,13,1,8,5,5,1,1
1043,2024-03-30,2023_24,Newcastle,West Ham,4,3,H,1.85,4.19,3.96,1.86,4.13,3.86,Pinnacle,1.85,4.19,3.96,0.5405405405405405,0.2386634844868735,0.25252525252525254,1.0317292775526665,0.031729277552666524,0.523917031629402,0.23132374904878134,0.24475921932181663,2,3,3,0,11,14,12,12,3,7,8,3,1,1,1,2,1,2,13,22,13,11,5,4,5,4,1,1
1044,2024-03-30,2023_24,Bournemouth,Everton,2,1,H,2.18,3.74,3.24,2.2,3.69,3.19,Pinnacle,2.18,3.74,3.24,0.4587155963302752,0.267379679144385,0.30864197530864196,1.0347372507833021,0.03473725078330214,0.44331601668251996,0.25840345357430305,0.298280529743177,4,2,3,2,24,32,8,13,10,12,4,9,1,1,0,1,2,3,23,22,15,12,6,11,8,5,1,1
1045,2024-03-30,2023_24,Chelsea,Burnley,2,2,D,1.25,6.66,11.18,1.27,6.53,10.45,Pinnacle,1.25,6.66,11.18,0.8,0.15015015015015015,0.08944543828264759,1.0395955884327976,0.039595588432797646,0.7695300065730457,0.14443130753998604,0.08603868588696843,3,2,2,2,12,17,11,14,8,6,3,5,1,1,2,2,1,2,17,11,9,22,6,4,5,4,1,1
1046,2024-03-30,2023_24,Nott'm Forest,Crystal Palace,1,1,D,2.25,3.4,3.43,2.26,3.35,3.34,Pinnacle,2.25,3.4,3.43,0.4444444444444444,0.29411764705882354,0.29154518950437314,1.0301072810076413,0.030107281007641262,0.43145452191124506,0.2855213747942063,0.28302410329454847,1,0,1,1,16,9,10,10,6,4,4,3,1,1,1,1,1,3,21,4,8,14,4,1,2,6,1,1
1047,2024-03-30,2023_24,Sheffield United,Fulham,3,3,D,4.89,4.13,1.71,4.8,4.06,1.71,Pinnacle,4.89,4.13,1.71,0.20449897750511248,0.24213075060532688,0.5847953216374269,1.0314250497478663,0.03142504974786631,0.19826838368440114,0.23475360683213595,0.5669780094834629,2,0,2,6,13,4,32,22,9,0,12,10,1,1,3,1,0,2,16,23,14,8,7,6,5,3,1,1
1048,2024-03-30,2023_24,Tottenham,Luton,2,1,H,1.19,8.37,12.64,1.21,7.95,11.35,Pinnacle,1.19,8.37,12.64,0.8403361344537815,0.11947431302270013,0.0791139240506329,1.0389243715271146,0.03892437152711459,0.8088520757469302,0.1149980848433509,0.0761498394097189,0,4,3,0,14,9,16,10,5,5,7,1,1,1,1,3,1,4,10,8,16,24,4,4,6,10,1,1
1049,2024-03-30,2023_24,Aston Villa,Wolves,2,0,H,1.53,4.41,6.66,1.54,4.41,6.24,Pinnacle,1.53,4.41,6.66,0.6535947712418301,0.22675736961451246,0.15015015015015015,1.0305022910064927,0.03050229100649271,0.6342487318523701,0.22004547839776104,0.1457057897498688,1,0,1,4,13,10,13,9,5,1,5,5,1,1,2,0,1,3,8,12,23,14,3,3,6,7,1,1
1050,2024-03-30,2023_24,Brentford,Man United,1,1,D,3.39,4.06,2.06,3.31,3.98,2.06,Pinnacle,3.39,4.06,2.06,0.2949852507374631,0.24630541871921185,0.4854368932038835,1.0267275626605585,0.026727562660558535,0.28730625480927774,0.23989364625700782,0.4728000989337144,1,1,2,2,9,9,17,17,5,4,6,6,1,1,2,1,0,3,15,3,23,27,8,1,6,8,1,1
1051,2024-03-31,2023_24,Man City,Arsenal,0,0,D,2.09,3.6,3.72,2.06,3.62,3.61,Pinnacle,2.09,3.6,3.72,0.47846889952153115,0.2777777777777778,0.26881720430107525,1.025063881600384,0.025063881600384086,0.4667698356267515,0.27098582123886406,0.26224434313438455,1,3,1,1,10,27,19,3,6,8,6,1,1,1,2,6,1,0,17,22,9,4,6,10,4,0,1,1
1052,2024-03-31,2023_24,Liverpool,Brighton,2,1,H,1.29,6.6,9.25,1.3,6.29,8.95,Pinnacle,1.29,6.6,9.25,0.7751937984496123,0.15151515151515152,0.10810810810810811,1.034817058072872,0.03481705807287194,0.7491119250519961,0.14641733080561745,0.1044707441423865,1,1,1,0,19,22,10,8,6,2,6,2,1,1,1,0,0,3,10,15,9,12,3,5,4,5,1,1
1053,2024-04-02,2023_24,Newcastle,Everton,1,1,D,2.03,3.78,3.72,2.02,3.75,3.61,Pinnacle,2.03,3.78,3.72,0.4926108374384237,0.2645502645502646,0.26881720430107525,1.0259783062897636,0.02597830628976361,0.48013767388498496,0.2578517137530475,0.26201061236196754,4,2,3,3,24,11,10,12,9,3,4,8,1,1,1,0,2,2,7,23,11,15,3,6,4,8,1,1
1054,2024-04-02,2023_24,Nott'm Forest,Fulham,3,1,H,2.74,3.48,2.66,2.71,3.44,2.63,Pinnacle,2.74,3.48,2.66,0.36496350364963503,0.28735632183908044,0.37593984962406013,1.0282596751127757,0.028259675112775717,0.3549332065459119,0.27945890400453977,0.36560788944954825,1,1,1,1,12,16,10,10,5,6,3,4,1,1,3,3,3,0,24,16,8,14,9,7,4,5,1,1
1055,2024-04-02,2023_24,Bournemouth,Crystal Palace,1,0,H,1.89,3.89,4.14,1.89,3.78,4.04,Pinnacle,1.89,3.89,4.14,0.5291005291005292,0.2570694087403599,0.24154589371980678,1.0277158315606958,0.02771583156069579,0.5148315447248037,0.25013666311822075,0.2350317921569756,2,4,1,3,11,24,7,8,4,10,3,4,1,1,1,1,1,1,10,21,12,8,3,4,5,2,1,1
1056,2024-04-02,2023_24,Burnley,Wolves,1,1,D,2.36,3.54,3.08,2.35,3.52,3.03,Pinnacle,2.36,3.54,3.08,0.42372881355932207,0.2824858757062147,0.3246753246753247,1.0308900139408614,0.030890013940861438,0.4110320284697509,0.27402135231316727,0.31494661921708184,2,2,2,1,18,17,33,9,7,6,13,5,1,1,0,2,2,1,13,8,11,23,3,3,5,6,1,1
1057,2024-04-02,2023_24,West Ham,Tottenham,1,1,D,3.47,4.26,1.99,3.39,4.16,1.99,Pinnacle,3.47,4.26,1.99,0.2881844380403458,0.2347417840375587,0.5025125628140703,1.0254387848919748,0.02543878489197482,0.2810352429479296,0.22891837864537926,0.4900463784066912,3,1,4,1,10,13,24,13,4,5,9,5,1,1,2,0,1,3,17,14,7,16,4,5,3,7,1,1
1058,2024-04-03,2023_24,Arsenal,Luton,2,0,H,1.13,10.5,19.5,1.13,9.75,19.39,Pinnacle,1.13,10.5,19.5,0.8849557522123894,0.09523809523809523,0.05128205128205128,1.0314758987325359,0.03147589873253587,0.8579509742300441,0.0923318667504714,0.0497171590194846,0,2,0,1,6,17,12,9,2,6,1,4,1,1,1,1,2,1,7,10,17,16,3,4,4,6,1,1
1059,2024-04-03,2023_24,Brentford,Brighton,0,0,D,2.57,3.63,2.75,2.49,3.74,2.7,Pinnacle,2.57,3.63,2.75,0.38910505836575876,0.27548209366391185,0.36363636363636365,1.0282235156660344,0.028223515666034427,0.37842458613068675,0.26792043701263496,0.3536549768566781,1,1,1,2,31,9,11,17,5,5,5,6,1,1,1,1,2,0,9,10,30,9,3,3,8,4,1,1
1060,2024-04-03,2023_24,Man City,Aston Villa,4,1,H,1.21,7.5,13.5,1.23,6.93,12.59,Pinnacle,1.21,7.5,13.5,0.8264462809917356,0.13333333333333333,0.07407407407407407,1.033853688399143,0.033853688399142934,0.7993841781146377,0.12896731406916154,0.07164850781620084,0,1,0,1,12,10,6,19,1,6,2,6,1,1,2,1,0,1,11,13,13,13,5,5,3,5,1,1
1061,2024-04-04,2023_24,Liverpool,Sheffield United,3,1,H,1.06,18.5,31.0,1.07,14.54,27.64,Pinnacle,1.06,18.5,31.0,0.9433962264150942,0.05405405405405406,0.03225806451612903,1.0297083449852773,0.029708344985277302,0.9161780916018339,0.05249452849178077,0.031327379906385296,2,1,1,1,30,19,9,10,8,6,3,6,1,1,3,2,3,2,8,13,24,32,4,9,9,12,1,1
1062,2024-04-04,2023_24,Chelsea,Man United,4,3,H,1.82,4.41,3.98,1.82,4.27,3.92,Pinnacle,1.82,4.41,3.98,0.5494505494505494,0.22675736961451246,0.25125628140703515,1.0274642004720969,0.027464200472096856,0.5347636922026958,0.22069612694079513,0.24454018085650917,2,3,2,2,33,12,18,11,13,8,7,3,1,1,1,2,1,0,11,15,31,23,5,8,5,6,1,1
1063,2024-04-06,2023_24,Brighton,Arsenal,0,3,A,6.55,4.6,1.51,6.32,4.56,1.51,Pinnacle,6.55,4.6,1.51,0.15267175572519084,0.2173913043478261,0.6622516556291391,1.0323147157021562,0.03231471570215616,0.14789264688661066,0.21058626893636953,0.6415210841770197,0,1,0,2,24,9,5,30,6,3,2,8,1,1,2,0,0,0,13,6,5,12,4,2,1,1,1,1
1064,2024-04-06,2023_24,Wolves,West Ham,1,2,A,2.91,3.42,2.55,2.82,3.45,2.5,Pinnacle,2.91,3.42,2.55,0.3436426116838488,0.29239766081871343,0.3921568627450981,1.0281971352476602,0.02819713524766021,0.33421860449073915,0.28437898803159384,0.3814024074776671,1,0,1,2,8,13,13,11,2,3,6,5,1,1,1,3,1,4,11,10,13,24,4,4,4,9,1,1
1065,2024-04-06,2023_24,Luton,Bournemouth,2,1,H,3.82,4.07,1.92,3.75,3.93,1.93,Pinnacle,3.82,4.07,1.92,0.2617801047120419,0.24570024570024568,0.5208333333333334,1.0283136837456208,0.02831368374562082,0.25457222718121464,0.2389351124894938,0.5064926603292916,0,1,2,2,5,7,13,17,1,3,4,4,1,1,1,2,0,1,11,11,3,7,6,4,2,3,1,1
1066,2024-04-06,2023_24,Everton,Burnley,1,0,H,1.76,3.92,4.79,1.76,3.89,4.68,Pinnacle,1.76,3.92,4.79,0.5681818181818182,0.25510204081632654,0.20876826722338204,1.0320521262215268,0.032052126221526756,0.5505359697886614,0.2471794150071541,0.20228461520418456,1,1,1,2,10,7,18,11,3,3,6,4,1,1,1,2,1,2,13,18,8,33,6,7,2,13,1,1
1067,2024-04-06,2023_24,Fulham,Newcastle,0,1,A,2.47,3.7,2.83,2.44,3.66,2.78,Pinnacle,2.47,3.7,2.83,0.4048582995951417,0.27027027027027023,0.35335689045936397,1.028485460324776,0.028485460324775946,0.3936451366724185,0.2627847263732091,0.3435701369543724,1,3,3,3,18,24,16,8,3,9,4,4,1,1,1,4,1,3,18,24,10,10,6,9,3,4,1,1
1068,2024-04-06,2023_24,Aston Villa,Brentford,3,3,D,1.65,4.22,5.31,1.65,4.18,5.22,Pinnacle,1.65,4.22,5.31,0.6060606060606061,0.23696682464454977,0.18832391713747648,1.0313513478426324,0.03135134784263238,0.5876373820893878,0.2297634313856611,0.18259918652495102,1,2,4,0,8,11,25,13,3,5,11,3,1,1,0,1,0,1,5,31,24,11,2,5,6,5,1,1
1069,2024-04-06,2023_24,Crystal Palace,Man City,2,4,A,8.8,5.35,1.37,8.9,5.22,1.36,Pinnacle,8.8,5.35,1.37,0.11363636363636363,0.1869158878504673,0.7299270072992701,1.0304792587861011,0.030479258786101138,0.11027525558372386,0.18138733628724676,0.7083374081290292,0,1,1,1,3,10,11,12,2,3,6,5,1,1,4,0,1,0,25,12,8,6,11,1,3,2,1,1
1070,2024-04-07,2023_24,Man United,Liverpool,2,2,D,5.0,4.85,1.6,4.9,4.8,1.6,Pinnacle,5.0,4.85,1.6,0.2,0.2061855670103093,0.625,1.0311855670103092,0.031185567010309168,0.19395151212196954,0.19995001249687583,0.6060984753811548,3,1,4,1,19,11,28,31,5,5,10,5,1,1,3,2,1,1,29,30,8,9,9,8,3,3,1,1
1071,2024-04-07,2023_24,Sheffield United,Chelsea,2,2,D,6.69,5.28,1.44,6.6,5.2,1.44,Pinnacle,6.69,5.28,1.44,0.14947683109118085,0.1893939393939394,0.6944444444444444,1.0333152149295648,0.033315214929564796,0.14465753424657532,0.1832876712328767,0.6720547945205478,1,3,3,3,8,8,29,24,3,4,9,9,1,1,4,2,3,2,28,33,19,18,10,13,5,7,1,1
1072,2024-04-07,2023_24,Tottenham,Nott'm Forest,3,1,H,1.42,5.5,6.9,1.43,5.25,6.55,Pinnacle,1.42,5.5,6.9,0.7042253521126761,0.18181818181818182,0.14492753623188406,1.030971070162742,0.03097107016274192,0.6830699449224235,0.17635624032542568,0.14057381475215092,1,2,1,1,13,17,11,7,4,4,4,3,1,1,3,1,1,1,16,12,18,10,4,5,3,3,1,1
1073,2024-04-13,2023_24,Newcastle,Tottenham,4,0,H,2.65,4.1,2.48,2.64,3.97,2.45,Pinnacle,2.65,4.1,2.48,0.37735849056603776,0.24390243902439027,0.40322580645161293,1.0244867360420409,0.02448673604204088,0.36833906900923746,0.2380728128962145,0.39358811809454813,1,1,0,1,12,18,14,10,5,6,4,3,1,1,3,1,1,1,17,13,13,11,7,4,6,4,1,1
1074,2024-04-13,2023_24,Brentford,Sheffield United,2,0,H,1.49,5.03,6.25,1.49,4.84,6.15,Pinnacle,1.49,5.03,6.25,0.6711409395973155,0.19880715705765406,0.16,1.0299480966549694,0.029948096654969447,0.6516259817140536,0.19302638424531607,0.15534763404063037,3,0,3,0,8,5,11,24,3,2,3,6,1,1,2,1,2,3,11,8,6,29,6,3,3,9,1,1
1075,2024-04-13,2023_24,Burnley,Brighton,1,1,D,3.97,4.06,1.88,3.84,3.96,1.89,Pinnacle,3.97,4.06,1.88,0.2518891687657431,0.24630541871921185,0.5319148936170213,1.0301094811019762,0.0301094811019762,0.2445265997321766,0.23910605934402493,0.5163673409237984,0,1,1,1,6,13,12,8,1,6,3,2,1,1,0,0,3,0,10,24,20,5,2,6,7,2,1,1
1076,2024-04-13,2023_24,Man City,Luton,5,1,H,1.08,13.5,26.0,1.09,12.33,24.13,Pinnacle,1.08,13.5,26.0,0.9259259259259258,0.07407407407407407,0.038461538461538464,1.0384615384615383,0.038461538461538325,0.8916323731138546,0.07133058984910837,0.03703703703703704,4,4,2,1,18,25,7,8,8,11,4,3,1,1,2,0,1,2,19,5,8,13,9,1,1,4,1,1
1077,2024-04-13,2023_24,Nott'm Forest,Wolves,2,2,D,2.07,3.52,3.81,2.07,3.51,3.69,Pinnacle,2.07,3.52,3.81,0.48309178743961356,0.2840909090909091,0.26246719160104987,1.0296498881315725,0.029649888131572544,0.469180634124327,0.27591020245379455,0.2549091634218784,1,3,3,1,13,16,17,18,6,4,7,3,1,1,1,1,2,1,14,8,11,13,7,2,4,6,1,1
1078,2024-04-13,2023_24,Bournemouth,Man United,2,2,D,2.38,4.1,2.74,2.39,3.97,2.71,Pinnacle,2.38,4.1,2.74,0.42016806722689076,0.24390243902439027,0.36496350364963503,1.029034009900916,0.02903400990091609,0.4083131006207929,0.23702077548231396,0.3546661238968931,1,1,2,0,8,11,19,3,1,6,9,2,1,1,2,3,2,4,9,19,28,28,5,5,7,10,1,1
1079,2024-04-14,2023_24,Arsenal,Aston Villa,0,2,A,1.24,7.0,11.5,1.27,6.47,10.91,Pinnacle,1.24,7.0,11.5,0.8064516129032259,0.14285714285714285,0.08695652173913043,1.0362652774994991,0.03626527749949915,0.7782289249806651,0.13785769528228922,0.08391337973704563,3,2,0,0,20,13,10,5,7,4,2,1,1,1,3,1,3,4,11,8,8,25,3,3,3,11,1,1
1080,2024-04-14,2023_24,Liverpool,Crystal Palace,0,1,A,1.18,8.5,14.5,1.19,7.77,13.5,Pinnacle,1.18,8.5,14.5,0.8474576271186441,0.11764705882352941,0.06896551724137931,1.034070203183553,0.034070203183552916,0.8195358733958374,0.11377086242436331,0.06669326417979918,2,3,2,1,28,29,9,8,7,9,5,3,1,1,2,0,4,1,7,3,18,11,4,2,8,6,1,1
1081,2024-04-14,2023_24,West Ham,Fulham,0,2,A,2.44,3.68,2.89,2.43,3.59,2.85,Pinnacle,2.44,3.68,2.89,0.4098360655737705,0.2717391304347826,0.3460207612456747,1.0275959572542277,0.0275959572542277,0.3988299707492688,0.264441611040276,0.3367284182104553,2,1,1,1,11,11,14,13,4,4,7,4,1,1,0,1,1,3,14,18,12,16,4,3,5,4,1,1
1082,2024-04-15,2023_24,Chelsea,Everton,6,0,H,1.67,4.25,5.1,1.69,4.14,4.89,Pinnacle,1.67,4.25,5.1,0.5988023952095809,0.23529411764705882,0.19607843137254904,1.0301749442291888,0.03017494422918876,0.5812628219740141,0.2284020971050832,0.19033508092090268,2,4,2,3,6,28,11,19,3,10,6,5,1,1,1,1,0,1,12,10,6,18,3,3,1,6,1,1
1083,2024-04-20,2023_24,Luton,Brentford,1,5,A,2.92,3.54,2.48,2.87,3.59,2.41,Pinnacle,2.92,3.54,2.48,0.3424657534246575,0.2824858757062147,0.40322580645161293,1.028177435582485,0.02817743558248509,0.33308040185752874,0.2747442862779616,0.3921753118645097,1,2,5,1,4,19,33,8,2,9,13,1,1,1,2,3,0,3,9,8,8,11,5,3,2,3,1,1
1084,2024-04-20,2023_24,Sheffield United,Burnley,1,4,A,2.66,3.55,2.7,2.64,3.52,2.65,Pinnacle,2.66,3.55,2.7,0.37593984962406013,0.28169014084507044,0.37037037037037035,1.028000360839501,0.02800036083950097,0.3657001144601297,0.27401755055322397,0.3602823349866463,0,2,2,2,8,11,9,6,2,6,5,3,1,1,1,0,1,1,11,6,20,12,3,1,8,3,1,1
1085,2024-04-20,2023_24,Wolves,Arsenal,0,2,A,11.75,6.6,1.26,11.3,6.11,1.27,Pinnacle,11.75,6.6,1.26,0.0851063829787234,0.15151515151515152,0.7936507936507936,1.0302723281446684,0.030272328144668403,0.08260571564800191,0.14706320588848829,0.7703310784635099,2,1,2,2,11,14,18,11,4,7,9,4,1,1,0,3,2,0,18,20,11,10,4,7,2,2,1,1
1086,2024-04-21,2023_24,Everton,Nott'm Forest,2,0,H,2.34,3.3,3.36,2.27,3.29,3.38,Pinnacle,2.34,3.3,3.36,0.4273504273504274,0.30303030303030304,0.2976190476190476,1.027999777999778,0.02799977799977804,0.4157106222162235,0.2947766230260494,0.2895127547577271,0,1,6,0,10,12,14,6,2,3,10,1,1,1,2,1,2,3,18,13,11,17,9,6,4,7,1,1
1087,2024-04-21,2023_24,Aston Villa,Bournemouth,3,1,H,1.87,4.11,4.03,1.86,4.06,3.92,Pinnacle,1.87,4.11,4.03,0.53475935828877,0.24330900243309,0.24813895781637715,1.026207318538237,0.02620731853823699,0.5211026550176027,0.23709536858465133,0.24180197639774617,2,3,0,3,11,11,18,8,2,3,4,3,1,1,2,1,2,2,20,8,8,19,5,1,2,9,1,1
1088,2024-04-21,2023_24,Crystal Palace,West Ham,5,2,H,2.23,3.55,3.36,2.23,3.5,3.25,Pinnacle,2.23,3.55,3.36,0.4484304932735426,0.28169014084507044,0.2976190476190476,1.0277396817376607,0.027739681737660726,0.43632692328796185,0.27408705322032534,0.28958602349171275,1,2,0,4,8,7,21,18,5,4,6,8,1,1,0,2,2,1,15,11,18,14,4,4,10,7,1,1
1089,2024-04-21,2023_24,Fulham,Liverpool,1,3,A,4.65,4.5,1.68,4.59,4.4,1.68,Pinnacle,4.65,4.5,1.68,0.2150537634408602,0.2222222222222222,0.5952380952380952,1.0325140809011777,0.03251408090117769,0.2082816761715844,0.21522439871063723,0.5764939251177783,2,0,0,1,18,14,15,12,10,4,4,5,1,1,0,2,1,2,21,28,8,9,6,7,5,5,1,1
1090,2024-04-23,2023_24,Arsenal,Chelsea,5,0,H,1.41,5.3,7.65,1.39,5.21,7.66,Pinnacle,1.41,5.3,7.65,0.7092198581560284,0.18867924528301888,0.13071895424836602,1.0286180576874133,0.028618057687413323,0.6894880493839757,0.18342983955309541,0.12708211106292885,2,0,0,2,24,18,5,11,9,4,3,2,1,1,6,2,0,2,14,6,10,11,10,3,2,6,1,1
1091,2024-04-24,2023_24,Man United,Sheffield United,4,2,H,1.32,6.3,8.59,1.31,6.15,8.4,Pinnacle,1.32,6.3,8.59,0.7575757575757576,0.15873015873015872,0.11641443538998836,1.0327203516959047,0.032720351695904704,0.7335729913056208,0.15370100770213008,0.11272600099224907,2,2,2,2,8,9,20,28,2,5,5,7,1,1,1,0,4,2,18,8,16,9,11,2,9,5,1,1
1092,2024-04-24,2023_24,Everton,Liverpool,2,0,H,7.65,5.35,1.4,7.43,5.14,1.39,Pinnacle,7.65,5.35,1.4,0.13071895424836602,0.1869158878504673,0.7142857142857143,1.0319205563845477,0.031920556384547716,0.12667540484546108,0.1811339901061266,0.6921906050484122,2,0,0,6,7,10,8,14,4,2,3,10,1,1,3,0,1,1,14,21,12,8,7,6,5,5,1,1
1093,2024-04-24,2023_24,Wolves,Bournemouth,0,1,A,2.81,3.67,2.5,2.77,3.61,2.48,Pinnacle,2.81,3.67,2.5,0.35587188612099646,0.2724795640326976,0.4,1.0283514501536941,0.028351450153694113,0.3460605671998702,0.26496735526747556,0.3889720775326541,0,2,2,2,5,11,24,18,3,4,9,9,1,1,1,2,3,2,14,20,14,8,6,5,4,2,1,1
1094,2024-04-24,2023_24,Crystal Palace,Newcastle,2,0,H,3.09,3.69,2.31,3.08,3.64,2.26,Pinnacle,3.09,3.69,2.31,0.3236245954692557,0.2710027100271003,0.4329004329004329,1.027527738396789,0.027527738396788903,0.31495460742908454,0.2637424761398025,0.421302916431113,5,1,2,0,18,8,4,21,7,5,1,6,1,1,4,1,0,0,18,12,11,14,5,5,2,4,1,1
1095,2024-04-25,2023_24,Brighton,Man City,0,4,A,7.9,5.85,1.36,7.99,5.65,1.36,Pinnacle,7.9,5.85,1.36,0.12658227848101264,0.17094017094017094,0.7352941176470588,1.0328165670682423,0.03281656706824232,0.12256027112377724,0.16550874220134024,0.7119309866748825,1,0,1,3,20,10,11,20,8,2,3,7,1,1,5,4,1,2,33,18,4,7,13,8,2,4,1,1
1096,2024-04-27,2023_24,West Ham,Liverpool,2,2,D,5.35,4.95,1.56,5.26,4.81,1.55,Pinnacle,5.35,4.95,1.56,0.1869158878504673,0.20202020202020202,0.641025641025641,1.0299617308963103,0.029961730896310268,0.18147847851376603,0.19614340607043396,0.6223781154158,2,0,5,2,4,15,18,18,1,4,7,10,1,1,0,3,2,1,23,14,16,12,7,7,6,5,1,1
1097,2024-04-27,2023_24,Fulham,Crystal Palace,1,1,D,2.11,3.45,3.78,2.1,3.48,3.56,Pinnacle,2.11,3.45,3.78,0.47393364928909953,0.2898550724637681,0.2645502645502646,1.0283389863031323,0.028338986303132252,0.46087297632552665,0.2818672405932931,0.25725978308118025,1,2,3,0,12,18,14,15,5,10,7,4,1,1,2,5,0,2,20,18,7,4,7,7,2,1,1,1
1098,2024-04-27,2023_24,Man United,Burnley,1,1,D,1.5,5.29,5.72,1.5,5.09,5.59,Pinnacle,1.5,5.29,5.72,0.6666666666666666,0.1890359168241966,0.17482517482517484,1.0305277583160382,0.030527758316038156,0.6469177188939106,0.18343602615139243,0.16964625495469687,4,2,2,2,25,8,10,20,13,2,4,5,1,1,4,1,1,1,16,11,18,20,9,3,11,8,1,1
1099,2024-04-27,2023_24,Newcastle,Sheffield United,5,1,H,1.2,7.87,12.52,1.22,7.35,11.45,Pinnacle,1.2,7.87,12.52,0.8333333333333334,0.12706480304955528,0.07987220447284345,1.0402703408557321,0.04027034085573211,0.8010738176461215,0.12214594424083174,0.07678023811304678,0,4,2,0,7,18,20,11,2,5,7,2,1,1,2,1,4,4,10,18,25,16,4,11,13,9,1,1
1100,2024-04-27,2023_24,Wolves,Luton,2,1,H,1.93,3.85,3.96,1.9,3.84,3.87,Pinnacle,1.93,3.85,3.96,0.5181347150259068,0.2597402597402597,0.25252525252525254,1.030400227291419,0.030400227291419002,0.5028480208975802,0.2520770598265791,0.24507491927584082,0,0,1,2,15,5,21,24,4,3,6,9,1,1,1,1,5,5,6,4,21,33,3,2,9,13,1,1
1101,2024-04-27,2023_24,Everton,Brentford,1,0,H,3.0,3.44,2.48,2.84,3.42,2.49,Pinnacle,3.0,3.44,2.48,0.3333333333333333,0.29069767441860467,0.40322580645161293,1.027256814203551,0.027256814203550972,0.3244888023369036,0.2829844206426485,0.3925267770204479,2,2,0,0,16,7,23,8,6,4,7,3,1,1,5,2,1,0,21,9,6,8,9,5,3,2,1,1
1102,2024-04-27,2023_24,Aston Villa,Chelsea,2,2,D,2.05,4.08,3.43,2.06,3.98,3.28,Pinnacle,2.05,4.08,3.43,0.48780487804878053,0.24509803921568626,0.29154518950437314,1.02444810676884,0.024448106768840017,0.476163580005376,0.23924885760074036,0.28458756239388355,3,2,1,0,14,11,14,18,4,2,6,4,1,1,0,6,5,0,7,14,27,10,1,10,10,2,1,1
1103,2024-04-28,2023_24,Nott'm Forest,Man City,0,2,A,11.0,6.2,1.29,10.37,5.96,1.28,Pinnacle,11.0,6.2,1.29,0.09090909090909091,0.16129032258064516,0.7751937984496123,1.0273932119393483,0.027393211939348294,0.08848519715006418,0.15698986591140418,0.7545249369385317,0,2,2,2,8,18,7,11,3,9,4,4,1,1,4,5,0,1,14,33,7,4,6,13,3,2,1,1
1104,2024-04-28,2023_24,Bournemouth,Brighton,3,0,H,1.96,4.17,3.57,1.96,4.07,3.49,Pinnacle,1.96,4.17,3.57,0.5102040816326531,0.23980815347721823,0.2801120448179272,1.0301242799277985,0.030124279927798536,0.4952840075455879,0.23279536086075595,0.2719206315936561,1,1,0,3,21,14,15,14,6,6,4,4,1,1,0,1,4,1,7,20,14,11,3,8,6,3,1,1
1105,2024-04-28,2023_24,Tottenham,Arsenal,2,3,A,4.35,4.21,1.78,4.42,4.17,1.74,Pinnacle,4.35,4.21,1.78,0.2298850574712644,0.23752969121140144,0.5617977528089888,1.0292125014916547,0.029212501491654663,0.22336014879151603,0.23078780219550943,0.5458520490129746,0,3,4,1,11,17,18,13,2,7,5,6,1,1,5,2,0,0,27,24,7,5,10,9,1,3,1,1
1106,2024-05-02,2023_24,Chelsea,Tottenham,2,0,H,2.46,4.04,2.68,2.46,4.0,2.6,Pinnacle,2.46,4.04,2.68,0.4065040650406504,0.24752475247524752,0.3731343283582089,1.0271631458741068,0.027163145874106842,0.3957541376688695,0.24097900462015323,0.3632668577109772,2,0,2,5,21,7,9,27,5,1,4,10,1,1,2,0,3,4,14,11,9,18,2,2,3,5,1,1
1107,2024-05-03,2023_24,Luton,Everton,1,1,D,2.78,3.7,2.52,2.77,3.62,2.48,Pinnacle,2.78,3.7,2.52,0.3597122302158274,0.27027027027027023,0.3968253968253968,1.0268078973114945,0.026807897311494466,0.3503208644554322,0.2632140549151625,0.38646508062940527,1,1,2,5,9,6,13,21,6,3,5,9,1,1,1,2,0,0,18,16,10,23,1,6,4,7,1,1
1108,2024-05-04,2023_24,Man City,Wolves,5,1,H,1.1,13.5,24.0,1.1,12.16,23.44,Pinnacle,1.1,13.5,24.0,0.9090909090909091,0.07407407407407407,0.041666666666666664,1.0248316498316499,0.02483164983164987,0.8870636550308008,0.07227926078028747,0.0406570841889117,2,4,0,0,11,14,14,7,5,6,2,3,1,1,2,0,1,1,13,15,9,21,5,4,6,6,1,1
1109,2024-05-04,2023_24,Arsenal,Bournemouth,3,0,H,1.21,7.25,14.0,1.22,7.12,12.18,Pinnacle,1.21,7.25,14.0,0.8264462809917356,0.13793103448275862,0.07142857142857142,1.0358058869030655,0.03580588690306552,0.7978775670629852,0.13316301464085684,0.06895941829615801,3,5,2,0,9,27,14,7,3,10,2,1,1,1,3,1,0,0,15,21,13,15,6,6,1,4,1,1
1110,2024-05-04,2023_24,Brentford,Fulham,0,0,D,2.09,3.8,3.49,2.07,3.82,3.36,Pinnacle,2.09,3.8,3.49,0.47846889952153115,0.2631578947368421,0.28653295128939826,1.0281597455477716,0.028159745547771564,0.4653643576238416,0.2559503966931128,0.2786852456830455,0,5,1,1,10,21,18,6,4,9,1,3,1,1,1,1,1,3,9,12,14,14,2,5,4,7,1,1
1111,2024-05-04,2023_24,Burnley,Newcastle,1,4,A,3.37,4.21,2.02,3.35,4.08,2.01,Pinnacle,3.37,4.21,2.02,0.29673590504451036,0.23752969121140144,0.49504950495049505,1.0293151012064068,0.02931510120640679,0.28828480675812646,0.23076479780876158,0.480950395433112,1,4,1,1,16,16,27,18,7,9,10,11,1,1,5,0,1,2,20,7,15,20,7,2,5,7,1,1
1112,2024-05-04,2023_24,Sheffield United,Nott'm Forest,1,3,A,5.08,4.27,1.67,4.83,4.2,1.68,Pinnacle,5.08,4.27,1.67,0.19685039370078738,0.234192037470726,0.5988023952095809,1.0298448263810944,0.029844826381094425,0.19114568394980977,0.22740516966394234,0.5814491463862478,1,2,5,4,15,10,20,25,5,4,7,13,1,1,0,0,2,2,14,8,11,7,2,3,5,4,1,1
1113,2024-05-05,2023_24,Chelsea,West Ham,5,0,H,1.5,5.15,5.91,1.5,5.05,5.71,Pinnacle,1.5,5.15,5.91,0.6666666666666666,0.1941747572815534,0.1692047377326565,1.0300461616808765,0.030046161680876482,0.6472201843641351,0.18851073330994228,0.16426908232592263,2,2,0,2,16,21,19,9,5,5,3,4,1,1,2,2,2,5,11,4,28,18,8,1,8,7,1,1
1114,2024-05-05,2023_24,Liverpool,Tottenham,4,2,H,1.42,5.9,6.4,1.43,5.69,6.13,Pinnacle,1.42,5.9,6.4,0.7042253521126761,0.1694915254237288,0.15625,1.0299668775364048,0.029966877536404812,0.6837359214862566,0.16456017093398037,0.15170390757976315,2,0,2,2,28,23,11,16,8,7,8,6,1,1,0,2,2,3,19,14,16,9,3,2,5,3,1,1
1115,2024-05-05,2023_24,Brighton,Aston Villa,1,0,H,2.41,3.85,2.84,2.45,3.81,2.7,Pinnacle,2.41,3.85,2.84,0.41493775933609955,0.2597402597402597,0.35211267605633806,1.0267906951326973,0.026790695132697273,0.4041113357406059,0.25296319977528836,0.34292546448410577,0,0,3,4,13,7,15,14,1,3,6,6,1,1,2,3,2,1,9,14,21,14,4,4,5,6,1,1
1116,2024-05-06,2023_24,Crystal Palace,Man United,4,0,H,1.99,4.05,3.57,2.03,3.93,3.43,Pinnacle,1.99,4.05,3.57,0.5025125628140703,0.2469135802469136,0.2801120448179272,1.0295381878789112,0.02953818787891116,0.48809511752969886,0.2398294528108891,0.272075429659412,1,2,1,0,14,20,9,7,4,7,2,2,1,1,1,4,1,2,27,25,16,10,10,13,7,4,1,1
1117,2024-05-11,2023_24,Wolves,Crystal Palace,1,3,A,3.31,3.63,2.22,3.2,3.55,2.24,Pinnacle,3.31,3.63,2.22,0.3021148036253776,0.27548209366391185,0.4504504504504504,1.02804734773974,0.028047347739740047,0.2938724605336571,0.2679663483103044,0.4381611911560383,1,2,5,1,2,13,20,9,1,5,12,6,1,1,4,1,0,1,18,14,7,9,10,4,2,2,1,1
1118,2024-05-11,2023_24,Nott'm Forest,Chelsea,2,3,A,4.04,3.98,1.88,4.11,3.99,1.84,Pinnacle,4.04,3.98,1.88,0.24752475247524752,0.25125628140703515,0.5319148936170213,1.030695927499304,0.030695927499303943,0.24015303240384123,0.24377342987726594,0.5160735377188929,3,0,1,2,15,14,17,11,4,2,5,5,1,1,5,2,0,0,25,16,13,19,14,5,2,3,1,1
1119,2024-05-11,2023_24,Tottenham,Burnley,2,1,H,1.31,6.53,8.32,1.32,6.25,8.08,Pinnacle,1.31,6.53,8.32,0.7633587786259541,0.15313935681470137,0.12019230769230768,1.036690443132963,0.0366904431329631,0.7363420620711247,0.1477194642133497,0.11593847371552565,2,0,4,2,11,19,25,16,6,3,13,5,1,1,1,1,4,1,17,16,23,27,5,7,11,10,1,1
1120,2024-05-11,2023_24,West Ham,Luton,3,1,H,1.88,4.27,3.77,1.86,4.23,3.76,Pinnacle,1.88,4.27,3.77,0.5319148936170213,0.234192037470726,0.26525198938992045,1.0313589204776679,0.03135892047766786,0.515741787903156,0.22707132582153003,0.2571868862753139,0,2,5,2,13,11,25,28,2,8,14,8,1,1,1,1,1,2,18,9,10,13,5,6,3,5,1,1
1121,2024-05-11,2023_24,Everton,Sheffield United,1,0,H,1.44,5.07,7.03,1.43,5.05,7.08,Pinnacle,1.44,5.07,7.03,0.6944444444444444,0.1972386587771203,0.14224751066856328,1.033930613890128,0.03393061389012808,0.6716547852583853,0.19076585616806208,0.13757935857355258,1,1,1,0,10,18,18,10,3,1,5,4,1,1,1,1,3,5,17,15,15,20,5,5,4,7,1,1
1122,2024-05-11,2023_24,Newcastle,Brighton,1,1,D,1.6,4.84,5.01,1.59,4.75,4.99,Pinnacle,1.6,4.84,5.01,0.625,0.2066115702479339,0.1996007984031936,1.0312123686511274,0.03121236865112742,0.6060827226282481,0.20035792483578452,0.19355935253596745,4,5,1,1,23,20,17,15,11,7,5,5,1,1,1,0,0,3,15,13,2,15,8,1,1,6,1,1
1123,2024-05-11,2023_24,Bournemouth,Brentford,1,2,A,2.16,3.88,3.25,2.11,3.9,3.22,Pinnacle,2.16,3.88,3.25,0.4629629629629629,0.2577319587628866,0.3076923076923077,1.0283872294181573,0.0283872294181573,0.4501835006497493,0.2506176189184172,0.29919888043183346,0,3,3,0,7,15,25,13,2,6,9,1,1,1,0,0,0,1,7,10,15,18,3,4,3,1,1,1
1124,2024-05-11,2023_24,Fulham,Man City,0,4,A,10.9,7.4,1.24,11.13,7.21,1.23,Pinnacle,10.9,7.4,1.24,0.09174311926605504,0.13513513513513511,0.8064516129032259,1.033329867304416,0.033329867304416005,0.08878396160693551,0.13077637588048607,0.7804396625125785,0,1,0,1,15,9,7,14,3,2,3,4,1,1,5,2,1,0,20,11,2,14,12,5,1,2,1,1
1125,2024-05-12,2023_24,Man United,Arsenal,0,1,A,9.75,7.05,1.26,9.06,6.14,1.3,Pinnacle,9.75,7.05,1.26,0.10256410256410256,0.14184397163120568,0.7936507936507936,1.0380588678461018,0.038058867846101796,0.09880374393112769,0.13664347564943194,0.7645527804194404,0,1,4,1,7,27,18,16,2,10,10,7,1,1,3,3,0,2,25,9,7,14,9,3,2,2,1,1
1126,2024-05-13,2023_24,Aston Villa,Liverpool,3,3,D,3.9,4.58,1.8,3.83,4.53,1.79,Pinnacle,3.9,4.58,1.8,0.25641025641025644,0.2183406113537118,0.5555555555555556,1.0303064233195238,0.030306423319523823,0.2488679587031335,0.2119181307734106,0.5392139105234559,0,2,1,2,2,9,15,21,1,4,8,5,1,1,4,2,2,2,25,28,11,11,13,8,6,8,1,1
1127,2024-05-14,2023_24,Tottenham,Man City,0,2,A,6.6,6.35,1.38,6.73,6.02,1.38,Pinnacle,6.6,6.35,1.38,0.15151515151515152,0.15748031496062992,0.7246376811594204,1.0336331476352019,0.033633147635201865,0.1465850353791338,0.15235609976413908,0.7010588648567271,2,2,1,4,21,11,7,25,9,6,3,13,1,1,4,5,0,1,16,20,1,2,9,12,1,1,1,1
1128,2024-05-15,2023_24,Brighton,Chelsea,1,2,A,3.2,4.22,2.09,3.25,4.08,2.06,Pinnacle,3.2,4.22,2.09,0.3125,0.23696682464454977,0.47846889952153115,1.027935724166081,0.027935724166080922,0.30400733494647003,0.23052688905893462,0.4654657759945953,1,1,1,0,15,15,18,2,4,8,7,1,1,1,3,5,2,0,12,25,20,13,5,14,4,2,1,1
1129,2024-05-15,2023_24,Man United,Newcastle,3,2,H,2.73,3.9,2.47,2.7,3.95,2.4,Pinnacle,2.73,3.9,2.47,0.3663003663003663,0.25641025641025644,0.4048582995951417,1.0275689223057645,0.027568922305764465,0.3564727954971857,0.24953095684803003,0.3939962476547842,0,0,1,4,14,7,11,18,2,2,5,10,1,1,1,4,1,1,18,23,15,17,7,11,4,5,1,1
1130,2024-05-19,2023_24,Sheffield United,Tottenham,0,3,A,7.99,6.11,1.35,7.72,5.98,1.35,Pinnacle,7.99,6.11,1.35,0.1251564455569462,0.1636661211129296,0.7407407407407407,1.0295633074106165,0.029563307410616524,0.12156265152039898,0.15896654429590634,0.7194708041836947,0,1,1,3,13,17,15,15,1,5,6,4,1,1,0,2,2,1,10,21,8,7,5,9,5,3,1,1
1131,2024-05-19,2023_24,Man City,West Ham,3,1,H,1.07,15.01,27.84,1.07,14.3,28.36,Pinnacle,1.07,15.01,27.84,0.9345794392523364,0.06662225183211193,0.035919540229885055,1.0371212313143334,0.037121231314333425,0.901128441916046,0.06423767040973813,0.034633887674215845,2,4,0,0,8,16,10,1,5,9,5,1,1,1,3,0,1,5,24,13,4,25,8,2,1,14,1,1
1132,2024-05-19,2023_24,Luton,Fulham,2,4,A,3.11,3.99,2.19,3.05,3.93,2.18,Pinnacle,3.11,3.99,2.19,0.3215434083601286,0.2506265664160401,0.4566210045662101,1.0287909793423788,0.028790979342378842,0.31254493363235436,0.24361271769338896,0.44384234867425665,1,1,3,1,4,18,24,10,1,5,8,3,1,1,0,0,4,0,1,15,16,7,1,3,9,3,1,1
1133,2024-05-19,2023_24,Liverpool,Wolves,2,0,H,1.13,10.69,16.27,1.13,10.0,17.17,Pinnacle,1.13,10.69,16.27,0.8849557522123894,0.09354536950420955,0.06146281499692686,1.0399639367135258,0.03996393671352583,0.850948500203776,0.08995058982509513,0.05910090997112888,3,4,3,2,14,25,19,11,7,13,5,6,1,1,1,1,3,5,13,2,13,20,7,1,3,12,1,1
1134,2024-05-19,2023_24,Crystal Palace,Aston Villa,5,0,H,1.63,4.64,4.99,1.66,4.49,4.68,Pinnacle,1.63,4.64,4.99,0.6134969325153374,0.21551724137931036,0.2004008016032064,1.029414975497854,0.0294149754978541,0.5959665898765782,0.20935895290922898,0.19467445721419285,3,4,1,0,13,18,13,7,3,10,7,2,1,1,3,0,3,1,19,2,14,15,5,1,7,8,1,1
1135,2024-05-19,2023_24,Chelsea,Bournemouth,2,1,H,1.4,5.59,7.23,1.4,5.56,6.88,Pinnacle,1.4,5.59,7.23,0.7142857142857143,0.17889087656529518,0.1383125864453665,1.031489177296376,0.0314891772963759,0.6924800860809031,0.17342971744423333,0.13409019647486364,2,3,1,2,13,12,12,20,6,5,2,4,1,1,1,0,2,3,13,7,11,25,4,2,5,9,1,1
1136,2024-05-19,2023_24,Burnley,Nott'm Forest,1,2,A,2.85,3.9,2.35,2.9,3.79,2.32,Pinnacle,2.85,3.9,2.35,0.3508771929824561,0.25641025641025644,0.425531914893617,1.0328193642863295,0.03281936428632948,0.33972755073672506,0.24826244092299143,0.4120100083402836,1,1,2,4,7,17,21,23,3,5,9,11,1,1,2,3,3,1,20,15,12,17,4,4,5,5,1,1
1137,2024-05-19,2023_24,Brighton,Man United,0,2,A,2.66,4.03,2.48,2.62,4.02,2.44,Pinnacle,2.66,4.03,2.48,0.37593984962406013,0.24813895781637715,0.40322580645161293,1.0273046138920503,0.0273046138920503,0.36594778660612937,0.2415437003405221,0.3925085130533485,1,1,2,1,12,15,13,18,2,4,6,7,1,1,3,0,2,1,17,14,21,11,8,2,8,5,1,1
1138,2024-05-19,2023_24,Brentford,Newcastle,2,4,A,2.99,4.05,2.24,2.94,4.01,2.2,Pinnacle,2.99,4.05,2.24,0.33444816053511706,0.2469135802469136,0.4464285714285714,1.027790312210602,0.02779031221060202,0.32540505253039015,0.24023731038663373,0.43435763708297614,2,0,1,0,11,7,13,15,5,3,4,3,1,1,2,1,3,1,21,18,17,15,8,7,8,4,1,1
1139,2024-05-19,2023_24,Arsenal,Everton,2,1,H,1.22,7.16,13.07,1.22,7.25,12.71,Pinnacle,1.22,7.16,13.07,0.819672131147541,0.13966480446927373,0.07651109410864575,1.0358480297254604,0.03584802972546042,0.7913053919355194,0.13483136566499074,0.07386324239948994,1,3,0,0,11,25,14,7,5,9,2,2,1,1,1,1,0,1,15,10,13,18,6,3,1,5,1,1
1140,2024-08-16,2024_25,Man United,Fulham,1,0,H,1.65,4.23,5.28,1.66,4.2,5.02,Pinnacle,1.65,4.23,5.28,0.6060606060606061,0.23640661938534277,0.1893939393939394,1.0318611648398883,0.03186116483988832,0.5873470450403541,0.22910700338453524,0.18354595157511064,2,3,0,2,11,17,17,21,4,8,3,8,1,1,4,0,2,4,15,1,15,16,7,1,6,9,1,1
1141,2024-08-17,2024_25,Ipswich,Liverpool,0,2,A,8.14,6.09,1.34,7.87,5.81,1.35,Pinnacle,8.14,6.09,1.34,0.12285012285012284,0.16420361247947454,0.7462686567164178,1.0333223920460153,0.03332239204601528,0.11888847449330427,0.15890840433095185,0.7222031211757438,,,,,,,,,,,,,0,0,2,3,0,3,36,14,4,19,14,7,3,5,1,1
1142,2024-08-17,2024_25,Arsenal,Wolves,2,0,H,1.15,9.05,18.76,1.15,8.62,18.11,Pinnacle,1.15,9.05,18.76,0.8695652173913044,0.11049723756906077,0.053304904051172705,1.0333673590115378,0.033367359011537756,0.8414870179595014,0.10692928957496425,0.05158369246553446,2,1,1,0,26,11,5,14,5,5,2,2,1,1,0,1,2,3,4,13,36,13,3,7,14,3,1,1
1143,2024-08-17,2024_25,Everton,Brighton,0,3,A,3.15,3.41,2.4,3.06,3.4,2.38,Pinnacle,3.15,3.41,2.4,0.31746031746031744,0.29325513196480935,0.4166666666666667,1.0273821160917935,0.02738211609179353,0.30899926374808856,0.2854392025825451,0.40556153366936626,1,1,2,0,5,15,26,13,2,6,5,1,1,1,0,1,2,2,17,12,11,13,3,2,4,6,1,1
1144,2024-08-17,2024_25,Newcastle,Southampton,1,0,H,1.42,5.3,7.26,1.39,5.27,7.33,Pinnacle,1.42,5.3,7.26,0.7042253521126761,0.18867924528301888,0.13774104683195593,1.030645644227651,0.030645644227651037,0.6832856239744854,0.18306897849882442,0.13364539752669,4,2,2,3,12,21,10,17,7,8,5,8,1,1,4,1,4,3,15,5,30,26,10,1,8,8,1,1
1145,2024-08-17,2024_25,Nott'm Forest,Bournemouth,1,1,D,2.24,3.5,3.37,2.25,3.44,3.23,Pinnacle,2.24,3.5,3.37,0.4464285714285714,0.2857142857142857,0.29673590504451036,1.0288787621873674,0.0288787621873674,0.4338981305041974,0.27769480352268633,0.2884070659731163,2,2,1,3,12,20,20,12,6,4,3,5,1,1,1,1,2,2,22,13,16,11,5,4,6,5,1,1
1146,2024-08-17,2024_25,West Ham,Aston Villa,1,2,A,2.54,3.51,2.86,2.47,3.51,2.83,Pinnacle,2.54,3.51,2.86,0.39370078740157477,0.2849002849002849,0.3496503496503497,1.0282514219522092,0.0282514219522092,0.3828837762792543,0.2770725902419675,0.34004363347877836,1,3,3,1,3,24,28,4,2,8,12,1,1,1,0,3,5,3,8,19,15,14,2,5,9,7,1,1
1147,2024-08-18,2024_25,Brentford,Crystal Palace,2,1,H,2.92,3.24,2.66,2.85,3.28,2.62,Pinnacle,2.92,3.24,2.66,0.3424657534246575,0.30864197530864196,0.37593984962406013,1.0270475783573596,0.027047578357359603,0.3334468243159589,0.3005138046304321,0.366039371053609,2,2,4,1,10,11,12,13,5,5,7,4,1,1,5,3,0,1,15,13,8,13,9,3,2,7,1,1
1148,2024-08-18,2024_25,Chelsea,Man City,0,2,A,3.86,3.91,1.97,3.64,3.83,1.98,Pinnacle,3.86,3.91,1.97,0.2590673575129534,0.2557544757033248,0.5076142131979695,1.0224360464142477,0.02243604641424768,0.25338245694830513,0.2501422720768434,0.49647527097485156,2,2,1,1,16,13,22,12,6,6,5,2,1,1,3,2,1,0,28,8,3,10,12,5,2,5,1,1
1149,2024-08-19,2024_25,Leicester,Tottenham,1,1,D,4.64,4.33,1.71,4.57,4.23,1.71,Pinnacle,4.64,4.33,1.71,0.21551724137931036,0.23094688221709006,0.5847953216374269,1.0312594452338273,0.03125944523382729,0.20898450179086028,0.22394644071815048,0.5670690574909892,2,0,1,0,13,1,16,23,4,1,3,4,1,1,3,0,0,2,18,10,6,8,9,5,1,5,1,1
1150,2024-08-24,2024_25,Brighton,Man United,2,1,H,2.42,3.76,2.86,2.41,3.72,2.81,Pinnacle,2.42,3.76,2.86,0.4132231404958678,0.26595744680851063,0.3496503496503497,1.0288309369547282,0.02883093695472816,0.4016433853738701,0.25850451930977814,0.3398520953163517,3,0,0,2,10,17,9,11,5,3,1,4,1,1,1,2,0,0,14,11,10,17,5,4,2,3,1,1
1151,2024-08-24,2024_25,Crystal Palace,West Ham,0,2,A,1.97,3.84,3.84,1.98,3.78,3.72,Pinnacle,1.97,3.84,3.84,0.5076142131979695,0.2604166666666667,0.2604166666666667,1.028447546531303,0.028447546531302992,0.49357326478149094,0.2532133676092545,0.2532133676092545,1,5,2,0,14,15,9,8,6,9,5,2,1,1,1,1,2,3,14,3,15,28,3,2,3,12,1,1
1152,2024-08-24,2024_25,Fulham,Leicester,2,1,H,1.88,3.81,4.26,1.88,3.71,4.21,Pinnacle,1.88,3.81,4.26,0.5319148936170213,0.26246719160104987,0.2347417840375587,1.02912386925563,0.02912386925562993,0.5168618759195215,0.2550394558343046,0.2280986682461738,0,4,1,2,10,15,14,15,2,7,5,6,1,1,1,2,1,1,7,13,15,16,3,4,7,3,1,1
1153,2024-08-24,2024_25,Man City,Ipswich,4,1,H,1.1,11.0,31.0,1.09,11.44,27.5,Pinnacle,1.1,11.0,31.0,0.9090909090909091,0.09090909090909091,0.03225806451612903,1.032258064516129,0.032258064516129004,0.8806818181818182,0.08806818181818182,0.03125,2,3,0,1,11,28,10,3,5,12,3,2,1,1,0,,2,,7,,18,,2,,5,,1,0
1154,2024-08-24,2024_25,Southampton,Nott'm Forest,0,1,A,2.33,3.54,3.11,2.36,3.48,3.04,Pinnacle,2.33,3.54,3.11,0.4291845493562232,0.2824858757062147,0.3215434083601286,1.0332138334225665,0.03321383342256645,0.41538792404136754,0.2734050460498266,0.3112070299088059,0,4,1,4,19,15,3,30,4,10,1,8,1,1,1,2,1,1,14,12,13,20,8,6,4,3,1,1
1155,2024-08-24,2024_25,Tottenham,Everton,4,0,H,1.37,5.66,8.0,1.37,5.39,7.91,Pinnacle,1.37,5.66,8.0,0.7299270072992701,0.17667844522968199,0.125,1.031605452528952,0.03160545252895197,0.7075641229986468,0.171265520937835,0.12117035606351827,1,3,1,0,15,18,7,6,7,9,3,1,1,1,0,1,3,2,9,5,10,26,1,2,5,5,1,1
1156,2024-08-24,2024_25,Aston Villa,Arsenal,0,2,A,4.85,4.04,1.74,4.66,4.02,1.74,Pinnacle,4.85,4.04,1.74,0.2061855670103093,0.24752475247524752,0.5747126436781609,1.0284229631637176,0.02842296316371762,0.20048712873546176,0.24068380553638352,0.5588290657281548,2,0,1,5,15,8,14,15,3,2,3,9,1,1,2,2,0,1,18,26,9,5,6,5,3,2,1,1
1157,2024-08-25,2024_25,Bournemouth,Newcastle,1,1,D,2.63,3.66,2.68,2.57,3.65,2.64,Pinnacle,2.63,3.66,2.68,0.3802281368821293,0.27322404371584696,0.3731343283582089,1.0265865089561852,0.026586508956185195,0.3703809991315184,0.2661480950043424,0.3634709058641392,1,1,1,2,13,22,14,16,4,5,8,6,1,1,1,4,0,2,3,12,19,10,1,7,4,5,1,1
1158,2024-08-25,2024_25,Wolves,Chelsea,2,6,A,3.91,3.94,1.93,3.89,3.89,1.91,Pinnacle,3.91,3.94,1.93,0.2557544757033248,0.25380710659898476,0.5181347150259068,1.0276962973282164,0.027696297328216435,0.24886192192015288,0.24696703418979638,0.5041710438900507,0,0,2,2,9,4,18,36,3,3,6,14,1,1,0,2,2,1,10,16,11,22,3,6,5,5,1,1
1159,2024-08-25,2024_25,Liverpool,Brentford,2,0,H,1.22,7.75,12.5,1.22,7.19,11.82,Pinnacle,1.22,7.75,12.5,0.819672131147541,0.12903225806451613,0.08,1.028704389212057,0.02870438921205709,0.7968004606020728,0.125431814443165,0.0777677249547623,2,2,0,0,18,36,7,4,5,14,2,3,1,1,2,2,1,4,9,10,14,12,5,5,6,7,1,1
1160,2024-08-31,2024_25,West Ham,Man City,1,3,A,7.7,5.25,1.41,7.32,5.14,1.4,Pinnacle,7.7,5.25,1.41,0.12987012987012986,0.19047619047619047,0.7092198581560284,1.0295661785023487,0.02956617850234866,0.1261406333870102,0.1850062623009483,0.6888531043120416,2,1,0,2,18,14,14,15,3,3,2,3,1,1,4,2,1,0,14,11,1,10,5,5,1,3,1,1
1161,2024-08-31,2024_25,Nott'm Forest,Wolves,1,1,D,2.0,3.7,3.88,2.0,3.61,3.73,Pinnacle,2.0,3.7,3.88,0.5,0.27027027027027023,0.2577319587628866,1.0280022290331567,0.028002229033156745,0.4863802683290419,0.26290825315083344,0.2507114785201247,1,1,0,1,23,14,5,13,8,8,1,4,1,1,2,0,6,2,12,9,14,18,4,3,8,6,1,1
1162,2024-08-31,2024_25,Leicester,Aston Villa,1,2,A,4.01,3.87,1.92,4.0,3.76,1.91,Pinnacle,4.01,3.87,1.92,0.24937655860349128,0.25839793281653745,0.5208333333333334,1.028607824753362,0.0286078247533621,0.24244085316314445,0.2512113233034132,0.5063478235334423,1,1,2,1,10,7,18,15,4,3,6,7,1,1,0,2,2,1,11,15,9,14,3,3,4,3,1,1
1163,2024-08-31,2024_25,Ipswich,Fulham,1,1,D,3.07,3.43,2.43,3.03,3.41,2.4,Pinnacle,3.07,3.43,2.43,0.32573289902280134,0.29154518950437314,0.4115226337448559,1.0288007222720303,0.028800722272030344,0.316614181902443,0.28338353890393575,0.4000022791936213,1,0,4,2,1,7,14,18,1,2,5,5,1,1,2,0,1,1,18,10,10,14,6,2,4,5,1,1
1164,2024-08-31,2024_25,Everton,Bournemouth,2,3,A,3.14,3.45,2.39,2.96,3.45,2.43,Pinnacle,3.14,3.45,2.39,0.3184713375796178,0.2898550724637681,0.41841004184100417,1.02673645188439,0.02673645188439,0.310178271157239,0.28230718012571904,0.40751454871704207,0,0,4,3,10,9,13,10,1,1,7,5,1,1,1,1,1,1,16,13,14,14,4,4,5,8,1,1
1165,2024-08-31,2024_25,Brentford,Southampton,3,1,H,1.82,3.91,4.46,1.8,3.86,4.42,Pinnacle,1.82,3.91,4.46,0.5494505494505494,0.2557544757033248,0.2242152466367713,1.0294202717906455,0.029420271790645547,0.5337475514201763,0.2484451518119491,0.21780729676787464,0,2,2,1,8,9,19,14,2,5,8,6,1,1,0,0,1,1,5,19,23,3,1,4,8,1,1,1
1166,2024-08-31,2024_25,Arsenal,Brighton,1,1,D,1.37,5.48,8.43,1.37,5.37,8.0,Pinnacle,1.37,5.48,8.43,0.7299270072992701,0.18248175182481752,0.11862396204033215,1.0310327211644197,0.031032721164419685,0.7079571698509343,0.17698929246273357,0.11505353768633216,2,2,0,0,9,18,11,9,4,6,3,3,1,1,2,3,1,0,14,10,11,9,5,5,4,1,1,1
1167,2024-09-01,2024_25,Chelsea,Crystal Palace,1,1,D,1.68,4.24,5.05,1.65,4.3,4.97,Pinnacle,1.68,4.24,5.05,0.5952380952380952,0.23584905660377356,0.19801980198019803,1.0291069538220667,0.02910695382206674,0.5784025586722567,0.22917837230410165,0.1924190690236418,6,0,2,2,14,10,12,11,8,3,4,5,1,1,0,1,2,2,14,14,18,9,2,6,3,5,1,1
1168,2024-09-01,2024_25,Newcastle,Tottenham,2,1,H,2.53,3.89,2.66,2.46,3.89,2.64,Pinnacle,2.53,3.89,2.66,0.3952569169960475,0.2570694087403599,0.37593984962406013,1.0282661753604674,0.028266175360467383,0.38439163561661144,0.2500027861465365,0.3656055782368522,1,1,1,0,14,3,16,19,5,1,4,4,1,1,4,1,0,1,13,15,10,7,7,7,1,3,1,1
1169,2024-09-01,2024_25,Man United,Liverpool,0,3,A,3.51,4.11,2.0,3.56,4.04,1.95,Pinnacle,3.51,4.11,2.0,0.2849002849002849,0.24330900243309,0.5,1.0282092873333748,0.0282092873333748,0.2770839443000597,0.23663373345333563,0.4862823222466048,1,1,2,0,11,14,14,10,4,5,5,2,1,1,2,2,0,0,19,18,8,7,8,5,2,2,1,1
1170,2024-09-14,2024_25,Southampton,Man United,0,3,A,4.2,4.12,1.82,4.19,4.05,1.8,Pinnacle,4.2,4.12,1.82,0.23809523809523808,0.24271844660194175,0.5494505494505494,1.0302642341477293,0.030264234147729274,0.23110113910942354,0.23558853986882983,0.5333103210217466,1,0,3,1,18,5,20,23,6,1,7,8,1,1,0,1,3,2,8,11,11,14,3,4,3,5,1,1
1171,2024-09-14,2024_25,Brighton,Ipswich,0,0,D,1.53,4.61,6.22,1.48,4.7,6.48,Pinnacle,1.53,4.61,6.22,0.6535947712418301,0.21691973969631234,0.1607717041800643,1.0312862151182067,0.03128621511820673,0.6337666126633086,0.2103390276301219,0.15589435970656948,1,2,1,1,22,14,11,11,4,5,7,4,1,1,1,1,1,4,11,1,9,14,4,1,4,5,1,1
1172,2024-09-14,2024_25,Crystal Palace,Leicester,2,2,D,1.67,4.02,5.43,1.67,3.98,5.27,Pinnacle,1.67,4.02,5.43,0.5988023952095809,0.24875621890547267,0.1841620626151013,1.0317206767301548,0.03172067673015477,0.580391969178492,0.2411081065990253,0.1784999242224828,1,0,1,2,9,14,13,18,3,2,7,3,1,1,1,1,2,2,9,10,10,18,3,4,5,6,1,1
1173,2024-09-14,2024_25,Fulham,West Ham,1,1,D,2.36,3.41,3.21,2.33,3.39,3.15,Pinnacle,2.36,3.41,3.21,0.42372881355932207,0.29325513196480935,0.3115264797507788,1.0285104252749102,0.02851042527491021,0.4119830029394828,0.28512606655049244,0.3028909305100247,1,2,1,1,9,18,11,10,4,6,4,4,1,1,1,2,3,0,10,18,23,14,2,3,8,2,1,1
1174,2024-09-14,2024_25,Liverpool,Nott'm Forest,0,1,A,1.22,7.11,12.95,1.23,6.75,11.99,Pinnacle,1.22,7.11,12.95,0.819672131147541,0.14064697609001406,0.07722007722007722,1.0375391844576323,0.03753918445763227,0.7900155901832469,0.1355582306643546,0.07442617915239855,3,2,0,0,11,19,8,8,3,8,3,2,1,1,1,1,1,0,16,23,11,5,5,8,3,1,1,1
1175,2024-09-14,2024_25,Man City,Brentford,2,1,H,1.21,7.2,13.92,1.19,7.64,13.85,Pinnacle,1.21,7.2,13.92,0.8264462809917356,0.1388888888888889,0.07183908045977011,1.0371742503403947,0.03717425034039468,0.7968249122271408,0.13391085330483896,0.06926423446802013,3,4,1,1,23,14,10,1,8,5,2,1,1,1,3,0,1,2,20,8,18,19,7,2,6,8,1,1
1176,2024-09-14,2024_25,Aston Villa,Everton,3,2,H,1.68,4.0,5.44,1.68,3.94,5.24,Pinnacle,1.68,4.0,5.44,0.5952380952380952,0.25,0.1838235294117647,1.0290616246498598,0.02906162464985984,0.578428036747193,0.24293977543382106,0.17863218781898604,2,0,1,2,10,11,9,9,5,3,3,4,1,1,2,0,3,4,18,10,17,13,8,1,7,7,1,1
1177,2024-09-14,2024_25,Bournemouth,Chelsea,0,1,A,3.17,3.79,2.23,3.11,3.8,2.19,Pinnacle,3.17,3.79,2.23,0.31545741324921134,0.2638522427440633,0.4484304932735426,1.0277401492668172,0.027740149266817227,0.3069427748582718,0.25673050034319833,0.4363267247985299,3,1,2,1,17,16,18,14,7,4,8,5,1,1,1,6,1,2,13,14,9,12,7,8,3,4,1,1
1178,2024-09-15,2024_25,Tottenham,Arsenal,0,1,A,2.77,3.49,2.63,2.77,3.51,2.53,Pinnacle,2.77,3.49,2.63,0.36101083032490977,0.28653295128939826,0.3802281368821293,1.0277719184964373,0.027771918496437342,0.35125578333862717,0.27879040683323697,0.36995380982813586,1,4,2,0,20,13,9,10,6,7,3,1,1,1,1,2,1,0,11,9,22,11,7,4,4,3,1,1
1179,2024-09-15,2024_25,Wolves,Newcastle,1,2,A,3.6,3.73,2.07,3.59,3.69,2.04,Pinnacle,3.6,3.73,2.07,0.2777777777777778,0.2680965147453083,0.48309178743961356,1.0289660799626996,0.02896607996269962,0.26995814846282135,0.2605494194279241,0.46949243210925456,1,2,1,6,11,12,16,14,3,4,5,8,1,1,2,1,1,1,9,14,20,16,3,5,6,4,1,1
1180,2024-09-21,2024_25,Crystal Palace,Man United,0,0,D,2.8,3.55,2.57,2.85,3.58,2.44,Pinnacle,2.8,3.55,2.57,0.35714285714285715,0.28169014084507044,0.38910505836575876,1.0279380563536864,0.027938056353686402,0.34743616595898624,0.2740341590662427,0.378529674974771,2,1,2,1,20,9,9,13,4,3,4,7,1,1,3,0,0,3,20,8,6,11,10,3,4,3,1,1
1181,2024-09-21,2024_25,Southampton,Ipswich,1,1,D,2.42,3.48,3.06,2.44,3.44,2.95,Pinnacle,2.42,3.48,3.06,0.4132231404958678,0.28735632183908044,0.32679738562091504,1.0273768479558631,0.02737684795586315,0.40221184789013287,0.27969904364773607,0.31808910846213123,0,1,3,3,6,18,20,20,4,6,10,7,1,1,0,1,0,1,6,11,21,9,1,4,6,4,1,1
1182,2024-09-21,2024_25,Liverpool,Bournemouth,3,0,H,1.25,6.85,10.91,1.26,6.7,10.38,Pinnacle,1.25,6.85,10.91,0.8,0.14598540145985403,0.09165902841429881,1.037644429874153,0.03764442987415295,0.7709770100120185,0.14068923540365302,0.08833375458432842,0,3,1,0,14,11,5,8,5,3,3,3,1,1,0,3,1,2,19,17,10,18,7,7,3,8,1,1
1183,2024-09-21,2024_25,Tottenham,Brentford,3,1,H,1.48,5.1,6.23,1.47,4.99,6.19,Pinnacle,1.48,5.1,6.23,0.6756756756756757,0.19607843137254904,0.16051364365971107,1.0322677507079356,0.03226775070793564,0.6545546687981806,0.18994919800417792,0.15549613319764163,0,1,1,2,15,20,7,9,5,6,4,3,1,1,1,3,2,1,8,20,18,18,5,7,7,6,1,1
1184,2024-09-21,2024_25,Fulham,Newcastle,3,1,H,3.02,3.57,2.41,2.89,3.51,2.45,Pinnacle,3.02,3.57,2.41,0.33112582781456956,0.2801120448179272,0.41493775933609955,1.0261756319685964,0.026175631968596402,0.322679488285396,0.2729669620789624,0.4043535496356414,1,1,1,1,21,9,11,11,5,4,3,4,1,1,2,2,1,1,14,9,12,20,6,3,5,6,1,1
1185,2024-09-21,2024_25,West Ham,Chelsea,0,3,A,3.59,3.94,2.01,3.53,3.91,2.0,Pinnacle,3.59,3.94,2.01,0.2785515320334262,0.25380710659898476,0.49751243781094534,1.0298710764433563,0.029871076443356293,0.2704722352193826,0.2464455138166455,0.4830822509639719,1,1,1,3,11,10,21,23,3,2,5,8,1,1,1,1,0,1,10,13,19,9,3,7,7,3,1,1
1186,2024-09-21,2024_25,Leicester,Everton,1,1,D,2.1,3.52,3.69,2.11,3.5,3.57,Pinnacle,2.1,3.52,3.69,0.47619047619047616,0.2840909090909091,0.2710027100271003,1.0312840953084854,0.031284095308485416,0.461745195486637,0.2754729859437323,0.26278181856963084,2,1,2,2,9,9,20,10,4,3,4,5,1,1,2,2,3,3,6,18,17,17,2,8,8,7,1,1
1187,2024-09-21,2024_25,Aston Villa,Wolves,3,1,H,1.67,4.21,5.16,1.62,4.27,5.28,Pinnacle,1.67,4.21,5.16,0.5988023952095809,0.23752969121140144,0.19379844961240308,1.0301305360333854,0.030130536033385447,0.581287879801453,0.2305821280922628,0.18812999210628417,3,2,2,1,17,10,6,9,8,5,2,3,1,1,1,1,2,1,12,11,14,16,5,3,6,5,1,1
1188,2024-09-22,2024_25,Brighton,Nott'm Forest,2,2,D,1.84,3.82,4.45,1.84,3.75,4.33,Pinnacle,1.84,3.82,4.45,0.5434782608695652,0.2617801047120419,0.2247191011235955,1.0299774667052026,0.029977466705202627,0.5276603405782255,0.25416100174448564,0.21817865767728878,0,1,0,1,21,22,6,11,6,4,1,7,1,1,1,1,0,1,5,16,14,11,3,5,5,3,1,1
1189,2024-09-22,2024_25,Man City,Arsenal,2,2,D,1.81,3.66,4.91,1.78,3.58,4.98,Pinnacle,1.81,3.66,4.91,0.5524861878453039,0.27322404371584696,0.20366598778004072,1.0293762193411915,0.0293762193411915,0.5367194009969447,0.26542680759684967,0.19785379140620568,2,3,1,1,18,23,8,10,7,8,5,2,1,1,1,1,0,1,7,11,15,22,4,7,5,4,1,1
1190,2024-09-28,2024_25,Newcastle,Man City,1,1,D,4.9,4.23,1.69,4.95,4.2,1.67,Pinnacle,4.9,4.23,1.69,0.2040816326530612,0.23640661938534277,0.591715976331361,1.032204228369765,0.032204228369765,0.19771439318300615,0.22903085735147286,0.5732547494655209,1,2,3,1,15,14,22,12,4,6,11,5,1,1,2,2,2,1,33,18,5,8,11,7,3,5,1,1
1191,2024-09-28,2024_25,Arsenal,Leicester,4,2,H,1.2,6.8,17.5,1.2,7.13,15.65,Pinnacle,1.2,6.8,17.5,0.8333333333333334,0.14705882352941177,0.05714285714285714,1.0375350140056023,0.03753501400560233,0.8031857451403888,0.14173866090712742,0.05507559395248379,2,1,2,0,5,7,33,15,3,4,11,5,1,1,1,2,1,2,12,9,16,20,2,4,5,4,1,1
1192,2024-09-28,2024_25,Brentford,West Ham,1,1,D,2.26,3.56,3.27,2.23,3.57,3.2,Pinnacle,2.26,3.56,3.27,0.4424778761061947,0.2808988764044944,0.3058103975535168,1.0291871500642058,0.029187150064205802,0.4299294604276693,0.2729327473501496,0.2971377922221812,1,1,3,2,6,8,23,18,6,5,10,7,1,1,0,1,3,1,15,11,12,21,7,3,5,5,1,1
1193,2024-09-28,2024_25,Chelsea,Brighton,4,2,H,1.81,4.2,4.15,1.77,4.18,4.26,Pinnacle,1.81,4.2,4.15,0.5524861878453039,0.23809523809523808,0.24096385542168672,1.0315452813622286,0.03154528136222856,0.5355908245886276,0.23081414107271808,0.23359503433865442,3,1,0,0,12,10,15,19,5,3,7,7,1,1,2,0,2,0,14,21,4,6,3,6,3,1,1,1
1194,2024-09-28,2024_25,Everton,Crystal Palace,2,1,H,2.79,3.35,2.7,2.75,3.34,2.65,Pinnacle,2.79,3.35,2.7,0.35842293906810035,0.29850746268656714,0.37037037037037035,1.027300772125038,0.02730077212503801,0.3488977608054157,0.290574553028988,0.3605276861655962,1,2,1,3,16,6,12,17,5,2,2,8,1,1,0,2,0,2,9,20,15,9,4,4,6,4,1,1
1195,2024-09-28,2024_25,Nott'm Forest,Fulham,0,1,A,2.65,3.16,3.0,2.54,3.17,3.03,Pinnacle,2.65,3.16,3.0,0.37735849056603776,0.3164556962025316,0.3333333333333333,1.0271475201019027,0.02714752010190269,0.3673849015656488,0.3080917687180282,0.32452332971632303,2,1,2,0,4,5,14,14,3,3,3,5,1,1,3,1,1,1,22,21,15,11,11,5,4,3,1,1
1196,2024-09-28,2024_25,Wolves,Liverpool,1,2,A,8.72,5.95,1.33,8.71,5.91,1.32,Pinnacle,8.72,5.95,1.33,0.1146788990825688,0.1680672268907563,0.7518796992481203,1.0346258252214453,0.034625825221445306,0.11084094006451424,0.16244252056513683,0.726716539370349,1,1,3,2,10,12,9,14,4,5,4,6,1,1,3,0,0,1,19,14,19,5,13,5,6,3,1,1
1197,2024-09-29,2024_25,Ipswich,Aston Villa,2,2,D,3.64,3.59,2.1,3.65,3.58,2.06,Pinnacle,3.64,3.59,2.1,0.2747252747252747,0.2785515320334262,0.47619047619047616,1.0294672829491769,0.029467282949176887,0.2668615887804153,0.27057832400019827,0.4625600872193866,1,0,1,0,13,6,11,21,6,1,3,6,1,1,3,3,1,2,9,17,10,6,4,8,4,2,1,1
1198,2024-09-29,2024_25,Man United,Tottenham,0,3,A,2.12,3.89,3.27,2.11,3.86,3.24,Pinnacle,2.12,3.89,3.27,0.4716981132075471,0.2570694087403599,0.3058103975535168,1.034577919501424,0.03457791950142397,0.45593290202333364,0.24847757128263945,0.2955895266940267,0,3,0,0,15,20,9,6,6,10,4,4,1,1,3,0,1,1,23,15,6,7,10,5,6,4,1,1
1199,2024-09-30,2024_25,Bournemouth,Southampton,3,1,H,1.49,4.69,6.79,1.52,4.52,6.1,Pinnacle,1.49,4.69,6.79,0.6711409395973155,0.21321961620469082,0.14727540500736377,1.03163596080937,0.03163596080936992,0.6505598535657596,0.20668106222025198,0.1427590842139885,0,0,3,1,19,19,19,10,6,7,13,3,1,1,1,0,1,3,11,6,13,20,3,4,6,10,1,1
1200,2024-10-05,2024_25,Crystal Palace,Liverpool,0,1,A,5.14,4.1,1.69,5.03,4.1,1.67,Pinnacle,5.14,4.1,1.69,0.19455252918287938,0.24390243902439027,0.591715976331361,1.0301709445386307,0.030170944538630673,0.18885460730016135,0.23675919061532424,0.5743862020845144,1,0,2,0,17,9,8,15,5,4,2,6,1,1,2,3,1,0,10,19,8,19,6,13,3,6,1,1
1201,2024-10-05,2024_25,Arsenal,Southampton,3,1,H,1.16,8.18,18.71,1.18,7.99,15.31,Pinnacle,1.16,8.18,18.71,0.8620689655172414,0.12224938875305624,0.053447354355959376,1.037765708626257,0.037765708626257055,0.8306971008498688,0.11780056686868555,0.05150233228144563,4,2,2,2,36,5,5,33,16,3,3,11,1,1,1,1,3,1,9,11,14,13,3,3,6,6,1,1
1202,2024-10-05,2024_25,Brentford,Wolves,5,3,H,2.11,3.61,3.6,2.05,3.6,3.57,Pinnacle,2.11,3.61,3.6,0.47393364928909953,0.2770083102493075,0.2777777777777778,1.0287197373161847,0.028719737316184712,0.4607023974533041,0.2692748084837872,0.2700227940629088,1,1,1,3,8,6,19,23,3,6,3,10,1,1,1,1,2,3,8,10,10,9,3,4,6,4,1,1
1203,2024-10-05,2024_25,Leicester,Bournemouth,1,0,H,3.7,3.81,2.02,3.5,3.79,2.04,Pinnacle,3.7,3.81,2.02,0.27027027027027023,0.26246719160104987,0.49504950495049505,1.0277869668218151,0.02778696682181514,0.2629633172971791,0.2553712005248196,0.4816654821780013,2,1,4,1,5,12,36,16,3,2,16,5,1,1,3,0,1,3,14,19,9,19,6,6,3,13,1,1
1204,2024-10-05,2024_25,Man City,Fulham,3,2,H,1.26,6.52,11.37,1.26,6.4,10.93,Pinnacle,1.26,6.52,11.37,0.7936507936507936,0.15337423312883436,0.08795074758135445,1.0349757743609824,0.034975774360982426,0.7668303097633484,0.1481911334818741,0.08497855675477742,1,2,1,2,16,33,11,5,6,11,4,3,1,1,1,3,0,1,14,22,11,15,2,11,1,4,1,1
1205,2024-10-05,2024_25,West Ham,Ipswich,4,1,H,1.92,3.84,4.05,1.91,3.79,3.98,Pinnacle,1.92,3.84,4.05,0.5208333333333334,0.2604166666666667,0.2469135802469136,1.0281635802469136,0.028163580246913567,0.5065666041275798,0.2532833020637899,0.24015009380863042,1,0,1,3,19,15,8,12,3,7,3,5,1,1,2,1,2,1,15,13,7,11,5,6,3,3,1,1
1206,2024-10-05,2024_25,Everton,Newcastle,0,0,D,3.71,3.77,2.0,3.67,3.74,1.98,Pinnacle,3.71,3.77,2.0,0.2695417789757412,0.26525198938992045,0.5,1.0347937683656616,0.034793768365661615,0.26047874196367804,0.25633319169369917,0.48318806634262285,2,1,1,1,8,16,17,12,2,5,5,2,1,1,1,1,1,3,11,15,16,22,4,4,6,11,1,1
1207,2024-10-06,2024_25,Aston Villa,Man United,0,0,D,2.23,3.84,3.13,2.2,3.86,3.06,Pinnacle,2.23,3.84,3.13,0.4484304932735426,0.2604166666666667,0.3194888178913738,1.028335977831583,0.028335977831583037,0.43607391255446754,0.2532408398428288,0.31068524760270366,2,3,2,1,7,9,15,10,3,4,5,4,1,1,0,0,3,0,11,15,24,9,2,6,10,4,1,1
1208,2024-10-06,2024_25,Chelsea,Nott'm Forest,1,1,D,1.52,4.7,6.34,1.5,4.6,6.34,Pinnacle,1.52,4.7,6.34,0.6578947368421053,0.2127659574468085,0.15772870662460567,1.0283894009135195,0.02838940091351949,0.6397330974606473,0.20689240598727318,0.15337449655207946,4,3,2,0,15,12,15,15,7,5,5,7,1,1,0,2,1,2,11,4,14,14,1,3,2,3,1,1
1209,2024-10-06,2024_25,Brighton,Tottenham,3,2,H,2.94,3.95,2.3,2.89,3.93,2.27,Pinnacle,2.94,3.95,2.3,0.3401360544217687,0.2531645569620253,0.4347826086956522,1.0280832200794463,0.028083220079446303,0.3308448652585579,0.24624908958485062,0.4229060451565914,2,2,4,2,15,14,15,4,5,3,7,3,1,1,3,3,0,1,24,23,11,6,10,10,2,6,1,1
1210,2024-10-19,2024_25,Bournemouth,Arsenal,2,0,H,5.17,3.71,1.76,4.85,3.73,1.77,Pinnacle,5.17,3.71,1.76,0.19342359767891684,0.2695417789757412,0.5681818181818182,1.0311471948364763,0.031147194836476322,0.18758097645757624,0.26139990519829354,0.5510191183441302,0,3,1,1,17,14,6,9,2,6,2,3,1,1,3,4,1,2,29,36,8,5,6,16,2,3,1,1
1211,2024-10-19,2024_25,Southampton,Leicester,2,3,A,2.23,3.5,3.41,2.2,3.54,3.32,Pinnacle,2.23,3.5,3.41,0.4484304932735426,0.2857142857142857,0.29325513196480935,1.0273999109526377,0.027399910952637718,0.4364712206931609,0.27809452061307105,0.28543425869376793,1,1,3,3,8,9,29,14,2,3,6,6,1,1,1,2,0,4,6,5,17,36,2,3,2,16,1,1
1212,2024-10-19,2024_25,Newcastle,Brighton,0,1,A,1.75,4.08,4.67,1.73,4.08,4.6,Pinnacle,1.75,4.08,4.67,0.5714285714285714,0.24509803921568626,0.21413276231263384,1.0306593729568916,0.030659372956891584,0.5544300924457531,0.23780702494609512,0.20776288260815162,0,1,0,1,14,11,8,16,3,4,2,6,1,1,3,2,2,4,11,15,13,15,4,5,3,7,1,1
1213,2024-10-19,2024_25,Man United,Brentford,2,1,H,1.67,4.41,4.92,1.69,4.27,4.72,Pinnacle,1.67,4.41,4.92,0.5988023952095809,0.22675736961451246,0.2032520325203252,1.0288117973444186,0.028811797344418633,0.5820329789716806,0.22040704645866357,0.19755997456965577,0,0,0,3,10,11,11,24,4,2,1,10,1,1,5,1,3,1,19,8,17,19,12,3,6,3,1,1
1214,2024-10-19,2024_25,Fulham,Aston Villa,1,3,A,2.48,3.46,2.98,2.48,3.44,2.89,Pinnacle,2.48,3.46,2.98,0.40322580645161293,0.28901734104046245,0.33557046979865773,1.027813617290733,0.02781361729073306,0.39231413134464654,0.28119625599269465,0.32648961266265886,2,1,3,0,11,14,20,11,4,2,7,1,1,1,0,2,0,2,11,7,10,15,1,3,4,5,1,1
1215,2024-10-19,2024_25,Tottenham,West Ham,4,1,H,1.45,5.45,6.25,1.45,5.23,6.17,Pinnacle,1.45,5.45,6.25,0.6896551724137931,0.18348623853211007,0.16,1.0331414109459032,0.03314141094590317,0.66753221302239,0.17760031355641565,0.15486747342119447,2,3,3,0,13,24,11,11,3,10,4,2,1,1,4,1,1,1,23,19,9,8,13,3,2,3,1,1
1216,2024-10-19,2024_25,Ipswich,Everton,0,2,A,2.44,3.43,3.06,2.38,3.43,3.05,Pinnacle,2.44,3.43,3.06,0.4098360655737705,0.29154518950437314,0.32679738562091504,1.0281786406990587,0.028178640699058732,0.39860394813796457,0.28355499517686106,0.3178410566851744,1,2,4,2,9,15,23,7,2,5,13,3,1,1,0,2,0,1,8,8,14,17,2,2,3,5,1,1
1217,2024-10-20,2024_25,Wolves,Man City,1,2,A,8.08,5.46,1.38,8.3,5.48,1.35,Pinnacle,8.08,5.46,1.38,0.12376237623762376,0.18315018315018314,0.7246376811594204,1.0315502405472272,0.031550240547227215,0.11997707079392375,0.17754848571701537,0.702474443489061,3,1,5,2,17,8,19,10,6,3,12,6,1,1,3,1,2,1,20,16,11,11,7,6,4,4,1,1
1218,2024-10-20,2024_25,Liverpool,Chelsea,2,1,H,1.72,4.4,4.55,1.67,4.45,4.63,Pinnacle,1.72,4.4,4.55,0.5813953488372093,0.22727272727272727,0.21978021978021978,1.0284482958901564,0.028448295890156405,0.5653131529903428,0.22098605071440672,0.21370079629525046,1,2,0,1,16,10,9,8,4,6,5,3,1,1,1,4,1,2,22,15,16,15,8,7,9,5,1,1
1219,2024-10-21,2024_25,Nott'm Forest,Crystal Palace,1,0,H,2.38,3.3,3.29,2.36,3.26,3.23,Pinnacle,2.38,3.3,3.29,0.42016806722689076,0.30303030303030304,0.303951367781155,1.0271497380383487,0.027149738038348747,0.40906213735626124,0.29502057179027324,0.2959172908534656,1,0,1,1,16,11,22,14,9,1,8,2,1,1,0,1,1,2,9,17,16,8,5,5,4,2,1,1
1220,2024-10-25,2024_25,Leicester,Nott'm Forest,1,3,A,3.07,3.4,2.46,2.96,3.35,2.45,Pinnacle,3.07,3.4,2.46,0.32573289902280134,0.29411764705882354,0.4065040650406504,1.0263546111222752,0.026354611122275218,0.3173687685454311,0.2865653292454334,0.39606590220913557,3,1,2,0,18,6,14,17,4,2,7,2,1,1,1,1,0,1,20,16,20,22,6,9,7,8,1,1
1221,2024-10-26,2024_25,Aston Villa,Bournemouth,1,1,D,1.79,3.97,4.54,1.81,3.93,4.32,Pinnacle,1.79,3.97,4.54,0.5586592178770949,0.2518891687657431,0.22026431718061673,1.0308127038234547,0.03081270382345469,0.5419599659617461,0.2443597831414422,0.21368025089681178,3,0,1,0,14,11,10,10,5,1,4,4,1,1,2,0,0,1,13,17,6,6,4,2,1,2,1,1
1222,2024-10-26,2024_25,Brentford,Ipswich,4,3,H,1.68,4.16,5.19,1.66,4.16,5.07,Pinnacle,1.68,4.16,5.19,0.5952380952380952,0.24038461538461536,0.19267822736030826,1.0283009379830188,0.028300937983018803,0.5788559294768677,0.23376874075027348,0.1873753297728589,1,5,2,3,8,19,23,17,2,12,11,6,1,1,0,1,2,4,13,9,11,23,2,2,8,13,1,1
1223,2024-10-26,2024_25,Brighton,Wolves,2,2,D,1.58,4.41,5.79,1.57,4.37,5.67,Pinnacle,1.58,4.41,5.79,0.6329113924050632,0.22675736961451246,0.17271157167530224,1.0323803336948778,0.032380333694877805,0.6130602954628943,0.21964518522253357,0.1672945193145722,1,3,0,2,10,11,21,13,5,4,6,3,1,1,1,3,2,5,3,17,22,19,2,6,7,12,1,1
1224,2024-10-26,2024_25,Man City,Southampton,1,0,H,1.12,10.5,23.0,1.12,10.03,20.56,Pinnacle,1.12,10.5,23.0,0.8928571428571428,0.09523809523809523,0.043478260869565216,1.0315734989648033,0.031573498964803326,0.8655293527345709,0.09232313095835423,0.04214751630707476,2,3,1,2,22,20,3,11,7,7,2,4,1,1,2,1,3,3,14,8,18,29,7,2,4,6,1,1
1225,2024-10-26,2024_25,Everton,Fulham,1,1,D,2.71,3.36,2.73,2.76,3.38,2.63,Pinnacle,2.71,3.36,2.73,0.36900369003690037,0.2976190476190476,0.3663003663003663,1.0329231039563143,0.03292310395631426,0.35724216897031164,0.28813282080641206,0.35462501022327636,2,0,0,0,11,8,13,14,8,2,2,3,1,1,1,2,3,3,10,11,14,20,4,4,5,7,1,1
1226,2024-10-27,2024_25,Arsenal,Liverpool,2,2,D,2.27,3.46,3.35,2.26,3.38,3.32,Pinnacle,2.27,3.46,3.35,0.44052863436123346,0.28901734104046245,0.29850746268656714,1.028053438088263,0.028053438088263105,0.4285075250372462,0.2811306594897541,0.29036181547299966,0,3,2,1,6,29,13,8,1,6,4,2,1,1,2,1,1,0,9,16,12,9,5,4,2,5,1,1
1227,2024-10-27,2024_25,West Ham,Man United,2,1,H,3.39,3.72,2.15,3.3,3.69,2.15,Pinnacle,3.39,3.72,2.15,0.2949852507374631,0.26881720430107525,0.46511627906976744,1.0289187341083057,0.0289187341083057,0.2866944112871138,0.2612618425439021,0.45204374616898413,1,4,4,1,11,23,22,9,4,13,7,2,1,1,2,0,1,0,23,10,8,11,11,4,2,1,1,1
1228,2024-10-27,2024_25,Crystal Palace,Tottenham,1,0,H,3.78,3.97,1.95,3.73,3.97,1.93,Pinnacle,3.78,3.97,1.95,0.2645502645502646,0.2518891687657431,0.5128205128205129,1.0292599461365204,0.029259946136520387,0.25702959251770474,0.2447284281402831,0.4982419793420123,0,0,1,1,20,9,20,16,7,5,6,4,1,1,4,2,1,3,22,13,11,11,7,3,4,4,1,1
1229,2024-10-27,2024_25,Chelsea,Newcastle,2,1,H,1.82,4.03,4.29,1.79,4.11,4.16,Pinnacle,1.82,4.03,4.29,0.5494505494505494,0.24813895781637715,0.2331002331002331,1.0306897403671598,0.030689740367159768,0.533090151120375,0.2407503908285565,0.22615945805106824,1,1,2,1,12,22,9,16,2,8,5,9,1,1,0,0,1,0,21,14,10,8,6,3,5,2,1,1
1230,2024-11-02,2024_25,Newcastle,Arsenal,1,0,H,4.03,3.69,1.96,3.99,3.61,1.95,Pinnacle,4.03,3.69,1.96,0.24813895781637715,0.2710027100271003,0.5102040816326531,1.0293457494761307,0.029345749476130667,0.24106473256693736,0.2632766591449208,0.4956586082881417,1,0,2,1,11,21,17,10,3,6,7,5,1,1,2,0,2,2,9,6,9,13,3,1,4,4,1,1
1231,2024-11-02,2024_25,Bournemouth,Man City,2,1,H,6.11,4.42,1.56,5.83,4.45,1.55,Pinnacle,6.11,4.42,1.56,0.1636661211129296,0.22624434389140272,0.641025641025641,1.0309361060299733,0.03093610602997332,0.15875486381322956,0.21945525291828794,0.6217898832684825,1,2,1,0,11,13,18,6,3,4,8,1,1,1,1,2,0,1,22,22,5,3,8,7,2,2,1,1
1232,2024-11-02,2024_25,Ipswich,Leicester,1,1,D,2.36,3.54,3.09,2.36,3.59,2.97,Pinnacle,2.36,3.54,3.09,0.42372881355932207,0.2824858757062147,0.3236245954692557,1.0298392847347926,0.02983928473479258,0.4114513981358189,0.2743009320905459,0.3142476697736351,3,0,4,2,11,13,20,11,5,2,9,8,1,1,1,3,3,2,11,18,20,14,1,4,5,7,1,1
1233,2024-11-02,2024_25,Liverpool,Brighton,2,1,H,1.36,5.79,7.93,1.38,5.57,7.49,Pinnacle,1.36,5.79,7.93,0.7352941176470588,0.17271157167530224,0.12610340479192939,1.0341090941142905,0.03410909411429053,0.7110411482038408,0.1670148465556517,0.12194400524050739,2,2,2,1,9,9,9,12,4,5,3,2,1,1,2,1,2,0,19,10,14,21,6,5,7,6,1,1
1234,2024-11-02,2024_25,Nott'm Forest,West Ham,3,0,H,2.05,3.46,3.95,2.05,3.48,3.78,Pinnacle,2.05,3.46,3.95,0.48780487804878053,0.28901734104046245,0.2531645569620253,1.0299867760512682,0.029986776051268205,0.4736030494672096,0.2806029628346184,0.245793987698172,3,1,1,0,20,20,11,20,5,6,1,7,1,1,2,1,1,4,12,11,18,22,3,4,5,7,1,1
1235,2024-11-02,2024_25,Southampton,Everton,1,0,H,2.72,3.31,2.8,2.7,3.32,2.71,Pinnacle,2.72,3.31,2.8,0.3676470588235294,0.3021148036253776,0.35714285714285715,1.0269047195917642,0.026904719591764215,0.3580147717791031,0.29419944992119657,0.34778577829970025,0,2,1,3,5,14,22,18,2,7,8,4,1,1,1,2,1,0,10,11,14,13,5,8,3,2,1,1
1236,2024-11-02,2024_25,Wolves,Crystal Palace,2,2,D,2.44,3.34,3.13,2.43,3.34,3.03,Pinnacle,2.44,3.34,3.13,0.4098360655737705,0.29940119760479045,0.3194888178913738,1.0287260810699348,0.028726081069934795,0.3983918295796654,0.29104073777676154,0.310567432643573,2,1,2,2,14,3,19,22,7,2,6,7,1,1,1,0,0,1,14,20,11,20,6,7,3,6,1,1
1237,2024-11-03,2024_25,Tottenham,Aston Villa,4,1,H,1.99,4.04,3.59,1.94,4.02,3.61,Pinnacle,1.99,4.04,3.59,0.5025125628140703,0.24752475247524752,0.2785515320334262,1.028588847322744,0.028588847322744027,0.48854560704408956,0.24064498960835104,0.27080940334755943,0,4,1,1,11,22,14,11,3,7,6,4,1,1,1,3,1,1,18,14,11,10,8,5,3,4,1,1
1238,2024-11-03,2024_25,Man United,Chelsea,1,1,D,2.72,3.65,2.59,2.65,3.6,2.58,Pinnacle,2.72,3.65,2.59,0.3676470588235294,0.273972602739726,0.3861003861003861,1.0277200476636414,0.027720047663641445,0.3577307455073166,0.26658291172052084,0.3756863427721626,1,2,2,1,18,23,12,8,5,11,3,2,1,1,2,1,1,2,17,12,11,9,7,2,3,5,1,1
1239,2024-11-04,2024_25,Fulham,Brentford,2,1,H,2.02,3.76,3.73,2.02,3.74,3.62,Pinnacle,2.02,3.76,3.73,0.49504950495049505,0.26595744680851063,0.2680965147453083,1.029103466504314,0.029103466504313946,0.48104930268293855,0.2584360615477489,0.2605146357693126,1,1,1,3,14,10,10,14,3,4,5,5,1,1,4,1,3,2,20,8,11,23,9,2,5,11,1,1
1240,2024-11-09,2024_25,Liverpool,Aston Villa,2,0,H,1.47,4.9,7.0,1.48,4.74,6.41,Pinnacle,1.47,4.9,7.0,0.6802721088435374,0.2040816326530612,0.14285714285714285,1.0272108843537415,0.027210884353741527,0.662251655629139,0.19867549668874168,0.1390728476821192,2,2,1,2,16,9,13,9,8,4,5,3,1,1,1,1,4,1,12,18,16,11,1,8,6,3,1,1
1241,2024-11-09,2024_25,Brighton,Man City,2,1,H,4.1,4.15,1.83,4.11,4.13,1.8,Pinnacle,4.1,4.15,1.83,0.24390243902439027,0.24096385542168672,0.5464480874316939,1.0313143818777708,0.0313143818777708,0.23649669131957968,0.23364733359283768,0.5298559750875828,1,2,2,2,13,19,16,14,5,6,8,7,1,1,1,1,2,0,18,22,12,5,4,8,6,2,1,1
1242,2024-11-09,2024_25,Wolves,Southampton,2,0,H,1.95,3.75,4.01,1.92,3.79,3.93,Pinnacle,1.95,3.75,4.01,0.5128205128205129,0.26666666666666666,0.24937655860349128,1.0288637380906709,0.028863738090670887,0.4984338487545369,0.25918560135235913,0.24238054989310395,2,2,2,2,11,14,19,19,6,7,7,6,1,1,1,0,0,1,9,5,16,22,2,2,5,8,1,1
1243,2024-11-09,2024_25,West Ham,Everton,0,0,D,2.17,3.53,3.52,2.16,3.44,3.49,Pinnacle,2.17,3.53,3.52,0.4608294930875576,0.28328611898017,0.2840909090909091,1.0282065211586366,0.028206521158636644,0.4481876778687135,0.2755148048088126,0.276297517322474,0,2,3,1,4,12,19,18,2,3,6,5,1,1,0,1,1,1,16,10,9,14,5,5,2,3,1,1
1244,2024-11-09,2024_25,Brentford,Bournemouth,3,2,H,2.64,3.53,2.74,2.6,3.58,2.66,Pinnacle,2.64,3.53,2.74,0.3787878787878788,0.28328611898017,0.36496350364963503,1.0270375014176838,0.027037501417683796,0.36881601525262153,0.2758284080076263,0.35535557673975215,1,4,2,3,5,20,26,11,2,9,12,5,1,1,2,1,1,1,12,11,18,18,6,3,4,8,1,1
1245,2024-11-09,2024_25,Crystal Palace,Fulham,0,2,A,3.37,3.3,2.34,3.35,3.34,2.26,Pinnacle,3.37,3.3,2.34,0.29673590504451036,0.30303030303030304,0.4273504273504274,1.0271166354252408,0.027116635425240787,0.2889018586693005,0.29503007991380087,0.41606806141689867,2,1,2,0,19,14,11,11,7,6,6,3,1,1,2,1,1,1,26,14,5,10,12,3,2,5,1,1
1246,2024-11-10,2024_25,Man United,Leicester,3,0,H,1.35,5.62,8.93,1.33,5.66,8.87,Pinnacle,1.35,5.62,8.93,0.7407407407407407,0.17793594306049823,0.11198208286674133,1.0306587666679803,0.030658766667980286,0.7187060981739704,0.1726429239385872,0.10865097788744235,1,1,1,2,11,18,12,12,4,5,3,3,1,1,1,1,1,3,20,11,14,20,6,1,2,5,1,1
1247,2024-11-10,2024_25,Nott'm Forest,Newcastle,1,3,A,2.81,3.3,2.72,2.76,3.3,2.67,Pinnacle,2.81,3.3,2.72,0.35587188612099646,0.30303030303030304,0.3676470588235294,1.0265492479748288,0.026549247974828827,0.346668108542341,0.29519314697090243,0.35813874448675664,3,3,0,1,19,20,4,11,6,5,2,1,1,1,1,1,0,2,9,11,10,17,4,3,1,7,1,1
1248,2024-11-10,2024_25,Tottenham,Ipswich,1,2,A,1.26,6.72,10.66,1.25,6.71,10.56,Pinnacle,1.26,6.72,10.66,0.7936507936507936,0.1488095238095238,0.09380863039399624,1.0362689478543137,0.03626894785431367,0.7658733722496632,0.14360125729681186,0.09052537045352492,4,0,1,1,16,11,12,14,6,3,1,6,1,1,1,3,1,4,14,11,20,20,2,5,6,9,1,1
1249,2024-11-10,2024_25,Chelsea,Arsenal,1,1,D,3.0,3.35,2.52,3.01,3.41,2.41,Pinnacle,3.0,3.35,2.52,0.3333333333333333,0.29850746268656714,0.3968253968253968,1.0286661928452971,0.028666192845297145,0.3240442192538001,0.2901888530631046,0.3857669276830954,1,2,1,1,12,17,11,11,3,7,4,3,1,1,0,2,1,2,10,9,9,9,1,3,4,4,1,1
1250,2024-11-23,2024_25,Leicester,Chelsea,1,2,A,7.0,5.05,1.45,6.91,4.84,1.45,Pinnacle,7.0,5.05,1.45,0.14285714285714285,0.19801980198019803,0.6896551724137931,1.0305321172511341,0.03053211725113414,0.13862463912158643,0.19215296511903068,0.6692223957593828,0,1,3,1,6,20,13,14,5,6,3,2,1,1,1,1,1,1,17,12,13,11,3,3,3,4,1,1
1251,2024-11-23,2024_25,Arsenal,Nott'm Forest,3,0,H,1.41,4.8,8.86,1.41,4.75,8.43,Pinnacle,1.41,4.8,8.86,0.7092198581560284,0.20833333333333334,0.11286681715575622,1.030420008645118,0.03042000864511807,0.6882823045027723,0.20218292694768936,0.10953476854953827,1,0,1,1,13,10,17,9,3,1,3,4,1,1,1,3,3,0,9,19,17,4,3,6,6,2,1,1
1252,2024-11-23,2024_25,Aston Villa,Crystal Palace,2,2,D,1.75,3.84,5.01,1.73,3.83,4.95,Pinnacle,1.75,3.84,5.01,0.5714285714285714,0.2604166666666667,0.1996007984031936,1.0314460364984317,0.031446036498431695,0.5540072395531865,0.2524772576088741,0.19351550283793942,0,1,2,4,12,12,14,16,2,1,5,6,1,1,0,2,2,2,13,19,17,11,5,7,7,6,1,1
1253,2024-11-23,2024_25,Bournemouth,Brighton,1,2,A,2.49,3.6,2.88,2.46,3.56,2.84,Pinnacle,2.49,3.6,2.88,0.4016064257028112,0.2777777777777778,0.3472222222222222,1.0266064257028114,0.026606425702811354,0.39119804400977987,0.27057864710676444,0.33822330888345553,2,2,3,1,15,12,12,18,3,6,6,4,1,1,2,1,1,2,10,13,15,16,4,5,6,8,1,1
1254,2024-11-23,2024_25,Everton,Brentford,0,0,D,2.38,3.42,3.18,2.36,3.38,3.13,Pinnacle,2.38,3.42,3.18,0.42016806722689076,0.29239766081871343,0.31446540880503143,1.0270311368506355,0.027031136850635518,0.40910937570532213,0.2847018462510721,0.30618877804360584,0,0,0,1,18,16,11,9,4,5,6,2,1,1,3,1,2,2,12,5,15,26,6,2,3,12,1,1
1255,2024-11-23,2024_25,Fulham,Wolves,1,4,A,1.57,4.43,5.91,1.55,4.44,5.85,Pinnacle,1.57,4.43,5.91,0.6369426751592356,0.22573363431151244,0.1692047377326565,1.0318810472034046,0.03188104720340457,0.6172636631765573,0.2187593569271321,0.16397697989631052,2,2,0,1,17,26,13,5,7,12,5,2,1,1,2,2,0,2,8,11,9,19,4,6,0,7,1,1
1256,2024-11-23,2024_25,Man City,Tottenham,0,4,A,1.44,5.28,6.71,1.41,5.35,6.94,Pinnacle,1.44,5.28,6.71,0.6944444444444444,0.1893939393939394,0.14903129657228018,1.032869680410664,0.03286968041066407,0.6723446893787575,0.18336673346693386,0.1442885771543086,1,1,2,2,15,18,10,12,6,4,4,6,1,1,1,4,2,1,17,16,8,12,5,6,3,1,1,1
1257,2024-11-24,2024_25,Southampton,Liverpool,2,3,A,10.0,5.95,1.31,9.12,5.7,1.32,Pinnacle,10.0,5.95,1.31,0.1,0.1680672268907563,0.7633587786259541,1.0314260055167104,0.031426005516710376,0.09695314978014667,0.16294647021873387,0.7401003800011196,0,1,2,0,9,9,8,16,0,2,4,5,1,1,2,2,0,1,14,16,12,13,5,8,2,5,1,1
1258,2024-11-24,2024_25,Ipswich,Man United,1,1,D,5.15,4.16,1.68,5.06,4.09,1.67,Pinnacle,5.15,4.16,1.68,0.1941747572815534,0.24038461538461536,0.5952380952380952,1.029797467904264,0.029797467904264074,0.18855625822883165,0.23342902160540455,0.5780147201657637,2,1,1,1,8,14,17,20,3,2,5,6,1,1,3,1,0,1,13,11,6,12,3,4,5,3,1,1
1259,2024-11-25,2024_25,Newcastle,West Ham,0,2,A,1.5,4.71,6.64,1.47,4.8,6.5,Pinnacle,1.5,4.71,6.64,0.6666666666666666,0.21231422505307856,0.15060240963855423,1.0295833013582996,0.029583301358299563,0.6475111492068223,0.20621374178561222,0.1462751090075653,3,1,1,0,17,9,9,10,6,4,3,1,1,1,0,0,0,3,11,4,18,19,6,2,4,6,1,1
1260,2024-11-29,2024_25,Brighton,Southampton,1,1,D,1.38,5.68,7.25,1.39,5.45,7.29,Pinnacle,1.38,5.68,7.25,0.7246376811594204,0.17605633802816903,0.13793103448275862,1.038625053670348,0.038625053670348075,0.6976893909873033,0.1695090421764927,0.13280156683620392,2,2,1,1,6,10,19,15,4,4,5,6,1,1,2,0,3,2,7,9,27,8,5,0,11,4,1,1
1261,2024-11-30,2024_25,Brentford,Leicester,4,1,H,1.63,4.36,5.38,1.61,4.33,5.27,Pinnacle,1.63,4.36,5.38,0.6134969325153374,0.2293577981651376,0.1858736059479554,1.0287283366284303,0.02872833662843033,0.5963643759692879,0.22295273688760076,0.18068288714311143,0,3,0,2,9,12,27,15,2,6,5,3,1,1,1,0,2,3,4,6,16,13,1,5,7,3,1,1
1262,2024-11-30,2024_25,Crystal Palace,Newcastle,1,1,D,3.3,3.53,2.27,3.25,3.48,2.24,Pinnacle,3.3,3.53,2.27,0.30303030303030304,0.28328611898017,0.44052863436123346,1.0268450563717066,0.026845056371706644,0.29510810920300073,0.27588010208779107,0.4290117887092081,2,0,2,2,13,13,17,17,6,5,5,7,1,1,0,3,2,1,18,17,15,9,2,6,6,3,1,1
1263,2024-11-30,2024_25,Nott'm Forest,Ipswich,1,0,H,1.74,3.98,4.94,1.72,3.95,4.86,Pinnacle,1.74,3.98,4.94,0.5747126436781609,0.25125628140703515,0.20242914979757085,1.0283980748827668,0.0283980748827668,0.5588425899607754,0.24431811721903246,0.19683929282019216,0,1,3,3,7,9,19,17,0,3,7,6,1,1,1,2,1,1,11,8,11,17,6,3,4,5,1,1
1264,2024-11-30,2024_25,Wolves,Bournemouth,2,4,A,2.75,3.48,2.66,2.71,3.47,2.62,Pinnacle,2.75,3.48,2.66,0.36363636363636365,0.28735632183908044,0.37593984962406013,1.0269325350995042,0.026932535099504218,0.35409956468185055,0.27982005829743933,0.3660803770207101,4,2,1,0,10,8,10,9,5,4,3,0,1,1,1,2,2,3,19,15,6,12,5,3,4,6,1,1
1265,2024-11-30,2024_25,West Ham,Arsenal,2,5,A,7.34,4.89,1.45,7.37,4.78,1.44,Pinnacle,7.34,4.89,1.45,0.1362397820163488,0.20449897750511248,0.6896551724137931,1.0303939319352544,0.030393931935254415,0.13222106399682246,0.19846679135719358,0.669312144645984,2,0,0,0,15,11,18,18,6,6,2,4,1,1,3,1,0,1,19,13,7,17,7,3,0,3,1,1
1266,2024-12-01,2024_25,Chelsea,Aston Villa,3,0,H,1.75,4.07,4.69,1.72,4.08,4.66,Pinnacle,1.75,4.07,4.69,0.5714285714285714,0.24570024570024568,0.21321961620469082,1.030348433333508,0.030348433333508007,0.554597408936525,0.2384632593707417,0.2069393316927332,2,1,1,1,16,17,4,13,7,3,1,3,1,1,2,0,2,2,17,12,13,14,5,2,6,5,1,1
1267,2024-12-01,2024_25,Man United,Everton,4,0,H,1.62,4.07,5.98,1.62,4.05,5.68,Pinnacle,1.62,4.07,5.98,0.6172839506172839,0.24570024570024568,0.16722408026755853,1.0302082765850882,0.03020827658508818,0.5991836453337798,0.23849570158248726,0.16232065308373297,1,3,1,0,11,13,11,6,4,3,6,5,1,1,0,0,0,0,27,18,9,11,5,4,2,6,1,1
1268,2024-12-01,2024_25,Tottenham,Fulham,1,1,D,1.98,4.06,3.61,1.95,4.07,3.56,Pinnacle,1.98,4.06,3.61,0.5050505050505051,0.24630541871921185,0.2770083102493075,1.0283642340190244,0.028364234019024437,0.49112025520051467,0.2395118485953249,0.2693678962041604,4,1,0,2,9,17,23,8,7,5,5,3,1,1,1,2,4,0,10,17,10,13,3,7,5,5,1,1
1269,2024-12-01,2024_25,Liverpool,Man City,2,0,H,2.06,3.76,3.6,2.04,3.76,3.5,Pinnacle,2.06,3.76,3.6,0.4854368932038835,0.26595744680851063,0.2777777777777778,1.0291721177901718,0.029172117790171814,0.4716770740410348,0.25841882247992864,0.2699041034790366,3,2,2,0,27,14,7,12,11,5,5,2,1,1,0,1,4,2,23,15,9,10,5,6,7,4,1,1
1270,2024-12-03,2024_25,Ipswich,Crystal Palace,0,1,A,3.35,3.39,2.3,3.27,3.36,2.29,Pinnacle,3.35,3.39,2.3,0.29850746268656714,0.2949852507374631,0.4347826086956522,1.0282753221196823,0.02827532211968231,0.2902991604147663,0.2868738015898133,0.42282703799542054,0,1,1,1,7,11,12,11,3,6,5,4,1,1,1,2,1,2,16,13,1,17,4,6,0,5,1,1
1271,2024-12-03,2024_25,Leicester,West Ham,3,1,H,3.04,3.5,2.43,2.99,3.47,2.38,Pinnacle,3.04,3.5,2.43,0.32894736842105265,0.2857142857142857,0.4115226337448559,1.0261842878801943,0.026184287880194335,0.32055389300548015,0.27842395278190274,0.40102215421261705,1,1,4,2,7,4,13,16,3,1,6,7,1,1,2,2,5,0,12,15,16,18,5,6,7,2,1,1
1272,2024-12-04,2024_25,Aston Villa,Brentford,3,1,H,1.68,4.23,5.06,1.69,4.11,4.89,Pinnacle,1.68,4.23,5.06,0.5952380952380952,0.23640661938534277,0.19762845849802374,1.0292731731214617,0.029273173121461715,0.5783091513333873,0.22968306719623893,0.1920077814703737,0,2,3,2,10,17,17,13,4,5,8,6,1,1,4,0,1,0,13,9,7,27,6,2,3,5,1,1
1273,2024-12-04,2024_25,Arsenal,Man United,2,0,H,1.48,4.89,6.64,1.45,4.84,6.86,Pinnacle,1.48,4.89,6.64,0.6756756756756757,0.20449897750511248,0.15060240963855423,1.0307770628193424,0.03077706281934245,0.6555012718536762,0.1983930229741188,0.14610570517220495,5,3,2,0,16,19,12,7,7,7,5,0,1,1,4,1,0,1,11,11,8,11,5,4,2,6,1,1
1274,2024-12-04,2024_25,Southampton,Chelsea,1,5,A,9.07,5.95,1.33,8.74,5.8,1.32,Pinnacle,9.07,5.95,1.33,0.11025358324145534,0.1680672268907563,0.7518796992481203,1.030200509380332,0.03020050938033192,0.10702148002991489,0.1631403065329963,0.7298382134370888,1,2,1,3,10,7,22,27,2,5,5,11,1,1,3,2,0,1,17,16,10,4,8,7,4,1,1,1
1275,2024-12-04,2024_25,Everton,Wolves,4,0,H,2.14,3.36,3.8,2.11,3.35,3.74,Pinnacle,2.14,3.36,3.8,0.4672897196261682,0.2976190476190476,0.2631578947368421,1.028066661982058,0.028066661982057983,0.4545325093270299,0.2894939196309059,0.2559735710420642,0,0,4,0,8,27,11,9,2,5,5,2,1,1,2,4,4,1,10,10,12,10,3,5,8,3,1,1
1276,2024-12-04,2024_25,Man City,Nott'm Forest,3,0,H,1.31,5.88,10.02,1.32,5.64,9.34,Pinnacle,1.31,5.88,10.02,0.7633587786259541,0.17006802721088435,0.0998003992015968,1.0332272050384352,0.03322720503843524,0.7388101812491066,0.16459886691094042,0.09659095183995306,0,0,2,4,8,23,18,9,2,5,7,7,1,1,1,0,0,3,12,7,7,19,5,0,3,7,1,1
1277,2024-12-04,2024_25,Newcastle,Liverpool,3,3,D,3.68,3.74,2.04,3.63,3.76,1.99,Pinnacle,3.68,3.74,2.04,0.2717391304347826,0.267379679144385,0.49019607843137253,1.02931488801054,0.029314888010540052,0.264,0.25976470588235295,0.4762352941176471,1,0,1,2,1,18,16,15,0,2,4,6,1,1,2,3,0,2,18,27,8,7,7,11,2,5,1,1
1278,2024-12-05,2024_25,Fulham,Brighton,3,1,H,2.64,3.65,2.7,2.6,3.58,2.66,Pinnacle,2.64,3.65,2.7,0.3787878787878788,0.273972602739726,0.37037037037037035,1.0231308518979751,0.023130851897975147,0.37022427589315904,0.26777865434464104,0.3619970697621999,1,1,1,4,14,10,8,10,6,3,3,5,1,1,1,2,1,1,22,6,10,19,5,4,2,5,1,1
1279,2024-12-05,2024_25,Bournemouth,Tottenham,1,0,H,2.21,3.97,3.06,2.18,3.91,3.05,Pinnacle,2.21,3.97,3.06,0.45248868778280543,0.2518891687657431,0.32679738562091504,1.0311752421694635,0.031175242169463546,0.43880871968068774,0.24427387166103776,0.3169174086582745,4,1,2,2,12,19,10,6,8,5,3,4,1,1,1,4,1,0,8,9,14,23,3,7,6,5,1,1
1280,2024-12-07,2024_25,Aston Villa,Southampton,1,0,H,1.33,5.79,9.42,1.32,5.67,9.15,Pinnacle,1.33,5.79,9.42,0.7518796992481203,0.17271157167530224,0.10615711252653928,1.0307483834499618,0.03074838344996178,0.729450282261462,0.16755939126213204,0.102990326476406,3,0,1,3,20,10,9,17,10,4,1,8,1,1,1,1,5,1,6,10,26,22,4,2,13,5,1,1
1281,2024-12-07,2024_25,Brentford,Newcastle,4,2,H,3.02,3.74,2.33,2.95,3.68,2.33,Pinnacle,3.02,3.74,2.33,0.33112582781456956,0.267379679144385,0.4291845493562232,1.0276900563151776,0.027690056315177625,0.3222039814239655,0.26017540745999346,0.4176206111160411,1,4,3,1,9,13,20,7,1,6,10,3,1,1,3,1,3,1,17,1,16,16,6,0,5,4,1,1
1282,2024-12-07,2024_25,Crystal Palace,Man City,2,2,D,4.69,4.04,1.76,4.67,4.0,1.74,Pinnacle,4.69,4.04,1.76,0.21321961620469082,0.24752475247524752,0.5681818181818182,1.0289261868617565,0.02892618686175652,0.20722537624881965,0.2405660927244961,0.5522085310266843,1,1,0,1,13,16,9,1,3,4,2,0,1,1,3,0,0,2,17,8,12,18,7,2,3,7,1,1
1283,2024-12-07,2024_25,Man United,Nott'm Forest,2,3,A,1.69,3.98,5.33,1.68,3.93,5.09,Pinnacle,1.69,3.98,5.33,0.591715976331361,0.25125628140703515,0.18761726078799248,1.0305895185263887,0.030589518526388693,0.5741529150979909,0.24379859962703632,0.18204848527497272,0,4,2,0,5,11,14,8,2,5,6,2,1,1,0,1,3,0,12,12,17,7,3,5,7,3,1,1
1284,2024-12-08,2024_25,Fulham,Arsenal,1,1,D,5.5,4.2,1.64,5.34,4.24,1.62,Pinnacle,5.5,4.2,1.64,0.18181818181818182,0.23809523809523808,0.6097560975609756,1.0296695174743955,0.0296695174743955,0.1765791632485644,0.2312346185397867,0.5921862182116489,3,1,1,1,6,14,13,8,2,6,3,3,1,1,2,5,0,2,14,16,5,12,6,7,2,5,1,1
1285,2024-12-08,2024_25,Ipswich,Bournemouth,1,2,A,3.92,3.82,1.95,3.81,3.83,1.93,Pinnacle,3.92,3.82,1.95,0.25510204081632654,0.2617801047120419,0.5128205128205129,1.0297026583488813,0.029702658348881306,0.24774340315424678,0.2542288325561904,0.4980277642895628,0,0,1,1,9,7,13,12,2,3,3,5,1,1,1,4,0,2,21,12,12,10,8,8,4,3,1,1
1286,2024-12-08,2024_25,Leicester,Brighton,2,2,D,4.98,4.27,1.68,4.92,4.22,1.67,Pinnacle,4.98,4.27,1.68,0.2008032128514056,0.234192037470726,0.5952380952380952,1.0302333455602268,0.030233345560226832,0.19491041880634483,0.22731941116056148,0.5777701700330937,3,1,1,4,8,7,31,13,6,3,10,6,1,1,1,1,3,1,13,22,6,10,3,5,2,2,1,1
1287,2024-12-08,2024_25,Tottenham,Chelsea,3,4,A,2.93,4.1,2.25,2.9,3.98,2.24,Pinnacle,2.93,4.1,2.25,0.341296928327645,0.24390243902439027,0.4444444444444444,1.0296438117964797,0.02964381179647968,0.3314708682919818,0.23688040099890412,0.4316487307091141,0,1,1,1,12,8,21,14,4,3,8,6,1,1,5,3,1,0,26,17,6,10,13,8,4,4,1,1
1288,2024-12-09,2024_25,West Ham,Wolves,2,1,H,1.82,3.99,4.37,1.82,3.88,4.24,Pinnacle,1.82,3.99,4.37,0.5494505494505494,0.2506265664160401,0.22883295194508008,1.0289100678116696,0.028910067811669604,0.5340122199592667,0.24358452138492873,0.2224032586558045,1,2,3,5,31,12,8,16,10,5,6,7,1,1,0,2,4,4,6,10,13,12,2,3,4,8,1,1
1289,2024-12-14,2024_25,Arsenal,Everton,0,0,D,1.25,6.5,13.0,1.23,6.39,12.72,Pinnacle,1.25,6.5,13.0,0.8,0.15384615384615385,0.07692307692307693,1.0307692307692309,0.030769230769230882,0.7761194029850745,0.14925373134328357,0.07462686567164178,1,2,1,0,12,14,2,5,4,6,2,2,1,1,4,0,0,4,13,8,6,11,4,2,2,5,1,1
1290,2024-12-14,2024_25,Liverpool,Fulham,2,2,D,1.29,6.13,9.62,1.29,6.13,9.58,Pinnacle,1.29,6.13,9.62,0.7751937984496123,0.1631321370309951,0.10395010395010396,1.0422760394307113,0.04227603943071134,0.7437509538001289,0.15651529044081017,0.09973375575906096,3,2,3,0,16,18,17,8,5,7,6,2,1,1,1,3,1,1,2,6,12,13,2,2,4,3,1,1
1291,2024-12-14,2024_25,Newcastle,Leicester,4,0,H,1.29,6.29,9.49,1.29,6.18,9.42,Pinnacle,1.29,6.29,9.49,0.7751937984496123,0.1589825119236884,0.1053740779768177,1.0395503883501185,0.03955038835011848,0.7457010330013254,0.15293391614812557,0.10136505085054899,2,3,4,3,16,17,11,16,3,6,8,5,1,1,2,3,2,1,10,8,16,31,3,6,7,10,1,1
1292,2024-12-14,2024_25,Wolves,Ipswich,1,2,A,2.0,3.65,3.93,1.98,3.64,3.77,Pinnacle,2.0,3.65,3.93,0.5,0.273972602739726,0.2544529262086514,1.0284255289483775,0.028425528948377465,0.4861800742259655,0.26640004067176193,0.24741988510227253,1,0,2,4,19,6,19,13,5,2,4,4,1,1,1,0,2,1,18,9,22,13,5,2,6,3,1,1
1293,2024-12-14,2024_25,Nott'm Forest,Aston Villa,2,1,H,2.73,3.28,2.81,2.71,3.19,2.76,Pinnacle,2.73,3.28,2.81,0.3663003663003663,0.3048780487804878,0.35587188612099646,1.0270503012018506,0.02705030120185059,0.3566528006191351,0.2968482151494631,0.34649898423140174,3,0,2,3,11,12,17,17,3,3,7,7,1,1,1,3,0,1,18,20,4,9,5,10,0,1,1,1
1294,2024-12-15,2024_25,Brighton,Crystal Palace,1,3,A,1.92,3.73,4.14,1.9,3.69,4.05,Pinnacle,1.92,3.73,4.14,0.5208333333333334,0.2680965147453083,0.24154589371980678,1.0304757417984485,0.030475741798448475,0.505429979772589,0.2601677107676597,0.23440230945975138,2,1,2,3,16,13,10,6,7,3,3,2,1,1,2,1,2,0,12,13,12,9,3,3,4,2,1,1
1295,2024-12-15,2024_25,Man City,Man United,1,2,A,1.53,4.9,5.85,1.54,4.79,5.5,Pinnacle,1.53,4.9,5.85,0.6535947712418301,0.2040816326530612,0.17094017094017094,1.0286165748350622,0.028616574835062192,0.6354114713216958,0.19840399002493764,0.1661845386533666,2,3,2,0,12,17,12,12,4,7,3,3,1,1,2,0,3,2,17,5,11,14,7,2,3,6,1,1
1296,2024-12-15,2024_25,Chelsea,Brentford,2,1,H,1.32,6.3,8.25,1.35,5.84,7.68,Pinnacle,1.32,6.3,8.25,0.7575757575757576,0.15873015873015872,0.12121212121212122,1.0375180375180375,0.037518037518037506,0.7301808066759388,0.15299026425591097,0.11682892906815022,4,5,3,1,17,26,13,6,8,13,5,4,1,1,4,1,2,3,11,9,16,20,8,1,3,10,1,1
1297,2024-12-15,2024_25,Southampton,Tottenham,0,5,A,4.04,4.49,1.79,3.98,4.42,1.77,Pinnacle,4.04,4.49,1.79,0.24752475247524752,0.22271714922048996,0.5586592178770949,1.0289011195728324,0.028901119572832368,0.24057195367618228,0.21646117880885887,0.5429668675149589,0,1,1,5,4,6,18,26,0,4,5,13,1,1,3,0,4,1,13,12,17,21,5,4,8,8,1,1
1298,2024-12-16,2024_25,Bournemouth,West Ham,1,1,D,1.78,4.13,4.42,1.74,4.18,4.41,Pinnacle,1.78,4.13,4.42,0.5617977528089888,0.24213075060532688,0.22624434389140272,1.0301728473057183,0.030172847305718342,0.5453431958319392,0.23503895607284547,0.21961784809521534,2,1,1,0,22,21,18,12,6,8,5,4,1,1,2,1,1,3,19,31,19,8,4,10,5,6,1,1
1299,2024-12-21,2024_25,Crystal Palace,Arsenal,1,5,A,7.6,4.6,1.47,7.14,4.42,1.48,Pinnacle,7.6,4.6,1.47,0.13157894736842105,0.2173913043478261,0.6802721088435374,1.0292423605597847,0.029242360559784686,0.12784058683404542,0.21121488259537943,0.660944530570575,3,2,1,2,13,12,17,12,5,3,5,4,1,1,0,1,0,1,13,12,2,2,5,4,0,2,1,1
1300,2024-12-21,2024_25,Ipswich,Newcastle,0,4,A,4.6,4.24,1.73,4.69,4.04,1.72,Pinnacle,4.6,4.24,1.73,0.2173913043478261,0.23584905660377356,0.5780346820809249,1.0312750430325246,0.031275043032524596,0.21079856999988505,0.22869656179232808,0.5605048682077869,2,1,1,2,10,18,16,22,5,5,6,6,1,1,4,2,0,4,27,16,4,11,11,3,1,8,1,1
1301,2024-12-21,2024_25,West Ham,Brighton,1,1,D,2.83,3.68,2.48,2.77,3.63,2.46,Pinnacle,2.83,3.68,2.48,0.35335689045936397,0.2717391304347826,0.40322580645161293,1.0283218273457595,0.028321827345759498,0.34362480797614386,0.26425494743817585,0.3921202445856803,1,2,1,1,16,19,29,19,3,4,9,5,1,1,1,2,3,2,17,16,13,10,5,7,5,3,1,1
1302,2024-12-21,2024_25,Aston Villa,Man City,2,1,H,3.21,3.7,2.24,3.2,3.63,2.19,Pinnacle,3.21,3.7,2.24,0.3115264797507788,0.27027027027027023,0.4464285714285714,1.0282253214496204,0.028225321449620422,0.3029749153731987,0.26285121036431564,0.43417387426248566,1,1,2,0,8,18,17,4,2,5,6,0,1,1,1,2,2,2,10,12,10,12,3,4,3,3,1,1
1303,2024-12-21,2024_25,Brentford,Nott'm Forest,0,2,A,2.53,3.66,2.78,2.49,3.58,2.75,Pinnacle,2.53,3.66,2.78,0.3952569169960475,0.27322404371584696,0.3597122302158274,1.0281931909277218,0.028193190927721767,0.3844189209611607,0.2657322049267039,0.34984887411213544,1,4,2,2,9,11,26,16,4,8,8,3,1,1,2,3,1,2,17,11,8,17,6,3,2,7,1,1
1304,2024-12-22,2024_25,Everton,Chelsea,0,0,D,5.01,4.11,1.69,4.84,4.12,1.68,Pinnacle,5.01,4.11,1.69,0.1996007984031936,0.24330900243309,0.591715976331361,1.0346257771676446,0.03462577716764459,0.19292076691691734,0.23516619032938096,0.5719130427537017,0,4,0,0,2,13,13,6,0,4,5,2,1,1,2,4,1,3,26,17,9,13,8,8,4,5,1,1
1305,2024-12-22,2024_25,Fulham,Southampton,0,0,D,1.68,4.15,5.88,1.62,4.18,5.45,Pinnacle,1.68,4.15,5.88,0.5952380952380952,0.24096385542168672,0.17006802721088435,1.0062699778706663,0.006269977870666299,0.5915292201181023,0.2394624312767257,0.16900834860517205,2,1,2,1,12,2,16,12,3,2,4,4,1,1,0,0,5,1,9,4,18,18,3,0,9,5,1,1
1306,2024-12-22,2024_25,Leicester,Wolves,0,3,A,3.05,3.51,2.41,2.92,3.43,2.44,Pinnacle,3.05,3.51,2.41,0.3278688524590164,0.2849002849002849,0.41493775933609955,1.0277068966954008,0.02770689669540083,0.31902953411452345,0.27721939574054033,0.4037510701449363,0,2,4,2,4,10,27,16,1,3,11,7,1,1,1,1,2,2,16,19,10,19,6,5,5,4,1,1
1307,2024-12-22,2024_25,Man United,Bournemouth,0,3,A,1.88,3.8,4.25,1.86,3.75,4.2,Pinnacle,1.88,3.8,4.25,0.5319148936170213,0.2631578947368421,0.23529411764705882,1.0303669060009222,0.030366906000922178,0.5162383326940289,0.2554021224907301,0.228359544815241,2,2,1,3,10,17,10,11,3,7,3,3,1,1,1,2,1,1,29,22,16,18,9,6,3,5,1,1
1308,2024-12-22,2024_25,Tottenham,Liverpool,3,6,A,4.9,4.55,1.65,4.69,4.57,1.64,Pinnacle,4.9,4.55,1.65,0.2040816326530612,0.21978021978021978,0.6060606060606061,1.029922458493887,0.029922458493887083,0.19815242494226326,0.2133949191685912,0.5884526558891455,5,3,0,4,18,13,9,17,9,5,3,8,1,1,2,3,2,3,16,16,12,17,4,5,3,6,1,1
1309,2024-12-26,2024_25,Man City,Everton,1,1,D,1.36,5.5,9.0,1.34,5.41,8.72,Pinnacle,1.36,5.5,9.0,0.7352941176470588,0.18181818181818182,0.1111111111111111,1.0282234105763517,0.028223410576351693,0.7151112395261485,0.17682750650101128,0.10806125397284022,1,1,2,2,12,10,11,10,6,3,6,3,1,1,0,0,0,0,5,2,12,13,4,0,5,5,1,1
1310,2024-12-26,2024_25,Bournemouth,Crystal Palace,0,0,D,2.13,3.66,3.5,2.08,3.64,3.47,Pinnacle,2.13,3.66,3.5,0.4694835680751174,0.27322404371584696,0.2857142857142857,1.02842189750525,0.028421897505249927,0.4565087239137873,0.2656731098186795,0.27781816626753336,3,1,0,1,10,29,23,16,5,9,7,3,1,1,1,3,5,1,15,13,14,17,6,5,6,5,1,1
1311,2024-12-26,2024_25,Chelsea,Fulham,1,2,A,1.46,4.94,6.86,1.46,4.92,6.28,Pinnacle,1.46,4.94,6.86,0.684931506849315,0.20242914979757085,0.14577259475218657,1.0331332513990725,0.03313325139907253,0.6629653105461261,0.19593711607233685,0.14109757338153703,0,2,0,1,12,26,5,9,5,8,4,4,1,1,0,2,0,2,16,12,5,16,5,3,1,4,1,1
1312,2024-12-26,2024_25,Newcastle,Aston Villa,3,0,H,1.94,3.87,3.89,1.94,3.79,3.8,Pinnacle,1.94,3.87,3.89,0.5154639175257733,0.25839793281653745,0.2570694087403599,1.0309312590826707,0.030931259082670692,0.4999983393504203,0.25064516236170936,0.24935649828787024,4,4,0,0,15,27,10,4,7,11,2,1,1,1,2,1,1,2,11,8,12,17,6,2,6,6,1,1
1313,2024-12-26,2024_25,Nott'm Forest,Tottenham,1,0,H,2.16,3.92,3.22,2.16,3.91,3.07,Pinnacle,2.16,3.92,3.22,0.4629629629629629,0.25510204081632654,0.3105590062111801,1.0286240099904695,0.028624009990469546,0.4500798722044728,0.24800319488817893,0.3019169329073482,2,2,0,1,10,17,7,8,6,6,3,2,1,1,3,5,6,0,9,18,24,9,5,9,12,3,1,1
1314,2024-12-26,2024_25,Southampton,West Ham,0,1,A,3.12,3.63,2.31,3.08,3.52,2.29,Pinnacle,3.12,3.63,2.31,0.3205128205128205,0.27548209366391185,0.4329004329004329,1.0288953470771651,0.028895347077165123,0.3115115851415962,0.2677454946671571,0.4207429201912468,0,0,0,5,5,9,16,18,1,3,5,9,1,1,1,1,1,1,11,16,12,29,4,3,6,9,1,1
1315,2024-12-26,2024_25,Wolves,Man United,2,0,H,4.44,4.01,1.8,4.35,3.81,1.82,Pinnacle,4.44,4.01,1.8,0.2252252252252252,0.24937655860349128,0.5555555555555556,1.030157339384272,0.03015733938427201,0.21863186972957255,0.24207618493748184,0.5392919453329457,3,1,0,2,8,16,9,10,4,6,5,5,1,1,0,2,3,1,23,10,10,10,7,3,5,3,1,1
1316,2024-12-26,2024_25,Liverpool,Leicester,3,1,H,1.09,12.25,27.0,1.08,12.79,27.21,Pinnacle,1.09,12.25,27.0,0.9174311926605504,0.08163265306122448,0.037037037037037035,1.0361008827588118,0.03610088275881185,0.8854651201702664,0.07878832497841554,0.03574655485131816,6,2,3,2,24,16,9,12,12,4,5,3,1,1,0,0,3,4,9,4,8,27,5,1,4,11,1,1
1317,2024-12-27,2024_25,Arsenal,Ipswich,1,0,H,1.13,9.25,23.5,1.14,8.78,18.59,Pinnacle,1.13,9.25,23.5,0.8849557522123894,0.10810810810810811,0.0425531914893617,1.0356170518098593,0.0356170518098593,0.8545202598449185,0.10439004255402788,0.04108969760105353,5,0,1,0,14,13,15,2,6,5,6,0,1,1,0,2,4,1,10,10,15,16,2,5,7,6,1,1
1318,2024-12-27,2024_25,Brighton,Brentford,0,0,D,1.63,4.6,5.05,1.62,4.5,4.89,Pinnacle,1.63,4.6,5.05,0.6134969325153374,0.2173913043478261,0.19801980198019803,1.0289080388433616,0.028908038843361572,0.596260218945315,0.2112835123654051,0.1924562686892799,1,1,1,3,12,17,11,13,6,5,4,5,1,1,0,1,2,2,7,9,10,26,3,4,6,8,1,1
1319,2024-12-29,2024_25,Leicester,Man City,0,2,A,10.25,6.42,1.27,9.62,6.36,1.27,Pinnacle,10.25,6.42,1.27,0.0975609756097561,0.1557632398753894,0.7874015748031495,1.040725790288295,0.04072579028829493,0.09374320932580177,0.14966789650926293,0.7565888941649355,1,0,3,3,4,9,19,8,1,5,7,4,1,1,1,1,1,2,24,12,8,11,5,6,3,6,1,1
1320,2024-12-29,2024_25,Crystal Palace,Southampton,2,1,H,1.53,4.45,6.43,1.53,4.34,6.2,Pinnacle,1.53,4.45,6.43,0.6535947712418301,0.2247191011235955,0.15552099533437014,1.0338348676997957,0.03383486769979571,0.6322042249320038,0.2173645986844867,0.15043117638350947,0,1,0,5,10,15,18,14,4,6,4,6,1,1,0,0,1,0,18,5,16,16,5,1,2,5,1,1
1321,2024-12-29,2024_25,Everton,Nott'm Forest,0,2,A,2.71,3.07,3.0,2.69,3.08,2.89,Pinnacle,2.71,3.07,3.0,0.36900369003690037,0.32573289902280134,0.3333333333333333,1.028069922393035,0.028069922393034963,0.35892859230622337,0.3168392459771549,0.3242321617166218,1,0,1,0,8,5,24,12,3,4,5,5,1,1,1,2,0,0,10,10,13,7,3,6,4,3,1,1
1322,2024-12-29,2024_25,Fulham,Bournemouth,2,2,D,2.27,3.5,3.31,2.3,3.43,3.18,Pinnacle,2.27,3.5,3.31,0.44052863436123346,0.2857142857142857,0.3021148036253776,1.0283577237008967,0.02835772370089673,0.4283807319264746,0.2778355032780278,0.29378376479549767,2,0,1,0,14,16,12,5,7,5,8,1,1,1,0,3,0,0,18,10,10,23,4,5,4,7,1,1
1323,2024-12-29,2024_25,Tottenham,Wolves,2,2,D,1.68,4.64,4.6,1.66,4.53,4.58,Pinnacle,1.68,4.64,4.6,0.5952380952380952,0.21551724137931036,0.2173913043478261,1.0281466409652318,0.028146640965231784,0.5789428001041576,0.2096172207273674,0.21143997916847496,0,3,1,6,13,9,10,24,4,5,3,12,1,1,2,3,0,0,7,8,11,9,4,4,4,5,1,1
1324,2024-12-29,2024_25,West Ham,Liverpool,0,5,A,7.75,5.5,1.39,7.44,5.35,1.38,Pinnacle,7.75,5.5,1.39,0.12903225806451613,0.18181818181818182,0.7194244604316548,1.0302749003143528,0.03027490031435276,0.12524061104967849,0.1764754064790924,0.698283982471229,1,1,0,1,16,11,18,12,2,4,5,6,1,1,3,6,1,3,19,24,4,9,7,12,1,5,1,1
1325,2024-12-30,2024_25,Aston Villa,Brighton,2,2,D,1.86,3.89,4.25,1.89,3.73,4.06,Pinnacle,1.86,3.89,4.25,0.5376344086021505,0.2570694087403599,0.23529411764705882,1.0299979349895692,0.029997934989569153,0.5219762004742224,0.24958245061235315,0.22844134891342444,0,2,3,1,4,11,22,12,1,6,8,6,1,1,0,1,0,1,24,12,8,11,7,6,3,4,1,1
1326,2024-12-30,2024_25,Ipswich,Chelsea,2,0,H,7.55,5.28,1.4,7.45,5.18,1.39,Pinnacle,7.55,5.28,1.4,0.13245033112582782,0.1893939393939394,0.7142857142857143,1.0361299848054815,0.03612998480548146,0.12783177117559577,0.18278974855601288,0.6893784802683914,0,0,1,4,3,10,13,15,0,2,5,7,1,1,1,0,2,0,12,12,14,5,8,5,7,4,1,1
1327,2024-12-30,2024_25,Man United,Newcastle,0,2,A,2.71,3.6,2.58,2.74,3.53,2.52,Pinnacle,2.71,3.6,2.58,0.36900369003690037,0.2777777777777778,0.38759689922480617,1.0343783670394844,0.03437836703948438,0.35673956628949366,0.2685456179568133,0.374714815753693,0,0,2,3,11,23,7,10,4,7,4,5,1,1,3,4,0,0,22,15,4,10,8,7,1,2,1,1
1328,2025-01-01,2024_25,Brentford,Arsenal,1,3,A,6.0,4.5,1.56,5.87,4.46,1.54,Pinnacle,6.0,4.5,1.56,0.16666666666666666,0.2222222222222222,0.641025641025641,1.0299145299145298,0.029914529914529808,0.16182572614107885,0.2157676348547718,0.6224066390041494,0,0,0,2,8,7,24,10,3,3,7,6,1,1,1,5,0,1,13,14,3,15,5,6,0,6,1,1
1329,2025-01-04,2024_25,Brighton,Arsenal,1,1,D,4.93,3.68,1.8,4.74,3.59,1.81,Pinnacle,4.93,3.68,1.8,0.20283975659229211,0.2717391304347826,0.5555555555555556,1.0301344425826304,0.030134442582630427,0.19690610099761,0.2637899668256025,0.5393039321767874,2,0,2,0,13,24,20,8,4,7,4,3,1,1,3,1,1,0,14,13,5,3,5,5,2,0,1,1
1330,2025-01-04,2024_25,Southampton,Brentford,0,5,A,3.44,3.65,2.16,3.33,3.58,2.15,Pinnacle,3.44,3.65,2.16,0.29069767441860467,0.273972602739726,0.4629629629629629,1.0276332401212938,0.027633240121293756,0.28288076238590043,0.2666054308513692,0.45051380676273023,1,0,2,1,7,18,19,16,3,5,10,2,1,1,1,0,3,0,5,8,14,24,2,3,5,7,1,1
1331,2025-01-04,2024_25,Man City,West Ham,4,1,H,1.26,7.24,10.79,1.24,6.97,10.25,Pinnacle,1.26,7.24,10.79,0.7936507936507936,0.13812154696132597,0.09267840593141799,1.0244507465435375,0.024450746543537516,0.77470859026512,0.13482497565387447,0.09046643408100567,2,1,0,1,14,24,11,8,5,5,4,3,1,1,0,1,5,0,7,16,22,18,0,2,13,5,1,1
1332,2025-01-04,2024_25,Crystal Palace,Chelsea,1,1,D,3.64,3.94,2.0,3.58,3.84,1.98,Pinnacle,3.64,3.94,2.0,0.2747252747252747,0.25380710659898476,0.5,1.0285323813242595,0.028532381324259504,0.26710415706266777,0.2467662770832768,0.48612956585405537,2,0,1,0,19,10,7,18,10,4,3,4,1,1,0,1,2,2,20,12,9,14,5,8,6,7,1,1
1333,2025-01-04,2024_25,Bournemouth,Everton,1,0,H,1.7,3.97,5.23,1.69,3.86,5.1,Pinnacle,1.7,3.97,5.23,0.5882352941176471,0.2518891687657431,0.19120458891013384,1.031329051793524,0.031329051793524076,0.5703662600163173,0.2442374413168109,0.18539629866687177,2,0,2,0,16,18,11,10,9,4,6,4,1,1,0,1,2,1,13,8,11,24,2,3,7,5,1,1
1334,2025-01-04,2024_25,Aston Villa,Leicester,2,1,H,1.34,5.69,8.32,1.33,5.63,8.49,Pinnacle,1.34,5.69,8.32,0.7462686567164178,0.17574692442882248,0.12019230769230768,1.042207888837548,0.04220788883754789,0.7160458721424445,0.16862943210384457,0.11532469575371102,2,0,2,3,20,4,13,22,4,1,4,8,1,1,0,1,2,3,11,4,14,19,4,1,5,7,1,1
1335,2025-01-04,2024_25,Tottenham,Newcastle,1,2,A,3.9,4.69,1.79,3.81,4.5,1.79,Pinnacle,3.9,4.69,1.79,0.25641025641025644,0.21321961620469082,0.5586592178770949,1.0282890904920423,0.028289090492042313,0.2493561964053928,0.2073537667336955,0.5432900368609116,2,0,2,1,13,13,11,10,3,4,3,3,1,1,2,3,0,0,12,22,10,4,4,8,0,1,1,1
1336,2025-01-05,2024_25,Fulham,Ipswich,2,2,D,1.59,4.2,6.15,1.56,4.16,6.02,Pinnacle,1.59,4.2,6.15,0.6289308176100629,0.23809523809523808,0.16260162601626016,1.029627681721561,0.02962768172156105,0.6108332446525487,0.2312440140470363,0.15792274130041503,2,2,2,1,11,14,16,12,6,7,9,8,1,1,2,0,0,1,9,3,20,13,6,0,5,5,1,1
1337,2025-01-05,2024_25,Liverpool,Man United,2,2,D,1.36,5.55,8.55,1.36,5.42,7.9,Pinnacle,1.36,5.55,8.55,0.7352941176470588,0.1801801801801802,0.11695906432748537,1.0324333621547244,0.032433362154724366,0.7121952317701884,0.17451991264999214,0.11328485557981945,5,3,0,1,22,19,7,4,13,7,0,1,1,1,0,0,2,2,10,11,12,7,0,4,4,4,1,1
1338,2025-01-06,2024_25,Wolves,Nott'm Forest,0,3,A,4.01,3.54,2.01,3.86,3.46,2.01,Pinnacle,4.01,3.54,2.01,0.24937655860349128,0.2824858757062147,0.49751243781094534,1.0293748721206515,0.029374872120651485,0.24226019631676246,0.2744246856582535,0.48331511802498384,2,2,2,0,11,7,13,11,3,4,3,4,1,1,2,1,0,0,11,10,13,13,7,3,2,4,1,1
1339,2025-01-14,2024_25,Brentford,Man City,2,2,D,5.18,4.51,1.61,5.16,4.47,1.6,Pinnacle,5.18,4.51,1.61,0.19305019305019305,0.22172949002217296,0.6211180124223602,1.035897695494726,0.0358976954947261,0.1863602881730476,0.21404574118323427,0.5995939706437182,5,1,0,3,20,5,8,14,11,2,1,5,1,1,4,2,1,0,10,14,17,11,7,5,4,4,1,1
1340,2025-01-14,2024_25,Chelsea,Bournemouth,2,2,D,1.54,4.8,5.71,1.52,4.75,5.54,Pinnacle,1.54,4.8,5.71,0.6493506493506493,0.20833333333333334,0.17513134851138354,1.0328153311953663,0.03281533119536628,0.6287190262746195,0.20171402092977378,0.16956695279560666,1,0,1,2,15,20,13,9,1,5,6,6,1,1,1,2,0,2,19,16,9,11,8,9,0,6,1,1
1341,2025-01-14,2024_25,West Ham,Fulham,3,2,H,3.22,3.3,2.42,3.07,3.3,2.42,Pinnacle,3.22,3.3,2.42,0.3105590062111801,0.30303030303030304,0.4132231404958678,1.026812449737351,0.026812449737350974,0.30244959173471087,0.29511748041993,0.4024329278453591,1,0,4,5,17,7,10,22,4,0,7,13,1,1,2,2,2,2,15,11,7,16,4,6,3,9,1,1
1342,2025-01-14,2024_25,Nott'm Forest,Liverpool,1,1,D,5.7,4.3,1.62,5.37,4.2,1.61,Pinnacle,5.7,4.3,1.62,0.17543859649122806,0.23255813953488372,0.6172839506172839,1.0252806866433957,0.025280686643395667,0.17111274871039056,0.22682387619749447,0.6020633750921149,3,2,0,0,11,11,13,13,3,7,6,2,1,1,2,5,2,0,19,22,13,7,6,13,4,0,1,1
1343,2025-01-15,2024_25,Everton,Aston Villa,0,1,A,3.55,3.13,2.35,3.48,3.11,2.29,Pinnacle,3.55,3.13,2.35,0.28169014084507044,0.3194888178913738,0.425531914893617,1.0267108736300612,0.026710873630061194,0.27436170014360584,0.311177008150096,0.41446129170629814,0,0,1,2,9,13,19,11,0,2,8,7,1,1,2,2,1,2,13,20,4,13,5,4,2,4,1,1
1344,2025-01-15,2024_25,Leicester,Crystal Palace,0,2,A,4.07,3.63,1.97,3.93,3.61,1.95,Pinnacle,4.07,3.63,1.97,0.24570024570024568,0.27548209366391185,0.5076142131979695,1.028796552562127,0.028796552562126987,0.2388229675618089,0.2677712060541494,0.49340582638404173,1,0,2,2,4,11,13,14,2,4,5,5,1,1,1,2,1,1,13,19,15,7,6,10,1,3,1,1
1345,2025-01-15,2024_25,Newcastle,Wolves,3,0,H,1.37,5.4,8.5,1.37,5.26,7.88,Pinnacle,1.37,5.4,8.5,0.7299270072992701,0.18518518518518517,0.11764705882352941,1.0327592513079846,0.03275925130798463,0.7067736322621376,0.17931108818502378,0.11391527955283864,2,2,1,0,14,12,13,10,4,4,4,0,1,1,0,2,3,2,13,11,11,13,6,3,3,3,1,1
1346,2025-01-15,2024_25,Arsenal,Tottenham,2,1,H,1.38,5.35,8.2,1.38,5.31,7.55,Pinnacle,1.38,5.35,8.2,0.7246376811594204,0.1869158878504673,0.12195121951219513,1.033504788522083,0.03350478852208294,0.7011459348878837,0.1808563346065943,0.11799773050552188,1,3,1,1,9,14,11,5,3,5,4,2,1,1,1,2,2,2,13,13,14,11,4,3,4,3,1,1
1347,2025-01-16,2024_25,Man United,Southampton,3,1,H,1.29,6.1,11.0,1.28,5.94,10.77,Pinnacle,1.29,6.1,11.0,0.7751937984496123,0.1639344262295082,0.09090909090909091,1.0300373155882114,0.030037315588211433,0.752588072993192,0.15915387117397012,0.08825805583283797,2,0,2,2,13,10,19,12,4,0,6,4,1,1,0,1,5,2,8,7,20,19,1,3,11,10,1,1
1348,2025-01-16,2024_25,Ipswich,Brighton,0,2,A,3.94,3.75,1.97,3.81,3.66,1.97,Pinnacle,3.94,3.75,1.97,0.25380710659898476,0.26666666666666666,0.5076142131979695,1.028087986463621,0.028087986463620984,0.24687294272547727,0.2593811718235681,0.49374588545095455,2,2,2,0,7,9,15,20,3,6,4,5,1,1,1,2,1,2,11,13,9,20,4,4,3,4,1,1
1349,2025-01-18,2024_25,Newcastle,Bournemouth,1,4,A,1.66,4.25,5.2,1.64,4.23,5.05,Pinnacle,1.66,4.25,5.2,0.6024096385542169,0.23529411764705882,0.1923076923076923,1.030011448508968,0.030011448508967975,0.5848572260301163,0.22843835181411598,0.18670442215576785,3,2,0,1,17,14,13,13,5,4,7,4,1,1,2,1,2,0,7,19,26,9,3,8,10,0,1,1
1350,2025-01-18,2024_25,Brentford,Liverpool,0,2,A,6.33,5.0,1.49,6.04,4.97,1.48,Pinnacle,6.33,5.0,1.49,0.1579778830963665,0.2,0.6711409395973155,1.029118822693682,0.029118822693682045,0.1535079133844477,0.19434101834471076,0.6521510682708415,2,5,2,0,18,20,21,8,6,11,8,1,1,1,1,2,1,2,23,19,6,13,7,6,3,4,1,1
1351,2025-01-18,2024_25,Leicester,Fulham,0,2,A,4.65,3.79,1.81,4.5,3.74,1.8,Pinnacle,4.65,3.79,1.81,0.2150537634408602,0.2638522427440633,0.5524861878453039,1.0313921940302273,0.031392194030227305,0.20850823254781928,0.2558214462657942,0.5356703211863867,0,1,2,2,21,4,9,13,4,2,4,5,1,1,2,2,3,2,21,15,4,7,5,4,3,3,1,1
1352,2025-01-18,2024_25,West Ham,Crystal Palace,0,2,A,2.86,3.32,2.66,2.78,3.26,2.64,Pinnacle,2.86,3.32,2.66,0.3496503496503497,0.30120481927710846,0.37593984962406013,1.0267950185515184,0.026795018551518446,0.3405259504897046,0.29334464409655275,0.3661294054137425,3,1,2,4,4,17,21,10,3,4,5,7,1,1,2,1,0,1,9,13,21,15,4,6,4,1,1,1
1353,2025-01-18,2024_25,Arsenal,Aston Villa,2,2,D,1.57,4.35,6.1,1.57,4.14,6.06,Pinnacle,1.57,4.35,6.1,0.6369426751592356,0.2298850574712644,0.1639344262295082,1.0307621588600082,0.030762158860008215,0.6179337004995168,0.22302434707683713,0.15904195242364613,2,1,1,1,14,9,10,11,4,3,2,4,1,1,1,2,0,1,11,13,10,4,3,5,3,2,1,1
1354,2025-01-19,2024_25,Everton,Tottenham,3,2,H,2.56,3.51,2.85,2.57,3.39,2.79,Pinnacle,2.56,3.51,2.85,0.390625,0.2849002849002849,0.3508771929824561,1.026402477882741,0.02640247788274097,0.3805768286976272,0.27757170412134635,0.3418514671810265,0,0,1,1,10,9,11,19,3,0,3,8,1,1,1,1,2,2,10,13,14,14,2,4,4,4,1,1
1355,2025-01-19,2024_25,Man United,Brighton,1,3,A,2.34,3.45,3.25,2.31,3.4,3.18,Pinnacle,2.34,3.45,3.25,0.4273504273504274,0.2898550724637681,0.3076923076923077,1.0248978075065032,0.024897807506503167,0.41696881798404645,0.2828136330674402,0.30021754894851344,3,2,1,2,23,13,13,19,9,4,5,6,1,1,2,1,0,1,11,11,5,9,5,4,3,3,1,1
1356,2025-01-19,2024_25,Nott'm Forest,Southampton,3,2,H,1.37,5.15,9.23,1.4,4.88,8.13,Pinnacle,1.37,5.15,9.23,0.7299270072992701,0.1941747572815534,0.10834236186348863,1.032444126444312,0.03244412644431205,0.7069893552623555,0.18807289644843245,0.10493774828921204,1,3,1,0,6,11,23,13,3,3,7,6,1,1,1,0,3,5,13,8,23,20,5,1,9,11,1,1
1357,2025-01-19,2024_25,Ipswich,Man City,0,6,A,8.5,5.5,1.37,7.72,5.21,1.39,Pinnacle,8.5,5.5,1.37,0.11764705882352941,0.18181818181818182,0.7299270072992701,1.0293922479409812,0.029392247940981164,0.11428788108600031,0.17662672531472778,0.709085393599272,0,2,2,2,5,7,11,15,3,3,5,4,1,1,2,4,2,1,21,10,18,17,8,7,6,4,1,1
1358,2025-01-20,2024_25,Chelsea,Wolves,3,1,H,1.44,5.25,6.8,1.43,5.16,6.64,Pinnacle,1.44,5.25,6.8,0.6944444444444444,0.19047619047619047,0.14705882352941177,1.0319794584500466,0.03197945845004657,0.6729246776747343,0.18457362587649853,0.14250169644876726,2,1,2,1,26,15,7,13,10,1,3,6,1,1,0,0,3,3,13,13,17,11,7,6,5,3,1,1
1359,2025-01-25,2024_25,Wolves,Arsenal,0,1,A,5.93,4.15,1.61,5.87,4.07,1.6,Pinnacle,5.93,4.15,1.61,0.16863406408094436,0.24096385542168672,0.6211180124223602,1.0307159319249912,0.030715931924991224,0.16360867127182085,0.2337829929257584,0.6026083358024208,1,0,3,3,9,13,19,17,4,7,7,5,1,1,2,2,2,1,18,14,8,10,6,4,4,2,1,1
1360,2025-01-25,2024_25,Man City,Chelsea,3,1,H,2.39,3.89,2.85,2.34,3.8,2.84,Pinnacle,2.39,3.89,2.85,0.41841004184100417,0.2570694087403599,0.3508771929824561,1.0263566435638203,0.02635664356382028,0.407665351478759,0.2504679151758956,0.3418667333453453,6,2,0,2,17,21,8,18,9,8,4,6,1,1,3,2,1,2,19,26,9,7,7,10,4,3,1,1
1361,2025-01-25,2024_25,Southampton,Newcastle,1,3,A,6.62,5.04,1.47,6.48,4.91,1.46,Pinnacle,6.62,5.04,1.47,0.1510574018126888,0.1984126984126984,0.6802721088435374,1.0297422090689246,0.029742209068924552,0.1466943866943867,0.19268191268191268,0.6606237006237007,2,1,3,3,10,13,14,23,4,5,5,9,1,1,1,3,4,0,13,17,19,13,5,5,10,7,1,1
1362,2025-01-25,2024_25,Liverpool,Ipswich,4,1,H,1.1,12.25,24.5,1.11,11.32,21.57,Pinnacle,1.1,12.25,24.5,0.9090909090909091,0.08163265306122448,0.04081632653061224,1.0315398886827458,0.03153988868274582,0.8812949640287769,0.07913669064748201,0.039568345323741004,2,1,0,1,37,23,11,6,8,7,6,3,1,1,0,0,6,2,8,5,17,11,4,3,9,5,1,1
1363,2025-01-25,2024_25,Bournemouth,Nott'm Forest,5,0,H,1.97,3.73,3.94,1.99,3.64,3.77,Pinnacle,1.97,3.73,3.94,0.5076142131979695,0.2680965147453083,0.25380710659898476,1.0295178345422626,0.029517834542262644,0.49306014540647713,0.2604097818902842,0.24653007270323857,4,2,1,2,19,7,13,26,10,3,5,10,1,1,3,1,2,1,14,6,10,23,5,3,4,7,1,1
1364,2025-01-25,2024_25,Brighton,Everton,0,1,A,1.74,3.69,5.42,1.7,3.74,5.37,Pinnacle,1.74,3.69,5.42,0.5747126436781609,0.2710027100271003,0.18450184501845018,1.0302171987237114,0.030217198723711425,0.5578558039898246,0.26305395635292544,0.17909023965724996,3,2,1,0,6,11,10,5,3,5,1,3,1,1,3,0,2,1,12,10,11,11,6,3,6,3,1,1
1365,2025-01-26,2024_25,Crystal Palace,Brentford,1,2,A,1.97,3.8,3.84,1.97,3.76,3.7,Pinnacle,1.97,3.8,3.84,0.5076142131979695,0.2631578947368421,0.2604166666666667,1.0311887746014783,0.031188774601478286,0.49226118990108897,0.2551985642381961,0.25254024586071494,2,2,0,0,12,9,7,21,7,4,0,4,1,1,0,2,2,2,11,18,37,21,6,6,8,8,1,1
1366,2025-01-26,2024_25,Tottenham,Leicester,1,2,A,1.51,5.05,5.85,1.51,4.92,5.58,Pinnacle,1.51,5.05,5.85,0.6622516556291391,0.19801980198019803,0.17094017094017094,1.031211628549508,0.031211628549508097,0.6422073193265437,0.19202634696694673,0.16576633370650956,2,1,3,2,11,10,12,14,6,2,6,4,1,1,0,0,2,2,8,21,17,9,4,4,2,4,1,1
1367,2025-01-26,2024_25,Aston Villa,West Ham,1,1,D,1.47,4.9,6.9,1.47,4.75,6.52,Pinnacle,1.47,4.9,6.9,0.6802721088435374,0.2040816326530612,0.14492753623188406,1.0292812777284828,0.02928127772848277,0.660919540229885,0.19827586206896547,0.14080459770114942,2,1,2,0,8,11,18,10,4,3,6,3,1,1,0,3,2,2,7,4,12,21,0,3,7,5,1,1
1368,2025-01-26,2024_25,Fulham,Man United,0,1,A,2.4,3.55,3.03,2.39,3.44,2.99,Pinnacle,2.4,3.55,3.03,0.4166666666666667,0.28169014084507044,0.33003300330033003,1.028389810812067,0.02838981081206704,0.40516413356686826,0.2739137804395729,0.320922085993559,2,2,0,3,17,21,8,4,2,5,4,3,1,1,1,3,3,1,10,23,6,13,1,9,3,5,1,1
1369,2025-02-01,2024_25,Nott'm Forest,Brighton,7,0,H,2.68,3.45,2.74,2.63,3.39,2.72,Pinnacle,2.68,3.45,2.74,0.3731343283582089,0.2898550724637681,0.36496350364963503,1.027952904471612,0.027952904471612028,0.3629877660105521,0.2819731051908057,0.35503912879864225,0,3,5,2,18,14,16,10,4,5,10,4,1,1,0,3,1,1,16,6,3,10,1,3,1,1,1,1
1370,2025-02-01,2024_25,Bournemouth,Liverpool,0,2,A,4.66,4.26,1.72,4.51,4.22,1.71,Pinnacle,4.66,4.26,1.72,0.2145922746781116,0.2347417840375587,0.5813953488372093,1.0307294075528797,0.030729407552879673,0.2081945786213559,0.22774336534636583,0.5640620560322782,5,4,0,1,16,19,18,13,10,10,4,5,1,1,4,2,1,0,16,37,3,11,6,8,3,6,1,1
1371,2025-02-01,2024_25,Everton,Leicester,4,0,H,1.96,3.34,4.53,1.95,3.35,4.33,Pinnacle,1.96,3.34,4.53,0.5102040816326531,0.29940119760479045,0.22075055187637968,1.0303558311138232,0.03035583111382323,0.49517270269739555,0.2905803884092501,0.21424690889335435,1,3,0,2,3,12,16,11,1,6,1,6,1,1,2,0,1,2,12,8,15,17,3,4,6,2,1,1
1372,2025-02-01,2024_25,Ipswich,Southampton,1,2,A,1.91,3.75,4.18,1.92,3.64,4.01,Pinnacle,1.91,3.75,4.18,0.5235602094240838,0.26666666666666666,0.23923444976076558,1.029461325851516,0.02946132585151595,0.5085768608072989,0.2590351477711842,0.23238799142151698,1,0,4,6,3,8,16,17,3,4,6,9,1,1,1,2,3,3,12,10,17,14,5,4,9,5,1,1
1373,2025-02-01,2024_25,Newcastle,Fulham,1,2,A,1.77,3.82,4.91,1.73,3.88,4.83,Pinnacle,1.77,3.82,4.91,0.5649717514124294,0.2617801047120419,0.20366598778004072,1.030417843904512,0.030417843904511965,0.5482938351218857,0.25405237910097844,0.19765378577713594,3,1,1,4,17,13,12,19,9,5,5,10,1,1,0,2,1,0,9,17,4,8,3,2,1,4,1,1
1374,2025-02-01,2024_25,Wolves,Aston Villa,2,0,H,3.32,3.48,2.28,3.17,3.43,2.3,Pinnacle,3.32,3.48,2.28,0.30120481927710846,0.28735632183908044,0.4385964912280702,1.027157632344259,0.027157632344259053,0.2932410856838744,0.2797587369167997,0.42700017739932594,0,1,1,3,9,9,9,19,4,4,3,7,1,1,1,2,1,2,14,8,14,18,4,4,4,6,1,1
1375,2025-02-02,2024_25,Arsenal,Man City,5,1,H,1.91,4.17,3.77,1.91,3.93,3.81,Pinnacle,1.91,4.17,3.77,0.5235602094240838,0.23980815347721823,0.26525198938992045,1.0286203522912225,0.028620352291222506,0.5089926601761946,0.23313572684329298,0.2578716129805124,1,2,0,2,9,18,9,8,3,6,4,4,1,1,3,6,1,0,15,17,10,8,6,9,4,4,1,1
1376,2025-02-02,2024_25,Man United,Crystal Palace,0,2,A,1.78,3.73,4.97,1.79,3.63,4.74,Pinnacle,1.78,3.73,4.97,0.5617977528089888,0.2680965147453083,0.2012072434607646,1.0311015110150616,0.031101511015061645,0.544852031354246,0.26000981657119515,0.19513815207455892,1,1,0,3,4,10,9,6,1,1,3,3,1,1,1,2,2,0,16,12,13,7,5,7,6,0,1,1
1377,2025-02-02,2024_25,Brentford,Tottenham,0,2,A,1.97,4.21,3.51,2.0,4.12,3.34,Pinnacle,1.97,4.21,3.51,0.5076142131979695,0.23752969121140144,0.2849002849002849,1.030044189309656,0.03004418930965591,0.49280819062546893,0.2306014573710627,0.2765903520034683,2,0,1,2,13,11,16,37,6,6,5,8,1,1,1,2,2,3,15,11,12,12,6,6,3,6,1,1
1378,2025-02-03,2024_25,Chelsea,West Ham,2,1,H,1.29,6.55,9.45,1.29,6.25,9.4,Pinnacle,1.29,6.55,9.45,0.7751937984496123,0.15267175572519084,0.10582010582010583,1.0336856599949091,0.033685659994909134,0.7499318491594729,0.14769650159018627,0.10237164925034076,1,3,3,1,10,19,15,9,4,7,6,4,1,1,1,0,1,2,14,7,14,12,4,0,4,7,1,1
1379,2025-02-12,2024_25,Everton,Liverpool,2,2,D,7.9,4.65,1.45,7.49,4.55,1.46,Pinnacle,7.9,4.65,1.45,0.12658227848101264,0.2150537634408602,0.6896551724137931,1.031291214335666,0.03129121433566606,0.12274154644336228,0.2085286487962499,0.6687298047603878,4,1,0,0,13,3,9,16,7,1,1,1,1,1,2,4,0,1,19,16,14,3,7,6,3,3,1,1
1380,2025-02-14,2024_25,Brighton,Chelsea,3,0,H,2.95,3.78,2.36,2.93,3.66,2.36,Pinnacle,2.95,3.78,2.36,0.3389830508474576,0.2645502645502646,0.42372881355932207,1.0272621289570443,0.027262128957044274,0.3299869052815364,0.257529463116543,0.4124836316019206,0,0,7,1,10,16,14,3,5,1,9,1,1,1,2,1,1,3,22,10,14,15,3,4,5,6,1,1
1381,2025-02-15,2024_25,Leicester,Arsenal,0,2,A,10.15,5.52,1.33,10.1,5.41,1.32,Pinnacle,10.15,5.52,1.33,0.09852216748768472,0.1811594202898551,0.7518796992481203,1.03156128702566,0.03156128702566008,0.09550781783577536,0.1756167302596232,0.7288754519046015,0,2,4,1,9,12,13,15,1,3,7,6,1,1,5,1,1,0,12,9,7,9,7,3,4,4,1,1
1382,2025-02-15,2024_25,Aston Villa,Ipswich,1,1,D,1.44,4.99,7.41,1.43,4.94,7.18,Pinnacle,1.44,4.99,7.41,0.6944444444444444,0.2004008016032064,0.1349527665317139,1.0297980125793647,0.029798012579364652,0.6743501501862967,0.19460204734835013,0.13104780246535322,0,1,2,1,10,14,8,14,3,4,5,4,1,1,1,1,2,4,15,3,9,16,6,3,4,6,1,1
1383,2025-02-15,2024_25,Fulham,Nott'm Forest,2,1,H,2.12,3.55,3.63,2.16,3.44,3.5,Pinnacle,2.12,3.55,3.63,0.4716981132075471,0.28169014084507044,0.27548209366391185,1.0288703477165293,0.0288703477165293,0.4584621514794668,0.2737858482074563,0.26775200031307705,2,0,1,1,15,9,11,4,4,3,4,1,1,1,7,0,0,5,14,18,10,16,9,4,5,10,1,1
1384,2025-02-15,2024_25,Man City,Newcastle,4,0,H,2.09,4.07,3.29,2.07,4.02,3.26,Pinnacle,2.09,4.07,3.29,0.47846889952153115,0.24570024570024568,0.303951367781155,1.0281205130029318,0.028120513002931835,0.46538211568604965,0.23898000535229572,0.2956378789616546,1,3,5,1,7,15,12,10,4,6,7,4,1,1,1,3,2,1,11,17,15,12,4,9,4,5,1,1
1385,2025-02-15,2024_25,Southampton,Bournemouth,1,3,A,6.32,4.79,1.51,6.02,4.73,1.51,Pinnacle,6.32,4.79,1.51,0.1582278481012658,0.20876826722338204,0.6622516556291391,1.0292477709537868,0.029247770953786834,0.15373154313915946,0.20283577299363004,0.6434326838672106,2,1,1,3,9,12,15,17,4,5,6,9,1,1,0,5,2,0,14,16,19,18,3,10,7,4,1,1
1386,2025-02-15,2024_25,West Ham,Brentford,0,1,A,2.4,3.71,2.93,2.38,3.65,2.88,Pinnacle,2.4,3.71,2.93,0.4166666666666667,0.2695417789757412,0.341296928327645,1.0275053739700528,0.027505373970052815,0.4055128831655246,0.26232639342244174,0.33216072341203373,1,1,2,1,14,14,22,14,5,4,3,4,1,1,0,2,2,1,20,13,13,16,4,6,2,5,1,1
1387,2025-02-15,2024_25,Crystal Palace,Everton,1,2,A,2.0,3.25,4.53,2.02,3.18,4.36,Pinnacle,2.0,3.25,4.53,0.5,0.3076923076923077,0.22075055187637968,1.0284428595686874,0.028442859568687417,0.48617188144968215,0.2991826962767275,0.21464542227359035,2,1,0,2,11,16,17,13,3,5,2,6,1,1,2,4,2,0,10,13,6,9,3,7,4,1,1,1
1388,2025-02-16,2024_25,Liverpool,Wolves,2,1,H,1.23,7.1,12.75,1.23,6.99,11.94,Pinnacle,1.23,7.1,12.75,0.8130081300813008,0.14084507042253522,0.0784313725490196,1.0322845730528556,0.03228457305285559,0.7875814008117243,0.13644015816879168,0.07597844101948399,2,2,2,0,6,19,10,14,4,7,3,3,1,1,2,0,0,1,8,9,10,9,5,4,3,3,1,1
1389,2025-02-16,2024_25,Tottenham,Man United,1,0,H,2.21,3.9,3.13,2.2,3.85,3.08,Pinnacle,2.21,3.9,3.13,0.45248868778280543,0.25641025641025644,0.3194888178913738,1.0283877620844357,0.02838776208443572,0.43999812567358604,0.2493322712150321,0.3106696031113818,2,1,0,2,13,15,20,12,2,6,4,3,1,1,0,1,2,0,17,4,11,9,2,1,3,3,1,1
1390,2025-02-19,2024_25,Aston Villa,Liverpool,2,2,D,3.97,4.04,1.88,3.83,3.98,1.9,Pinnacle,3.97,4.04,1.88,0.2518891687657431,0.24752475247524752,0.5319148936170213,1.031328814858012,0.03132881485801198,0.24423749742745418,0.24000565960074086,0.5157568429718048,1,0,1,2,25,10,4,8,6,3,3,5,1,1,2,2,1,2,10,6,16,10,3,4,4,3,1,1
1391,2025-02-21,2024_25,Leicester,Brentford,0,4,A,3.74,3.86,1.99,3.66,3.84,1.98,Pinnacle,3.74,3.86,1.99,0.267379679144385,0.2590673575129534,0.5025125628140703,1.0289595994714087,0.028959599471408692,0.2598543998051447,0.25177602468166876,0.48836957551318655,0,0,2,4,6,9,11,13,2,1,5,7,1,1,1,0,0,2,14,20,13,13,5,4,3,2,1,1
1392,2025-02-22,2024_25,Everton,Man United,2,2,D,2.67,3.15,2.97,2.65,3.13,2.92,Pinnacle,2.67,3.15,2.97,0.37453183520599254,0.31746031746031744,0.33670033670033667,1.0286924893666467,0.0286924893666467,0.36408532100451824,0.30860565304192494,0.32730902595355676,2,2,1,2,11,10,17,6,6,3,6,4,1,1,0,0,1,2,16,17,22,11,6,2,7,3,1,1
1393,2025-02-22,2024_25,Arsenal,West Ham,0,1,A,1.29,5.82,12.73,1.29,5.63,11.79,Pinnacle,1.29,5.82,12.73,0.7751937984496123,0.1718213058419244,0.07855459544383346,1.02556969973537,0.025569699735370044,0.7558665185307613,0.16753742421042647,0.07659605725881241,2,5,0,1,11,12,6,7,5,7,2,4,1,1,0,1,1,2,13,14,14,22,3,5,5,3,1,1
1394,2025-02-22,2024_25,Bournemouth,Wolves,0,1,A,1.66,4.21,5.27,1.64,4.18,5.22,Pinnacle,1.66,4.21,5.27,0.6024096385542169,0.23752969121140144,0.18975332068311196,1.0296926504487303,0.029692650448730262,0.5850383007897478,0.23068018510949675,0.18428151410075547,3,0,1,2,14,14,11,19,7,3,4,7,1,1,1,2,2,0,16,8,10,10,4,5,3,3,1,1
1395,2025-02-22,2024_25,Fulham,Crystal Palace,0,2,A,2.1,3.49,3.77,2.08,3.46,3.72,Pinnacle,2.1,3.49,3.77,0.47619047619047616,0.28653295128939826,0.26525198938992045,1.0279754168697948,0.027975416869794767,0.46323138508553585,0.27873521738671214,0.2580333975277521,2,2,1,1,24,15,8,11,10,4,2,4,1,1,1,2,2,0,17,11,11,17,6,3,6,2,1,1
1396,2025-02-22,2024_25,Ipswich,Tottenham,1,4,A,3.42,3.85,2.1,3.38,3.8,2.07,Pinnacle,3.42,3.85,2.1,0.29239766081871343,0.2597402597402597,0.47619047619047616,1.0283283967494494,0.028328396749449425,0.28434268833087145,0.2525849335302806,0.46307237813884783,1,1,1,2,4,15,25,9,3,6,6,4,1,1,1,2,0,0,22,13,16,20,7,2,6,4,1,1
1397,2025-02-22,2024_25,Southampton,Brighton,0,4,A,5.83,4.51,1.57,5.7,4.5,1.56,Pinnacle,5.83,4.51,1.57,0.17152658662092624,0.22172949002217296,0.6369426751592356,1.0301987518023348,0.030198751802334778,0.16649853857892968,0.21522981816300668,0.6182716432580637,1,2,3,1,11,9,14,15,4,4,7,6,1,1,3,0,0,7,13,10,8,14,5,5,0,9,1,1
1398,2025-02-22,2024_25,Aston Villa,Chelsea,2,1,H,2.68,3.61,2.65,2.62,3.53,2.65,Pinnacle,2.68,3.61,2.65,0.3731343283582089,0.2770083102493075,0.37735849056603776,1.027501129173554,0.027501129173554073,0.36314736574385137,0.26959416625859334,0.3672584679975554,2,1,2,1,9,25,17,4,4,6,3,3,1,1,0,2,3,1,8,22,13,14,0,3,5,5,1,1
1399,2025-02-23,2024_25,Newcastle,Nott'm Forest,4,3,H,1.92,3.88,4.01,1.91,3.84,3.89,Pinnacle,1.92,3.88,4.01,0.5208333333333334,0.2577319587628866,0.24937655860349128,1.0279418506997113,0.027941850699711335,0.5066758717711576,0.2507262045877893,0.242597923641053,0,1,4,2,3,11,11,15,1,4,7,4,1,1,1,7,2,0,8,14,24,10,2,9,10,5,1,1
1400,2025-02-23,2024_25,Man City,Liverpool,0,2,A,3.24,3.87,2.21,3.14,3.82,2.19,Pinnacle,3.24,3.87,2.21,0.30864197530864196,0.25839793281653745,0.45248868778280543,1.0195285959079847,0.019528595907984725,0.30273008187059985,0.25344844063585104,0.44382147749354917,4,1,0,5,11,7,3,12,7,4,1,7,1,1,2,2,2,1,17,10,9,16,3,3,4,4,1,1
1401,2025-02-25,2024_25,Brighton,Bournemouth,2,1,H,2.01,3.92,3.63,1.98,3.87,3.64,Pinnacle,2.01,3.92,3.63,0.49751243781094534,0.25510204081632654,0.27548209366391185,1.028096572291184,0.028096572291183897,0.48391605537814864,0.2481304263546119,0.2679535182672393,4,3,0,0,18,13,6,8,12,5,1,0,1,1,0,3,1,1,8,14,13,11,3,7,5,4,1,1
1402,2025-02-25,2024_25,Crystal Palace,Aston Villa,4,1,H,2.27,3.55,3.26,2.26,3.52,3.19,Pinnacle,2.27,3.55,3.26,0.44052863436123346,0.28169014084507044,0.3067484662576687,1.0289672414639726,0.02896724146397256,0.4281269768457034,0.2737600668844357,0.29811295626986095,2,1,0,2,10,17,10,11,5,6,0,6,1,1,2,2,1,2,12,9,15,17,6,4,7,3,1,1
1403,2025-02-25,2024_25,Wolves,Fulham,1,2,A,2.42,3.31,3.2,2.42,3.28,3.1,Pinnacle,2.42,3.31,3.2,0.4132231404958678,0.3021148036253776,0.3125,1.0278379441212455,0.027837944121245517,0.4020314124997153,0.2939323317973749,0.3040362557029097,1,1,0,2,13,16,8,10,5,4,3,3,1,1,0,2,2,1,10,24,10,8,0,10,5,2,1,1
1404,2025-02-25,2024_25,Chelsea,Southampton,4,0,H,1.18,8.25,16.0,1.17,8.31,16.08,Pinnacle,1.18,8.25,16.0,0.8474576271186441,0.12121212121212122,0.0625,1.0311697483307654,0.031169748330765357,0.8218410484699437,0.117548174205398,0.06061077732465834,1,0,2,3,15,8,12,13,7,0,6,5,1,1,0,1,4,3,6,11,18,14,1,4,12,7,1,1
1405,2025-02-26,2024_25,Liverpool,Newcastle,2,0,H,1.37,5.65,8.0,1.37,5.47,7.71,Pinnacle,1.37,5.65,8.0,0.7299270072992701,0.17699115044247787,0.125,1.031918157741748,0.031918157741748,0.7073497077487656,0.1715166547992582,0.12113363745197611,2,2,0,2,8,17,16,9,4,3,5,4,1,1,4,0,3,4,13,3,17,11,5,1,5,7,1,1
1406,2025-02-26,2024_25,Tottenham,Man City,0,1,A,3.96,4.19,1.85,3.88,4.29,1.82,Pinnacle,3.96,4.19,1.85,0.25252525252525254,0.2386634844868735,0.5405405405405405,1.0317292775526665,0.031729277552666524,0.24475921932181663,0.23132374904878134,0.523917031629402,4,1,1,0,10,22,17,16,6,7,5,6,1,1,0,4,2,0,16,11,8,3,5,7,4,1,1,1
1407,2025-02-26,2024_25,Man United,Ipswich,3,2,H,1.52,4.52,6.65,1.51,4.5,6.35,Pinnacle,1.52,4.52,6.65,0.6578947368421053,0.22123893805309736,0.15037593984962405,1.0295096147448266,0.029509614744826607,0.639037001131039,0.21489739861043788,0.1460656002585232,2,0,2,1,9,16,9,22,3,6,8,7,1,1,1,1,4,1,17,4,10,25,5,3,6,6,1,1
1408,2025-02-26,2024_25,Brentford,Everton,1,1,D,2.03,3.68,3.8,2.08,3.6,3.54,Pinnacle,2.03,3.68,3.8,0.4926108374384237,0.2717391304347826,0.2631578947368421,1.0275078626100485,0.02750786261004845,0.47942293715116363,0.2644642832654516,0.25611277958338474,4,1,0,0,14,14,8,13,6,5,3,3,1,1,2,2,2,1,9,11,9,17,8,6,3,6,1,1
1409,2025-02-26,2024_25,Nott'm Forest,Arsenal,0,0,D,4.37,3.45,1.96,4.23,3.45,1.94,Pinnacle,4.37,3.45,1.96,0.22883295194508008,0.2898550724637681,0.5102040816326531,1.0288921060415013,0.028892106041501275,0.22240714123609953,0.2817157122323928,0.49587714653150766,3,1,4,2,17,8,13,24,5,2,5,10,1,1,0,2,1,0,20,11,5,6,2,5,2,2,1,1
1410,2025-02-27,2024_25,West Ham,Leicester,2,0,H,1.79,3.79,4.83,1.77,3.77,4.77,Pinnacle,1.79,3.79,4.83,0.5586592178770949,0.2638522427440633,0.20703933747412007,1.0295507980952783,0.029550798095278275,0.5426242385617525,0.2562789939381364,0.20109676750011116,1,0,0,1,5,13,20,14,2,3,2,5,1,1,0,0,4,2,8,6,14,11,3,2,6,5,1,1
1411,2025-03-08,2024_25,Nott'm Forest,Man City,1,0,H,3.91,3.87,1.94,3.8,3.79,1.95,Pinnacle,3.91,3.87,1.94,0.2557544757033248,0.25839793281653745,0.5154639175257733,1.0296163260456357,0.029616326045635688,0.24839784416160182,0.25096526373949946,0.5006368920988985,0,3,0,4,6,17,13,13,2,5,1,5,1,1,1,0,0,2,12,16,11,8,5,5,6,4,1,1
1412,2025-03-08,2024_25,Brighton,Fulham,2,1,H,2.01,3.55,4.0,2.01,3.55,3.85,Pinnacle,2.01,3.55,4.0,0.49751243781094534,0.28169014084507044,0.25,1.0292025786560157,0.02920257865601572,0.483396027301663,0.2736974689792514,0.24290650371908562,2,4,1,0,11,18,19,6,4,12,5,1,1,1,2,0,1,2,11,10,18,10,5,0,5,5,1,1
1413,2025-03-08,2024_25,Crystal Palace,Ipswich,1,0,H,1.57,4.21,6.39,1.55,4.2,6.26,Pinnacle,1.57,4.21,6.39,0.6369426751592356,0.23752969121140144,0.1564945226917058,1.030966889062343,0.030966889062342906,0.6178109907472688,0.23039507255895775,0.15179393669377342,4,2,1,0,19,10,6,10,6,5,2,0,1,1,2,1,3,4,12,17,10,10,3,5,6,6,1,1
1414,2025-03-08,2024_25,Liverpool,Southampton,3,1,H,1.11,11.5,26.0,1.11,10.91,23.99,Pinnacle,1.11,11.5,26.0,0.9009009009009008,0.08695652173913043,0.038461538461538464,1.0263189611015697,0.026318961101569727,0.8777981651376147,0.08472660550458716,0.03747522935779817,2,2,0,0,12,8,3,16,3,4,0,5,1,1,0,0,4,4,7,6,19,18,2,1,10,12,1,1
1415,2025-03-08,2024_25,Brentford,Aston Villa,0,1,A,2.15,3.96,3.21,2.16,3.88,3.15,Pinnacle,2.15,3.96,3.21,0.46511627906976744,0.25252525252525254,0.3115264797507788,1.0291680113457988,0.029168011345798828,0.45193425557558364,0.24536834583017803,0.3026973985942383,1,4,1,0,12,14,14,8,3,6,4,3,1,1,1,2,4,1,6,12,19,15,2,6,6,7,1,1
1416,2025-03-08,2024_25,Wolves,Everton,1,1,D,2.88,3.0,2.88,2.84,2.98,2.84,Pinnacle,2.88,3.0,2.88,0.3472222222222222,0.3333333333333333,0.3472222222222222,1.0277777777777777,0.02777777777777768,0.3378378378378379,0.32432432432432434,0.3378378378378379,1,1,2,0,18,13,11,8,5,5,5,3,1,1,1,2,1,2,14,9,12,9,4,8,3,3,1,1
1417,2025-03-09,2024_25,Man United,Arsenal,1,1,D,5.05,3.72,1.78,5.1,3.55,1.78,Pinnacle,5.05,3.72,1.78,0.19801980198019803,0.26881720430107525,0.5617977528089888,1.028634759090262,0.02863475909026203,0.1925073989871092,0.261333969055081,0.5461586319578098,3,2,2,2,10,9,12,9,6,3,3,8,1,1,0,0,0,1,13,20,6,5,1,2,2,2,1,1
1418,2025-03-09,2024_25,Chelsea,Leicester,1,0,H,1.24,6.85,13.0,1.23,6.96,12.22,Pinnacle,1.24,6.85,13.0,0.8064516129032259,0.14598540145985403,0.07692307692307693,1.029360091286157,0.02936009128615691,0.7834494650900901,0.141821509009009,0.0747290259009009,4,1,0,2,19,15,7,12,10,7,2,6,1,1,0,0,2,4,10,8,8,14,2,3,2,6,1,1
1419,2025-03-09,2024_25,Tottenham,Bournemouth,2,2,D,2.86,3.83,2.4,2.8,3.75,2.4,Pinnacle,2.86,3.83,2.4,0.3496503496503497,0.2610966057441253,0.4166666666666667,1.0274136220611416,0.027413622061141618,0.34032092055476165,0.25412998245081414,0.40554909699442426,0,4,1,1,11,10,12,17,6,6,5,5,1,1,1,0,2,1,19,8,11,13,5,3,4,5,1,1
1420,2025-03-10,2024_25,West Ham,Newcastle,0,1,A,3.39,3.55,2.22,3.35,3.49,2.2,Pinnacle,3.39,3.55,2.22,0.2949852507374631,0.28169014084507044,0.4504504504504504,1.027125842032984,0.02712584203298407,0.2871948486405527,0.274250855462387,0.4385542958970602,2,1,0,0,8,5,10,20,2,2,2,2,1,1,0,4,2,3,3,13,12,17,0,5,3,5,1,1
1421,2025-03-15,2024_25,Bournemouth,Brentford,1,2,A,1.76,4.35,4.32,1.76,4.2,4.29,Pinnacle,1.76,4.35,4.32,0.5681818181818182,0.2298850574712644,0.23148148148148145,1.029548357134564,0.02954835713456405,0.5518748237947562,0.2232872850296025,0.22483789117564135,2,1,2,2,17,19,12,11,8,5,4,4,1,1,0,1,1,1,13,12,12,14,3,3,4,4,1,1
1422,2025-03-15,2024_25,Southampton,Wolves,1,2,A,3.97,3.43,2.07,3.9,3.38,2.04,Pinnacle,3.97,3.43,2.07,0.2518891687657431,0.29154518950437314,0.48309178743961356,1.0265261457097297,0.026526145709729665,0.24538017839924522,0.2840114601297386,0.47060836147101626,1,0,3,4,6,7,28,19,4,2,7,10,1,1,1,1,1,2,11,18,12,11,3,5,4,5,1,1
1423,2025-03-15,2024_25,Ipswich,Nott'm Forest,2,4,A,3.99,3.58,2.0,3.99,3.56,1.96,Pinnacle,3.99,3.58,2.0,0.2506265664160401,0.27932960893854747,0.5,1.0299561753545876,0.02995617535458761,0.24333711706690409,0.27120533438462213,0.48545754854847367,0,2,1,3,15,12,19,10,8,3,4,6,1,1,1,0,0,0,9,6,14,13,4,2,3,1,1,1
1424,2025-03-15,2024_25,Man City,Brighton,2,2,D,1.83,3.99,4.3,1.81,4.03,4.15,Pinnacle,1.83,3.99,4.3,0.5464480874316939,0.2506265664160401,0.23255813953488372,1.0296327933826177,0.029632793382617706,0.5307213318609119,0.243413543184328,0.2258651249547602,0,1,1,0,14,12,9,11,3,5,4,6,1,1,2,2,1,1,9,11,6,19,4,4,1,5,1,1
1425,2025-03-15,2024_25,Everton,West Ham,1,1,D,2.12,3.31,3.92,2.14,3.22,3.82,Pinnacle,2.12,3.31,3.92,0.4716981132075471,0.3021148036253776,0.25510204081632654,1.0289149576492513,0.02891495764925134,0.4584422742626171,0.2936246590443348,0.24793306669304804,1,1,1,1,12,14,11,12,4,4,3,3,1,1,0,2,1,0,9,8,9,10,2,2,3,2,1,1
1426,2025-03-16,2024_25,Arsenal,Chelsea,1,0,H,1.73,3.74,5.39,1.73,3.68,5.24,Pinnacle,1.73,3.74,5.39,0.5780346820809249,0.267379679144385,0.1855287569573284,1.0309431181826383,0.030943118182638285,0.5606853296619244,0.2593544439345265,0.17996022640354903,1,0,1,0,17,13,10,6,6,1,6,2,1,1,1,4,0,0,20,19,3,7,7,10,3,2,1,1
1427,2025-03-16,2024_25,Fulham,Tottenham,2,0,H,1.85,4.1,4.08,1.85,3.94,4.04,Pinnacle,1.85,4.1,4.08,0.5405405405405405,0.24390243902439027,0.24509803921568626,1.0295410187806169,0.02954101878061688,0.5250306016760302,0.2369040519757698,0.23806534634820004,1,2,2,1,6,11,9,18,1,5,4,5,1,1,2,0,2,1,12,11,17,12,4,6,8,5,1,1
1428,2025-03-16,2024_25,Leicester,Man United,0,3,A,4.56,3.82,1.83,4.5,3.74,1.81,Pinnacle,4.56,3.82,1.83,0.2192982456140351,0.2617801047120419,0.5464480874316939,1.0275264377577709,0.02752643775777086,0.2134234580791706,0.2547672693301094,0.5318092725907201,0,0,1,2,3,10,20,8,3,2,7,2,1,1,1,3,1,2,10,10,17,12,6,6,6,3,1,1
1429,2025-04-01,2024_25,Arsenal,Fulham,2,1,H,1.51,4.3,7.6,1.49,4.16,7.46,Pinnacle,1.51,4.3,7.6,0.6622516556291391,0.23255813953488372,0.13157894736842105,1.0263887425324438,0.026388742532443832,0.6452249797626805,0.22657900452131335,0.12819601571600622,1,1,0,1,12,17,8,10,4,6,2,6,1,1,2,1,0,2,13,6,12,9,4,1,4,4,1,1
1430,2025-04-01,2024_25,Wolves,West Ham,1,0,H,2.39,3.29,3.27,2.37,3.25,3.21,Pinnacle,2.39,3.29,3.27,0.41841004184100417,0.303951367781155,0.3058103975535168,1.028171807175676,0.028171807175676022,0.40694564752786844,0.29562312996705337,0.29743122250507814,2,1,1,1,5,11,10,12,3,3,3,4,1,1,1,0,1,1,10,9,13,9,5,2,5,3,1,1
1431,2025-04-01,2024_25,Nott'm Forest,Man United,1,0,H,2.35,3.46,3.19,2.36,3.39,3.11,Pinnacle,2.35,3.46,3.19,0.425531914893617,0.28901734104046245,0.31347962382445144,1.0280288797585309,0.028028879758530856,0.41392992285738933,0.28113737535111705,0.30493270179149373,4,1,2,0,11,9,11,14,6,4,4,3,1,1,3,1,0,1,18,10,11,17,5,6,3,6,1,1
1432,2025-04-02,2024_25,Southampton,Crystal Palace,1,1,D,5.72,4.13,1.63,5.68,4.04,1.61,Pinnacle,5.72,4.13,1.63,0.17482517482517484,0.24213075060532688,0.6134969325153374,1.0304528579458392,0.030452857945839185,0.16965858600623504,0.23497508764059669,0.5953663263531682,1,1,2,3,10,6,5,28,3,4,3,7,1,1,1,4,0,1,19,19,15,6,4,6,8,2,1,1
1433,2025-04-02,2024_25,Newcastle,Brentford,2,1,H,1.7,4.29,4.69,1.67,4.32,4.68,Pinnacle,1.7,4.29,4.69,0.5882352941176471,0.2331002331002331,0.21321961620469082,1.034555143422571,0.034555143422571044,0.5685876657783706,0.22531445963245453,0.20609787458917483,1,0,0,2,9,3,9,12,3,0,2,3,1,1,2,0,1,1,10,13,17,12,4,3,5,4,1,1
1434,2025-04-02,2024_25,Liverpool,Everton,1,0,H,1.5,4.41,7.31,1.48,4.38,7.07,Pinnacle,1.5,4.41,7.31,0.6666666666666666,0.22675736961451246,0.13679890560875513,1.0302229418899342,0.03022294188993424,0.647109125179908,0.22010514461901634,0.13278573020107554,3,2,1,0,28,12,6,3,7,3,4,0,1,1,1,1,1,1,13,12,10,11,5,4,5,3,1,1
1435,2025-04-02,2024_25,Brighton,Aston Villa,0,3,A,2.38,3.5,3.11,2.35,3.49,3.03,Pinnacle,2.38,3.5,3.11,0.42016806722689076,0.2857142857142857,0.3215434083601286,1.0274257613013051,0.02742576130130514,0.40895224069009045,0.2780875236692615,0.312960235640648,2,2,2,1,15,9,11,6,3,4,3,1,1,1,1,1,0,4,12,6,13,19,4,2,3,6,1,1
1436,2025-04-02,2024_25,Bournemouth,Ipswich,1,2,A,1.4,5.4,7.52,1.39,5.13,7.75,Pinnacle,1.4,5.4,7.52,0.7142857142857143,0.18518518518518517,0.13297872340425532,1.0324496228751547,0.03244962287515474,0.6918359002317024,0.17936486302303395,0.12879923674526372,1,2,2,2,17,17,10,12,5,8,4,4,1,1,2,0,4,1,11,15,11,19,4,8,6,4,1,1
1437,2025-04-02,2024_25,Man City,Leicester,2,0,H,1.2,8.0,13.5,1.2,7.6,13.22,Pinnacle,1.2,8.0,13.5,0.8333333333333334,0.125,0.07407407407407407,1.0324074074074074,0.03240740740740744,0.8071748878923767,0.1210762331838565,0.07174887892376682,2,0,2,1,11,14,15,9,3,3,3,4,1,1,0,0,3,1,11,3,18,20,3,3,5,7,1,1
1438,2025-04-03,2024_25,Chelsea,Tottenham,1,0,H,1.67,4.46,4.83,1.68,4.36,4.58,Pinnacle,1.67,4.46,4.83,0.5988023952095809,0.2242152466367713,0.20703933747412007,1.0300569793204724,0.030056979320472355,0.5813293897630889,0.217672663879901,0.20099794635701002,0,1,1,0,8,20,12,3,2,7,4,3,1,1,0,2,2,2,12,12,13,17,4,4,4,8,1,1
1439,2025-04-05,2024_25,Everton,Arsenal,1,1,D,4.19,3.19,2.1,4.1,3.17,2.07,Pinnacle,4.19,3.19,2.1,0.2386634844868735,0.31347962382445144,0.47619047619047616,1.0283335845018011,0.028333584501801123,0.23208761056121616,0.304842347414262,0.4630700420245218,0,1,1,1,5,13,17,10,0,5,3,5,1,1,2,1,1,0,17,12,9,8,4,4,3,2,1,1
1440,2025-04-05,2024_25,Crystal Palace,Brighton,2,1,H,2.58,3.4,2.89,2.53,3.39,2.81,Pinnacle,2.58,3.4,2.89,0.38759689922480617,0.29411764705882354,0.3460207612456747,1.0277353075293045,0.02773530752930453,0.3771368915568315,0.28618034712253687,0.3366827613206316,1,1,1,0,9,19,8,15,3,4,2,8,1,1,0,2,3,2,11,15,8,11,4,3,5,3,1,1
1441,2025-04-05,2024_25,Ipswich,Wolves,1,2,A,2.85,3.27,2.7,2.84,3.2,2.63,Pinnacle,2.85,3.27,2.7,0.3508771929824561,0.3058103975535168,0.37037037037037035,1.0270579609063433,0.02705796090634327,0.3416332927041616,0.2977537872192234,0.360612920076615,2,2,1,4,10,11,24,11,2,4,7,6,1,1,1,2,0,1,9,5,10,10,2,3,1,3,1,1
1442,2025-04-05,2024_25,West Ham,Bournemouth,2,2,D,3.04,3.55,2.4,2.98,3.49,2.38,Pinnacle,3.04,3.55,2.4,0.32894736842105265,0.28169014084507044,0.4166666666666667,1.0273041759327899,0.027304175932789887,0.32020444978953694,0.27420324714371613,0.4055923030667468,0,1,1,1,10,10,9,13,1,5,2,5,1,1,1,1,2,2,24,17,10,10,7,5,2,4,1,1
1443,2025-04-05,2024_25,Aston Villa,Nott'm Forest,2,1,H,2.15,3.45,3.66,2.14,3.39,3.57,Pinnacle,2.15,3.45,3.66,0.46511627906976744,0.2898550724637681,0.27322404371584696,1.0281953952493825,0.028195395249382527,0.4523617604384975,0.2819066043312376,0.2657316352302649,3,1,0,0,8,12,11,13,5,4,4,3,1,1,1,4,0,2,8,11,23,11,2,6,6,4,1,1
1444,2025-04-06,2024_25,Brentford,Chelsea,0,0,D,2.94,3.65,2.42,2.89,3.57,2.41,Pinnacle,2.94,3.65,2.42,0.3401360544217687,0.273972602739726,0.4132231404958678,1.0273317976573624,0.027331797657362378,0.3310868554807563,0.26668365893518453,0.4022294855840593,1,2,2,1,12,10,21,17,3,4,4,5,1,1,1,0,0,1,11,8,8,12,5,2,2,4,1,1
1445,2025-04-06,2024_25,Fulham,Liverpool,3,2,H,4.29,3.55,1.94,4.19,3.52,1.92,Pinnacle,4.29,3.55,1.94,0.2331002331002331,0.28169014084507044,0.5154639175257733,1.0302542914710768,0.030254291471076833,0.2262550469626237,0.27341807083652275,0.5003268822008535,1,2,2,0,9,13,17,12,3,4,4,4,1,1,1,3,0,1,17,28,5,6,3,7,0,4,1,1
1446,2025-04-06,2024_25,Tottenham,Southampton,3,1,H,1.37,5.64,7.87,1.37,5.41,7.68,Pinnacle,1.37,5.64,7.87,0.7299270072992701,0.1773049645390071,0.12706480304955528,1.0342967748878324,0.03429677488783245,0.7057229849512286,0.17142561868496156,0.12285139636380982,0,0,1,2,8,12,11,13,2,4,5,4,1,1,1,1,1,2,8,10,9,5,2,3,3,3,1,1
1447,2025-04-06,2024_25,Man United,Man City,0,0,D,3.48,3.75,2.11,3.39,3.67,2.11,Pinnacle,3.48,3.75,2.11,0.28735632183908044,0.26666666666666666,0.47393364928909953,1.0279566377948466,0.027956637794846584,0.2795412873207491,0.2594143146336552,0.4610443980455957,0,3,1,0,23,18,8,11,6,5,2,3,1,1,2,2,0,2,18,11,2,15,5,3,0,3,1,1
1448,2025-04-07,2024_25,Leicester,Newcastle,0,3,A,7.45,4.85,1.45,7.18,4.63,1.45,Pinnacle,7.45,4.85,1.45,0.1342281879194631,0.2061855670103093,0.6896551724137931,1.0300689273435655,0.030068927343565477,0.13030990874137213,0.20016676703571595,0.6695233242229119,0,0,2,3,2,11,18,18,0,3,5,5,1,1,2,1,1,0,21,9,12,9,4,3,3,2,1,1
1449,2025-04-12,2024_25,Southampton,Aston Villa,0,3,A,6.23,4.64,1.53,6.1,4.55,1.52,Pinnacle,6.23,4.64,1.53,0.16051364365971107,0.21551724137931036,0.6535947712418301,1.0296256562808515,0.029625656280851453,0.15589514760103035,0.20931611412810758,0.6347887382708621,1,1,3,1,12,8,13,9,4,2,8,3,1,1,2,3,1,0,17,8,19,11,8,5,3,4,1,1
1450,2025-04-12,2024_25,Nott'm Forest,Everton,0,1,A,1.99,3.38,4.35,1.97,3.34,4.21,Pinnacle,1.99,3.38,4.35,0.5025125628140703,0.2958579881656805,0.2298850574712644,1.028255608451015,0.028255608451015046,0.4887039357568546,0.2877280568509292,0.2235680073922163,1,1,2,0,19,8,17,23,3,2,8,6,1,1,1,0,1,1,5,5,14,17,2,0,5,3,1,1
1451,2025-04-12,2024_25,Arsenal,Brentford,1,1,D,1.62,4.24,5.66,1.63,4.15,5.21,Pinnacle,1.62,4.24,5.66,0.6172839506172839,0.23584905660377356,0.17667844522968199,1.0298114524507394,0.02981145245073935,0.5994145327751746,0.22902159035277897,0.17156387687204647,1,2,1,1,14,17,5,9,5,4,2,3,1,1,0,1,0,2,9,12,21,21,2,3,5,4,1,1
1452,2025-04-12,2024_25,Man City,Crystal Palace,5,2,H,1.64,4.35,5.3,1.63,4.25,5.16,Pinnacle,1.64,4.35,5.3,0.6097560975609756,0.2298850574712644,0.18867924528301888,1.0283204003152588,0.028320400315258842,0.5929631439520588,0.2235539209382475,0.18348293510969368,0,2,0,0,9,18,13,2,5,5,2,0,1,1,2,1,1,1,8,9,11,8,3,3,5,2,1,1
1453,2025-04-12,2024_25,Brighton,Leicester,2,2,D,1.29,5.95,10.93,1.29,5.98,10.04,Pinnacle,1.29,5.95,10.93,0.7751937984496123,0.1680672268907563,0.09149130832570906,1.0347523336660776,0.03475233366607755,0.7491587824722639,0.16242266040154962,0.08841855712618668,1,0,2,3,11,11,8,8,5,4,3,5,1,1,0,0,3,2,7,2,16,18,2,0,5,5,1,1
1454,2025-04-13,2024_25,Chelsea,Ipswich,2,2,D,1.21,7.43,13.76,1.2,7.33,13.53,Pinnacle,1.21,7.43,13.76,0.8264462809917356,0.13458950201884254,0.07267441860465117,1.0337102016152293,0.03371020161522931,0.7994951386765532,0.13020041962296494,0.07030444170048179,0,1,0,0,21,11,9,8,5,5,2,2,1,1,1,2,2,1,6,10,22,24,2,2,7,7,1,1
1455,2025-04-13,2024_25,Liverpool,West Ham,2,1,H,1.28,6.12,10.75,1.28,5.9,10.63,Pinnacle,1.28,6.12,10.75,0.78125,0.16339869281045752,0.09302325581395349,1.037671948624411,0.037671948624411034,0.7528872694647508,0.15746661845014395,0.08964611208510521,2,1,3,0,14,17,12,5,6,3,6,0,1,1,2,0,2,1,9,10,11,9,3,1,4,2,1,1
1456,2025-04-13,2024_25,Wolves,Tottenham,4,2,H,2.29,3.63,3.16,2.28,3.56,3.1,Pinnacle,2.29,3.63,3.16,0.4366812227074236,0.27548209366391185,0.3164556962025316,1.028619012573867,0.02861901257386701,0.42453154896946327,0.267817423454565,0.3076510275759718,2,1,1,0,22,9,6,10,7,2,2,1,1,1,3,0,1,1,13,8,12,11,8,2,4,5,1,1
1457,2025-04-13,2024_25,Newcastle,Man United,4,1,H,1.62,4.35,5.45,1.61,4.29,5.26,Pinnacle,1.62,4.35,5.45,0.6172839506172839,0.2298850574712644,0.18348623853211007,1.0306552466206584,0.03065524662065844,0.5989237940050778,0.22304748190533935,0.17802872408958276,3,2,0,1,16,21,7,12,5,4,2,3,1,1,0,0,0,1,13,23,9,8,2,6,5,2,1,1
1458,2025-04-14,2024_25,Bournemouth,Fulham,1,0,H,2.24,3.45,3.43,2.24,3.41,3.3,Pinnacle,2.24,3.45,3.43,0.4464285714285714,0.2898550724637681,0.29154518950437314,1.0278288333967125,0.027828833396712493,0.43434135813571084,0.282007142673621,0.2836514991906683,2,1,2,2,11,24,9,10,4,7,3,2,1,1,3,1,2,2,12,9,14,17,6,3,6,4,1,1
1459,2025-04-16,2024_25,Newcastle,Crystal Palace,5,0,H,1.68,3.99,5.24,1.67,3.99,5.1,Pinnacle,1.68,3.99,5.24,0.5952380952380952,0.2506265664160401,0.19083969465648853,1.036704356310624,0.036704356310623965,0.5741637831603229,0.24175317185697806,0.18408304498269892,4,3,1,0,13,16,9,7,6,5,5,2,1,1,2,2,5,1,8,8,21,11,3,3,9,5,1,1
1460,2025-04-19,2024_25,Brentford,Brighton,4,2,H,2.7,3.66,2.6,2.64,3.58,2.59,Pinnacle,2.7,3.66,2.6,0.37037037037037035,0.27322404371584696,0.3846153846153846,1.028209798701602,0.028209798701601896,0.36020894844424256,0.2657279127867363,0.37406313876902114,1,0,1,0,3,9,14,21,2,2,3,5,1,1,2,1,2,2,21,11,15,8,7,5,6,3,1,1
1461,2025-04-19,2024_25,Crystal Palace,Bournemouth,0,0,D,2.59,3.54,2.79,2.57,3.49,2.72,Pinnacle,2.59,3.54,2.79,0.3861003861003861,0.2824858757062147,0.35842293906810035,1.0270092008747012,0.027009200874701156,0.37594637494147604,0.27505681104475227,0.3489968140137717,0,2,5,5,11,8,14,21,4,3,7,9,1,1,1,2,0,2,12,11,12,9,3,4,7,3,1,1
1462,2025-04-19,2024_25,Everton,Man City,0,2,A,4.13,3.73,1.93,4.06,3.64,1.91,Pinnacle,4.13,3.73,1.93,0.24213075060532688,0.2680965147453083,0.5181347150259068,1.028361980376542,0.02836198037654203,0.23545284172861874,0.2607024762303473,0.5038446820410339,1,1,0,1,13,5,10,14,5,2,5,5,1,1,5,0,2,0,21,9,8,13,9,5,3,2,1,1
1463,2025-04-19,2024_25,West Ham,Southampton,1,1,D,1.64,4.3,5.25,1.6,4.3,5.37,Pinnacle,1.64,4.3,5.25,0.6097560975609756,0.23255813953488372,0.19047619047619047,1.0327904275720496,0.03279042757204964,0.5903967361456182,0.22517456913460787,0.18442869471977405,1,2,2,2,11,9,15,11,4,3,6,4,1,1,0,1,3,3,7,12,25,13,2,4,10,8,1,1
1464,2025-04-19,2024_25,Aston Villa,Newcastle,4,1,H,2.55,3.65,2.71,2.54,3.6,2.69,Pinnacle,2.55,3.65,2.71,0.3921568627450981,0.273972602739726,0.36900369003690037,1.0351331555217245,0.03513315552172447,0.3788467799076965,0.2646737777437331,0.35647944234857043,3,2,0,1,25,17,7,19,10,8,2,3,1,1,5,4,0,1,14,13,11,9,7,6,4,5,1,1
1465,2025-04-20,2024_25,Leicester,Liverpool,0,1,A,13.5,7.25,1.22,11.84,6.92,1.22,Pinnacle,13.5,7.25,1.22,0.07407407407407407,0.13793103448275862,0.819672131147541,1.0316772397043736,0.03167723970437364,0.07179965906323565,0.13369591687636984,0.7945044240603946,2,0,2,3,15,7,21,16,6,2,7,5,1,1,2,2,1,3,15,14,11,12,6,6,4,6,1,1
1466,2025-04-20,2024_25,Man United,Wolves,0,1,A,2.6,3.5,2.8,2.56,3.44,2.76,Pinnacle,2.6,3.5,2.8,0.3846153846153846,0.2857142857142857,0.35714285714285715,1.0274725274725274,0.027472527472527375,0.37433155080213903,0.27807486631016043,0.3475935828877006,1,0,4,0,9,13,13,9,5,2,6,5,1,1,4,2,2,1,13,22,11,6,5,7,4,2,1,1
1467,2025-04-20,2024_25,Fulham,Chelsea,1,2,A,3.15,3.61,2.31,3.07,3.57,2.3,Pinnacle,3.15,3.61,2.31,0.31746031746031744,0.2770083102493075,0.4329004329004329,1.0273690606100578,0.027369060610057838,0.3090031904131974,0.2696288226597152,0.4213679869270874,0,3,1,2,12,12,12,14,7,6,3,6,1,1,2,0,2,0,34,21,13,9,9,5,4,2,1,1
1468,2025-04-20,2024_25,Ipswich,Arsenal,0,4,A,8.93,5.22,1.37,9.07,5.12,1.35,Pinnacle,8.93,5.22,1.37,0.11198208286674133,0.19157088122605365,0.7299270072992701,1.033479971392065,0.033479971392065044,0.10835438128124049,0.1853648706592869,0.7062807480594726,2,1,2,2,13,6,34,22,4,2,9,7,1,1,1,1,1,1,14,14,3,5,3,5,2,2,1,1
1469,2025-04-21,2024_25,Tottenham,Nott'm Forest,1,2,A,2.4,3.55,3.06,2.4,3.49,2.96,Pinnacle,2.4,3.55,3.06,0.4166666666666667,0.28169014084507044,0.32679738562091504,1.0251541931326522,0.025154193132652214,0.4064429228869682,0.2747783140644292,0.31877876304860253,2,3,4,1,11,13,13,12,4,8,5,4,1,1,0,1,1,2,10,19,13,17,5,3,5,8,1,1
1470,2025-04-22,2024_25,Man City,Aston Villa,2,1,H,1.91,4.06,3.96,1.91,3.92,3.84,Pinnacle,1.91,4.06,3.96,0.5235602094240838,0.24630541871921185,0.25252525252525254,1.0223908806685482,0.02239088066854822,0.5120939743532574,0.240911204683429,0.24699482096331354,2,5,0,2,12,21,8,8,7,9,3,3,1,1,4,3,1,0,23,25,10,7,9,10,3,2,1,1
1471,2025-04-23,2024_25,Arsenal,Crystal Palace,2,2,D,1.4,4.85,9.1,1.4,4.77,8.6,Pinnacle,1.4,4.85,9.1,0.7142857142857143,0.2061855670103093,0.10989010989010989,1.0303613911861336,0.03036139118613357,0.6932380428807037,0.20010995052226496,0.10665200659703132,4,1,0,1,24,14,4,3,7,3,0,2,1,1,0,0,0,5,5,11,15,14,0,4,4,7,1,1
1472,2025-04-26,2024_25,Chelsea,Everton,1,0,H,1.44,4.95,7.5,1.44,4.79,7.31,Pinnacle,1.44,4.95,7.5,0.6944444444444444,0.20202020202020202,0.13333333333333333,1.0297979797979797,0.029797979797979712,0.674350171652771,0.196174595389897,0.12947523295733204,2,2,1,2,13,34,6,13,8,9,1,4,1,1,0,1,2,0,8,13,12,10,3,5,7,5,1,1
1473,2025-04-26,2024_25,Brighton,West Ham,3,2,H,1.79,4.0,4.46,1.78,3.96,4.36,Pinnacle,1.79,4.0,4.46,0.5586592178770949,0.25,0.2242152466367713,1.0328744645138663,0.03287446451386633,0.5408781387000733,0.24204296706828282,0.21707889423164378,2,2,4,2,12,21,16,15,3,7,8,6,1,1,1,1,1,2,12,11,15,15,4,4,4,6,1,1
1474,2025-04-26,2024_25,Newcastle,Ipswich,3,0,H,1.17,8.5,17.5,1.17,8.08,15.61,Pinnacle,1.17,8.5,17.5,0.8547008547008548,0.11764705882352941,0.05714285714285714,1.0294907706672414,0.029490770667241373,0.8302171122397722,0.11427694368476864,0.05550594407545905,1,5,4,0,10,14,23,11,3,7,9,4,1,1,0,2,4,2,4,13,24,34,0,4,7,9,1,1
1475,2025-04-26,2024_25,Southampton,Fulham,1,2,A,5.08,4.11,1.68,5.15,4.08,1.65,Pinnacle,5.08,4.11,1.68,0.19685039370078738,0.24330900243309,0.5952380952380952,1.0353974913719726,0.03539749137197257,0.19012060135470016,0.23499091359656368,0.5748884850487362,1,0,1,3,15,7,12,25,4,2,4,10,1,1,1,0,2,1,6,12,13,12,1,7,8,3,1,1
1476,2025-04-26,2024_25,Wolves,Leicester,3,0,H,1.55,4.46,6.03,1.53,4.39,6.11,Pinnacle,1.55,4.46,6.03,0.6451612903225806,0.2242152466367713,0.16583747927031509,1.035214016229667,0.03521401622966702,0.6232153740270153,0.21658830263270712,0.16019632334027756,1,4,0,2,4,13,12,11,2,5,2,4,1,1,0,2,1,2,5,15,28,21,0,6,10,7,1,1
1477,2025-04-27,2024_25,Bournemouth,Man United,1,1,D,1.98,3.93,3.72,1.95,3.83,3.69,Pinnacle,1.98,3.93,3.72,0.5050505050505051,0.2544529262086514,0.26881720430107525,1.0283206355602317,0.028320635560231677,0.4911410775836005,0.24744512305738647,0.2614137993590131,0,1,0,0,15,12,5,12,4,3,0,7,1,1,0,1,1,4,12,9,4,13,2,5,2,6,1,1
1478,2025-04-27,2024_25,Liverpool,Tottenham,5,1,H,1.2,7.95,13.75,1.2,7.4,12.79,Pinnacle,1.2,7.95,13.75,0.8333333333333334,0.12578616352201258,0.07272727272727272,1.0318467695826186,0.03184676958261856,0.8076134537596278,0.12190391754862305,0.07048262869174933,1,2,0,1,28,15,5,11,10,6,0,4,1,1,1,2,2,4,22,11,4,13,6,4,3,5,1,1
1479,2025-05-01,2024_25,Nott'm Forest,Brentford,0,2,A,2.35,3.61,3.22,2.31,3.54,3.07,Pinnacle,2.35,3.61,3.22,0.425531914893617,0.2770083102493075,0.3105590062111801,1.0130992313541045,0.013099231354104512,0.4200298467553398,0.2734266315443348,0.30654352170032556,2,0,1,1,4,10,22,13,3,5,6,5,1,1,4,1,2,1,16,3,12,14,8,2,3,3,1,1
1480,2025-05-02,2024_25,Man City,Wolves,1,0,H,1.33,5.6,9.75,1.34,5.42,9.09,Pinnacle,1.33,5.6,9.75,0.7518796992481203,0.17857142857142858,0.10256410256410256,1.0330152303836515,0.033015230383651506,0.7278495777539308,0.17286427471655857,0.09928614752951055,2,2,1,0,14,12,7,8,6,7,3,3,1,1,3,1,0,0,20,4,8,12,6,2,2,2,1,1
1481,2025-05-03,2024_25,Arsenal,Bournemouth,1,2,A,1.68,4.05,5.25,1.68,4.04,4.93,Pinnacle,1.68,4.05,5.25,0.5952380952380952,0.2469135802469136,0.19047619047619047,1.0326278659611994,0.032627865961199376,0.5764304013663535,0.2391118701964133,0.1844577284372331,2,4,2,0,12,24,15,4,6,7,4,0,1,1,1,0,1,0,8,15,25,5,1,4,6,0,1,1
1482,2025-05-03,2024_25,Leicester,Southampton,2,0,H,2.45,3.61,2.91,2.42,3.55,2.87,Pinnacle,2.45,3.61,2.91,0.4081632653061224,0.2770083102493075,0.3436426116838488,1.0288141872392789,0.028814187239278866,0.39673176203118676,0.2692500878050991,0.334018150163714,0,0,3,1,8,5,20,28,2,0,6,10,1,1,1,1,2,1,7,15,26,12,3,4,5,4,1,1
1483,2025-05-03,2024_25,Aston Villa,Fulham,1,0,H,1.88,3.78,4.28,1.86,3.75,4.18,Pinnacle,1.88,3.78,4.28,0.5319148936170213,0.2645502645502646,0.2336448598130841,1.03011001798037,0.03011001798036994,0.5163670718006332,0.2568174854458176,0.22681544275354917,1,4,2,1,7,23,14,10,3,9,6,3,1,1,2,1,1,2,26,6,7,13,5,1,3,8,1,1
1484,2025-05-03,2024_25,Everton,Ipswich,2,2,D,1.57,4.3,6.09,1.56,4.28,5.91,Pinnacle,1.57,4.3,6.09,0.6369426751592356,0.23255813953488372,0.16420361247947454,1.0337044271735938,0.03370442717359379,0.6161748546446648,0.22497547018421482,0.15884967517112047,0,0,1,2,6,8,10,12,3,3,7,7,1,1,0,0,3,4,4,4,25,24,0,0,5,7,1,1
1485,2025-05-04,2024_25,Brentford,Man United,4,3,H,1.65,4.34,4.96,1.65,4.36,4.79,Pinnacle,1.65,4.34,4.96,0.6060606060606061,0.2304147465437788,0.20161290322580647,1.0380882558301914,0.038088255830191375,0.5838237766941314,0.2219606524297965,0.19421557087607197,2,4,0,2,11,16,14,12,3,8,5,3,1,1,1,0,1,1,25,12,8,4,6,2,1,2,1,1
1486,2025-05-04,2024_25,Brighton,Newcastle,1,1,D,3.13,3.75,2.26,3.12,3.71,2.21,Pinnacle,3.13,3.75,2.26,0.3194888178913738,0.26666666666666666,0.4424778761061947,1.028633360664235,0.028633360664235052,0.3105954270091585,0.2592436497436443,0.4301609232471974,3,2,2,4,16,12,12,16,9,3,4,8,1,1,3,1,0,4,25,10,4,23,5,3,0,9,1,1
1487,2025-05-04,2024_25,West Ham,Tottenham,1,1,D,1.85,3.95,4.22,1.86,3.93,3.97,Pinnacle,1.85,3.95,4.22,0.5405405405405405,0.2531645569620253,0.23696682464454977,1.0306719221471154,0.03067192214711545,0.5244545125615493,0.24563059449085217,0.22991489294759865,2,1,3,1,12,12,16,15,4,4,9,4,1,1,1,1,5,2,8,22,25,4,3,6,8,3,1,1
1488,2025-05-04,2024_25,Chelsea,Liverpool,3,1,H,2.34,3.84,2.95,2.35,3.71,2.86,Pinnacle,2.34,3.84,2.95,0.4273504273504274,0.2604166666666667,0.3389830508474576,1.0267501448645517,0.02675014486455174,0.41621657370869247,0.2536319746037345,0.330151451687573,1,2,0,1,10,13,6,6,7,8,3,1,1,1,5,1,1,0,25,28,8,5,8,10,3,0,1,1
1489,2025-05-05,2024_25,Crystal Palace,Nott'm Forest,1,1,D,2.19,3.5,3.5,2.2,3.43,3.39,Pinnacle,2.19,3.5,3.5,0.4566210045662101,0.2857142857142857,0.2857142857142857,1.0280495759947814,0.028049575994781417,0.4441624365482234,0.2779187817258883,0.2779187817258883,2,0,2,0,15,5,12,15,4,0,6,4,1,1,0,2,2,1,14,4,11,22,5,3,3,6,1,1
1490,2025-05-10,2024_25,Fulham,Everton,1,3,A,1.77,3.75,4.94,1.76,3.68,4.89,Pinnacle,1.77,3.75,4.94,0.5649717514124294,0.26666666666666666,0.20242914979757085,1.0340675678766669,0.03406756787666687,0.546358641314446,0.2578812787004185,0.1957600799851355,0,2,1,1,11,26,10,7,3,5,3,3,1,1,2,0,2,1,8,6,12,10,3,3,5,7,1,1
1491,2025-05-10,2024_25,Ipswich,Brentford,0,1,A,5.83,4.84,1.52,5.66,4.68,1.53,Pinnacle,5.83,4.84,1.52,0.17152658662092624,0.2066115702479339,0.6578947368421053,1.0360328937109653,0.0360328937109653,0.16556094662837906,0.1994256857114566,0.6350133676601645,2,0,2,3,12,4,8,25,5,0,3,5,1,1,4,2,3,0,12,11,14,14,6,3,5,5,1,1
1492,2025-05-10,2024_25,Southampton,Man City,0,0,D,15.0,8.0,1.19,13.84,7.49,1.19,Pinnacle,15.0,8.0,1.19,0.06666666666666667,0.125,0.8403361344537815,1.032002801120448,0.032002801120448066,0.0645993078645586,0.12112370224604738,0.8142769898893941,0,1,2,2,8,7,14,26,2,3,4,5,1,1,1,2,0,1,9,14,6,7,2,6,1,3,1,1
1493,2025-05-10,2024_25,Wolves,Brighton,0,2,A,3.08,3.39,2.45,2.98,3.34,2.45,Pinnacle,3.08,3.39,2.45,0.3246753246753247,0.2949852507374631,0.4081632653061224,1.0278238407189102,0.027823840718910198,0.3158861585154815,0.28699981363648464,0.39711402784803385,0,3,1,0,6,20,9,8,1,6,2,2,1,1,1,3,1,2,5,16,13,12,2,9,5,4,1,1
1494,2025-05-10,2024_25,Bournemouth,Aston Villa,0,1,A,2.62,3.58,2.73,2.58,3.53,2.68,Pinnacle,2.62,3.58,2.73,0.38167938931297707,0.27932960893854747,0.3663003663003663,1.027309364551891,0.027309364551890924,0.3715330575999026,0.27190408126026394,0.3565628611398333,2,1,1,1,9,8,13,25,2,1,4,6,1,1,1,1,0,2,10,7,11,14,3,3,3,6,1,1
1495,2025-05-11,2024_25,Liverpool,Arsenal,2,2,D,2.24,3.68,3.22,2.24,3.56,3.16,Pinnacle,2.24,3.68,3.22,0.4464285714285714,0.2717391304347826,0.3105590062111801,1.0287267080745341,0.028726708074534146,0.43396226415094336,0.2641509433962264,0.3018867924528302,1,5,3,1,11,25,17,8,2,8,7,3,1,1,1,2,2,2,13,12,9,15,4,6,2,4,1,1
1496,2025-05-11,2024_25,Tottenham,Crystal Palace,0,2,A,3.13,3.74,2.26,3.05,3.64,2.27,Pinnacle,3.13,3.74,2.26,0.3194888178913738,0.267379679144385,0.4424778761061947,1.0293463731419534,0.02934637314195343,0.31038028231077686,0.2597567603296074,0.4298629573596158,1,1,1,5,7,8,11,25,2,3,2,8,1,1,1,2,1,2,20,15,12,12,3,4,4,6,1,1
1497,2025-05-11,2024_25,Newcastle,Chelsea,2,0,H,2.29,3.73,3.1,2.24,3.75,3.03,Pinnacle,2.29,3.73,3.1,0.4366812227074236,0.2680965147453083,0.3225806451612903,1.0273583826140222,0.027358382614022236,0.4250524744795745,0.2609571492113205,0.313990376309105,1,3,1,0,13,25,5,4,5,5,2,0,1,1,3,1,1,0,17,10,11,6,7,7,2,3,1,1
1498,2025-05-11,2024_25,Man United,West Ham,0,2,A,2.02,3.68,3.74,2.01,3.67,3.66,Pinnacle,2.02,3.68,3.74,0.49504950495049505,0.2717391304347826,0.267379679144385,1.0341683145296625,0.034168314529662513,0.4786933596738965,0.2627610289514323,0.2585456113746713,3,1,4,1,14,25,12,8,5,6,6,1,1,1,1,2,1,3,11,12,7,16,2,4,2,9,1,1
1499,2025-05-11,2024_25,Nott'm Forest,Leicester,2,2,D,1.39,5.19,7.91,1.39,5.03,7.8,Pinnacle,1.39,5.19,7.91,0.7194244604316548,0.19267822736030826,0.1264222503160556,1.0385249381080186,0.0385249381080186,0.692736817415574,0.18553066978952748,0.12173251279489856,1,0,1,2,12,14,20,11,4,5,3,3,1,1,2,0,0,3,14,8,8,20,4,2,2,6,1,1
1500,2025-05-16,2024_25,Aston Villa,Tottenham,2,0,H,1.26,7.0,11.0,1.26,6.66,10.21,Pinnacle,1.26,7.0,11.0,0.7936507936507936,0.14285714285714285,0.09090909090909091,1.0274170274170273,0.02741702741702734,0.7724719101123596,0.13904494382022473,0.08848314606741574,1,1,0,0,6,10,10,11,3,3,4,3,1,1,0,1,2,1,8,7,23,11,1,2,10,2,1,1
1501,2025-05-16,2024_25,Chelsea,Man United,1,0,H,1.56,4.7,5.75,1.57,4.53,5.46,Pinnacle,1.56,4.7,5.75,0.641025641025641,0.2127659574468085,0.17391304347826086,1.0277046419507103,0.027704641950710318,0.6237450088859141,0.20703025826851618,0.16922473284556974,0,3,2,1,10,17,15,11,3,7,6,2,1,1,0,3,2,4,20,14,9,12,5,5,4,6,1,1
1502,2025-05-18,2024_25,Arsenal,Newcastle,1,0,H,1.94,3.79,3.98,1.9,3.76,3.99,Pinnacle,1.94,3.79,3.98,0.5154639175257733,0.2638522427440633,0.25125628140703515,1.0305724416768718,0.030572441676871787,0.5001724252271371,0.2560249353405398,0.24380263943232305,2,1,2,2,15,13,14,9,7,4,5,2,1,1,2,1,0,1,15,13,10,5,6,5,3,2,1,1
1503,2025-05-18,2024_25,Everton,Southampton,2,0,H,1.43,4.95,7.6,1.43,4.76,7.54,Pinnacle,1.43,4.95,7.6,0.6993006993006994,0.20202020202020202,0.13157894736842105,1.0328998486893224,0.032899848689322386,0.6770266257547264,0.19558546966247647,0.12738790458279717,3,2,1,2,11,8,18,12,7,3,6,5,1,1,0,0,0,2,2,8,26,14,0,2,5,4,1,1
1504,2025-05-18,2024_25,West Ham,Nott'm Forest,1,2,A,3.05,3.44,2.44,3.0,3.39,2.41,Pinnacle,3.05,3.44,2.44,0.3278688524590164,0.29069767441860467,0.4098360655737705,1.0284025924513915,0.02840259245139154,0.31881371640407785,0.28266913809082483,0.3985171455050973,2,1,0,1,9,11,20,7,4,2,5,2,1,1,2,1,2,1,15,12,10,20,4,4,6,3,1,1
1505,2025-05-18,2024_25,Brentford,Fulham,2,3,A,2.07,3.79,3.56,2.04,3.75,3.5,Pinnacle,2.07,3.79,3.56,0.48309178743961356,0.2638522427440633,0.2808988764044944,1.0278429065881713,0.027842906588171346,0.4700054690684121,0.2567048340294493,0.2732896969021385,1,4,0,3,15,12,11,14,5,6,4,5,1,1,1,0,3,1,18,11,11,10,6,3,7,3,1,1
1506,2025-05-18,2024_25,Leicester,Ipswich,2,0,H,2.27,3.77,3.11,2.27,3.67,3.04,Pinnacle,2.27,3.77,3.11,0.44052863436123346,0.26525198938992045,0.3215434083601286,1.0273240321112826,0.027324032111282648,0.4288117678468892,0.25819700610409513,0.3129912260490156,2,2,2,0,10,14,15,8,6,4,4,2,1,1,0,2,1,2,11,12,15,8,4,5,5,3,1,1
1507,2025-05-19,2024_25,Brighton,Liverpool,3,2,H,2.2,3.99,3.09,2.22,3.89,2.97,Pinnacle,2.2,3.99,3.09,0.45454545454545453,0.2506265664160401,0.3236245954692557,1.0287966164307503,0.028796616430750266,0.4418224625606072,0.2436113828654977,0.31456615457389514,2,1,0,1,7,5,10,13,2,2,3,5,1,1,2,1,2,3,14,11,15,17,5,2,7,7,1,1
1508,2025-05-20,2024_25,Man City,Bournemouth,3,1,H,1.34,5.8,8.9,1.34,5.59,8.53,Pinnacle,1.34,5.8,8.9,0.7462686567164178,0.1724137931034483,0.11235955056179775,1.0310420003816638,0.031042000381663826,0.723800443085897,0.1672228609888107,0.10897669592529236,0,1,0,0,26,9,2,6,5,2,0,1,1,1,0,2,1,1,10,9,6,13,4,2,3,4,1,1
1509,2025-05-20,2024_25,Crystal Palace,Wolves,4,2,H,2.41,3.26,3.23,2.37,3.31,3.12,Pinnacle,2.41,3.26,3.23,0.41493775933609955,0.3067484662576687,0.30959752321981426,1.0312837488135824,0.031283748813582424,0.4023507204621963,0.2974433240226666,0.30020595551513723,2,1,0,1,23,20,8,12,10,3,1,4,1,1,0,0,2,1,10,6,7,9,3,1,2,2,1,1
1510,2025-05-25,2024_25,Wolves,Brentford,1,1,D,3.0,3.82,2.31,2.91,3.74,2.32,Pinnacle,3.0,3.82,2.31,0.3333333333333333,0.2617801047120419,0.4329004329004329,1.028013870945808,0.028013870945807984,0.3242498401569769,0.25464647132746876,0.4211036885155544,2,0,4,2,12,10,14,7,3,3,10,2,1,1,2,1,3,0,11,15,16,11,6,5,7,4,1,1
1511,2025-05-25,2024_25,Tottenham,Brighton,1,4,A,3.83,4.06,1.92,3.71,4.02,1.91,Pinnacle,3.83,4.06,1.92,0.2610966057441253,0.24630541871921185,0.5208333333333334,1.0282353577966705,0.028235357796670524,0.2539268891740991,0.2395418683588177,0.5065312424670833,0,0,2,2,3,8,18,23,1,1,7,10,1,1,3,2,2,0,25,7,18,10,12,2,5,3,1,1
1512,2025-05-25,2024_25,Nott'm Forest,Chelsea,0,1,A,3.5,3.87,2.07,3.44,3.78,2.06,Pinnacle,3.5,3.87,2.07,0.2857142857142857,0.25839793281653745,0.48309178743961356,1.0272040059704368,0.027204005970436818,0.27814755788881595,0.25155463891753377,0.47029780319365017,2,2,1,2,10,15,16,10,5,4,5,6,1,1,1,0,0,2,11,10,4,15,3,3,1,6,1,1
1513,2025-05-25,2024_25,Southampton,Arsenal,1,2,A,11.73,6.54,1.25,11.73,6.4,1.25,Pinnacle,11.73,6.54,1.25,0.08525149190110827,0.1529051987767584,0.8,1.0381566906778668,0.038156690677866756,0.08211813560190333,0.14728527990983578,0.7705965844882608,0,0,2,0,6,2,13,26,2,0,5,5,1,1,1,2,0,2,12,15,14,14,4,7,5,5,1,1
1514,2025-05-25,2024_25,Newcastle,Everton,0,1,A,1.28,6.19,10.36,1.27,6.18,10.88,Pinnacle,1.28,6.19,10.36,0.78125,0.16155088852988692,0.09652509652509653,1.0393259850549834,0.039325985054983414,0.7516890862289656,0.15543813091649045,0.092872782854544,0,2,1,0,14,15,12,10,5,6,4,3,1,1,2,3,0,1,13,11,6,18,5,7,2,6,1,1
1515,2025-05-25,2024_25,Fulham,Man City,0,2,A,6.32,4.57,1.52,6.06,4.53,1.52,Pinnacle,6.32,4.57,1.52,0.1582278481012658,0.2188183807439825,0.6578947368421053,1.0349409656873536,0.03494096568735361,0.15288586822551675,0.21143078494207135,0.6356833468324119,3,1,2,3,16,18,11,11,7,6,6,7,1,1,3,0,1,0,12,26,8,2,5,5,2,0,1,1
1516,2025-05-25,2024_25,Liverpool,Crystal Palace,1,1,D,1.38,6.04,7.14,1.37,5.95,6.99,Pinnacle,1.38,6.04,7.14,0.7246376811594204,0.16556291390728478,0.1400560224089636,1.0302566174756687,0.030256617475668657,0.7033564928075156,0.1607006556414522,0.1359428515510324,2,2,3,2,18,14,25,15,5,5,12,7,1,1,4,2,2,0,14,23,12,8,10,10,3,1,1,1
1517,2025-05-25,2024_25,Ipswich,West Ham,1,3,A,3.28,3.63,2.23,3.2,3.59,2.22,Pinnacle,3.28,3.63,2.23,0.3048780487804878,0.27548209366391185,0.4484304932735426,1.0287906357179422,0.02879063571794216,0.29634605739556374,0.26777274607643226,0.4358811965280041,0,0,2,1,20,11,9,15,2,4,3,5,1,1,1,2,2,0,16,9,10,20,5,4,5,5,1,1
1518,2025-05-25,2024_25,Bournemouth,Leicester,2,0,H,1.34,5.67,9.01,1.34,5.6,8.53,Pinnacle,1.34,5.67,9.01,0.7462686567164178,0.1763668430335097,0.11098779134295228,1.0336232910928798,0.03362329109287976,0.7219928799469741,0.17062971060475227,0.10737740944827363,1,0,3,1,8,10,12,6,2,4,5,3,1,1,2,2,0,2,9,10,20,15,3,6,2,4,1,1
1519,2025-05-25,2024_25,Man United,Aston Villa,2,0,H,4.82,4.37,1.68,4.74,4.29,1.67,Pinnacle,4.82,4.37,1.68,0.20746887966804978,0.22883295194508008,0.5952380952380952,1.031539926851225,0.031539926851225086,0.20112539928662615,0.22183625276007735,0.5770383479532964,0,0,1,2,4,20,11,9,1,5,3,4,1,1,2,1,0,0,18,6,3,10,7,3,1,4,1,1
1520,2025-08-15,2025_26,Liverpool,Bournemouth,4,2,H,1.29,6.55,9.75,1.29,6.02,8.68,Pinnacle,1.29,6.55,9.75,0.7751937984496123,0.15267175572519084,0.10256410256410256,1.0304296567389057,0.03042965673890574,0.7523015213895712,0.1481632003958087,0.09953527821462019,1,2,1,3,14,18,8,25,3,5,5,12,1,1,2,1,0,3,20,8,3,12,7,2,0,5,1,1
1521,2025-08-16,2025_26,Tottenham,Burnley,3,0,H,1.56,4.2,6.7,1.55,4.01,6.16,Pinnacle,1.56,4.2,6.7,0.641025641025641,0.23809523809523808,0.14925373134328357,1.0283746104641627,0.028374610464162675,0.6233386496544391,0.2315257841573631,0.14513556618819776,1,0,4,2,4,3,23,18,2,1,8,7,1,1,1,1,2,2,20,7,12,21,3,3,6,9,1,1
1522,2025-08-16,2025_26,Sunderland,West Ham,3,0,H,3.55,3.24,2.29,3.4,3.17,2.25,Pinnacle,3.55,3.24,2.29,0.28169014084507044,0.30864197530864196,0.4366812227074236,1.027013338861136,0.027013338861135994,0.27428089800414773,0.30052382343047046,0.4251952785653818,,,,,,,,,,,,,0,0,3,1,1,2,10,16,14,10,6,5,4,5,1,1
1523,2025-08-16,2025_26,Wolves,Man City,0,4,A,6.22,4.7,1.52,6.24,4.32,1.51,Pinnacle,6.22,4.7,1.52,0.1607717041800643,0.2127659574468085,0.6578947368421053,1.0314323984689782,0.03143239846897816,0.15587226503521526,0.20628201883383807,0.6378457161309466,1,2,1,4,18,12,13,14,6,3,7,10,1,1,2,3,0,1,20,12,13,8,5,5,3,2,1,1
1524,2025-08-16,2025_26,Aston Villa,Newcastle,0,0,D,2.32,3.63,3.07,2.38,3.41,2.93,Pinnacle,2.32,3.63,3.07,0.4310344827586207,0.27548209366391185,0.32573289902280134,1.032249475445334,0.032249475445333964,0.41756812961582124,0.26687549881782513,0.3155563715663535,0,2,2,0,6,18,25,3,1,7,10,1,1,1,0,0,1,1,17,14,14,12,6,5,6,4,1,1
1525,2025-08-16,2025_26,Brighton,Fulham,1,1,D,1.92,3.66,4.27,1.83,3.64,4.26,Pinnacle,1.92,3.66,4.27,0.5208333333333334,0.27322404371584696,0.234192037470726,1.0282494145199064,0.02824941451990637,0.5065243179122183,0.265717674970344,0.2277580071174377,4,3,1,2,23,25,4,18,8,12,2,5,1,1,0,3,2,2,13,16,20,11,3,7,5,6,1,1
1526,2025-08-17,2025_26,Chelsea,Crystal Palace,0,0,D,1.75,4.1,4.67,1.82,3.72,4.26,Pinnacle,1.75,4.1,4.67,0.5714285714285714,0.24390243902439027,0.21413276231263384,1.0294637727655955,0.02946377276559553,0.5550739973039179,0.236921828117526,0.208004174578556,1,1,0,0,6,11,10,4,2,3,2,1,1,1,1,4,1,2,8,14,14,12,5,10,3,3,1,1
1527,2025-08-17,2025_26,Nott'm Forest,Brentford,3,1,H,2.18,3.37,3.66,1.91,3.44,4.16,Pinnacle,2.18,3.37,3.66,0.4587155963302752,0.29673590504451036,0.27322404371584696,1.0286755450906324,0.028675545090632415,0.44592835760459304,0.28846404141780796,0.2656076009775991,0,2,1,1,10,10,6,16,2,5,2,5,1,1,1,2,1,3,13,11,18,16,7,6,6,7,1,1
1528,2025-08-17,2025_26,Man United,Arsenal,0,1,A,3.84,3.71,2.0,3.79,3.7,1.93,Pinnacle,3.84,3.71,2.0,0.2604166666666667,0.2695417789757412,0.5,1.029958445642408,0.029958445642408016,0.25284191587383803,0.26170160564839295,0.48545647847776896,2,0,0,1,25,4,6,11,10,1,1,3,1,1,2,1,1,0,23,12,7,14,8,4,2,5,1,1
1529,2025-08-18,2025_26,Leeds,Everton,1,0,H,2.36,3.3,3.32,2.34,3.21,3.16,Pinnacle,2.36,3.3,3.32,0.42372881355932207,0.30303030303030304,0.30120481927710846,1.0279639358667336,0.027963935866733625,0.4122020226342403,0.29478690103539607,0.2930110763303636,1,1,4,3,19,12,11,19,2,3,7,9,1,1,1,2,0,0,14,13,17,6,6,5,6,2,1,1
1530,2025-08-22,2025_26,West Ham,Chelsea,1,5,A,5.17,4.14,1.68,4.75,3.82,1.72,Pinnacle,5.17,4.14,1.68,0.19342359767891684,0.24154589371980678,0.5952380952380952,1.030207586636819,0.030207586636818995,0.18775206102913783,0.2344633225895272,0.5777846163813348,0,3,3,1,12,10,10,14,4,6,5,4,1,1,0,1,0,0,19,6,12,10,3,2,4,2,1,1
1531,2025-08-23,2025_26,Burnley,Sunderland,2,0,H,2.35,3.19,3.47,2.38,3.11,3.22,Pinnacle,2.35,3.19,3.47,0.425531914893617,0.31347962382445144,0.2881844380403458,1.0271959767584142,0.02719597675841423,0.4142655583956767,0.30517995681186216,0.28055448479246115,0,1,3,2,14,20,16,12,4,3,6,6,1,1,3,,0,,10,,12,,5,,4,,1,0
1532,2025-08-23,2025_26,Man City,Tottenham,0,2,A,1.51,4.93,6.07,1.54,4.53,5.46,Pinnacle,1.51,4.93,6.07,0.6622516556291391,0.20283975659229211,0.16474464579901152,1.0298360580204429,0.029836058020442868,0.6430651271835668,0.19696315254506813,0.15997172027136503,4,2,0,0,15,20,9,13,4,5,3,3,1,1,3,1,0,4,16,4,14,23,6,2,4,8,1,1
1533,2025-08-23,2025_26,Bournemouth,Wolves,1,0,H,1.81,3.88,4.59,1.8,3.74,4.32,Pinnacle,1.81,3.88,4.59,0.5524861878453039,0.2577319587628866,0.2178649237472767,1.0280830703554673,0.02808307035546731,0.5373945002851547,0.25069176430828094,0.21191373540656427,2,2,4,0,10,20,19,3,3,7,10,0,1,1,0,1,4,1,9,18,15,13,3,6,4,7,1,1
1534,2025-08-23,2025_26,Brentford,Aston Villa,1,0,H,3.29,3.48,2.29,3.25,3.45,2.18,Pinnacle,3.29,3.48,2.29,0.303951367781155,0.28735632183908044,0.4366812227074236,1.0279889123276589,0.027988912327658877,0.295675725813932,0.2795325108988035,0.4247917632872647,1,1,3,1,10,13,11,18,3,7,5,6,1,1,0,0,0,2,3,6,16,25,3,1,3,10,1,1
1535,2025-08-23,2025_26,Arsenal,Leeds,5,0,H,1.34,5.55,9.7,1.33,5.36,8.94,Pinnacle,1.34,5.55,9.7,0.7462686567164178,0.1801801801801802,0.10309278350515465,1.0295416204017527,0.029541620401752677,0.7248552578430052,0.17501009829002293,0.10013464386697188,1,2,0,1,9,23,22,7,3,8,7,2,1,1,1,1,0,4,21,19,7,11,3,2,1,7,1,1
1536,2025-08-24,2025_26,Everton,Brighton,2,0,H,3.14,3.36,2.43,2.9,3.34,2.43,Pinnacle,3.14,3.36,2.43,0.3184713375796178,0.2976190476190476,0.4115226337448559,1.0276130189435213,0.027613018943521306,0.3099136851215013,0.2896217176433078,0.40046459723519096,0,1,1,0,7,14,21,17,1,6,3,6,1,1,1,4,1,1,10,23,7,4,4,8,2,2,1,1
1537,2025-08-24,2025_26,Crystal Palace,Nott'm Forest,1,1,D,2.45,3.25,3.21,2.39,3.24,3.06,Pinnacle,2.45,3.25,3.21,0.4081632653061224,0.3076923076923077,0.3115264797507788,1.027382052749209,0.027382052749209018,0.39728479217045254,0.29949161255926426,0.3032235952702831,0,1,0,1,12,8,19,14,4,5,3,3,1,1,3,0,1,1,11,10,10,6,5,2,3,2,1,1
1538,2025-08-24,2025_26,Fulham,Man United,1,1,D,3.53,3.49,2.18,3.45,3.51,2.08,Pinnacle,3.53,3.49,2.18,0.28328611898017,0.28653295128939826,0.4587155963302752,1.0285346665998434,0.028534666599843383,0.27542690409907583,0.2785836594469162,0.44598943645400807,1,0,1,2,7,13,10,20,2,3,4,5,1,1,0,2,1,0,22,25,9,6,7,10,3,1,1,1
1539,2025-08-25,2025_26,Newcastle,Liverpool,2,3,A,2.97,3.74,2.36,2.92,3.65,2.29,Pinnacle,2.97,3.74,2.36,0.33670033670033667,0.267379679144385,0.42372881355932207,1.0278088294040437,0.027808829404043722,0.3275904303094635,0.2601453417163387,0.4122642279741978,0,0,0,1,16,17,3,14,3,6,3,6,1,1,4,1,2,1,19,14,10,8,10,3,3,5,1,1
1540,2025-08-30,2025_26,Chelsea,Fulham,2,0,H,1.67,3.97,5.49,1.67,3.93,5.03,Pinnacle,1.67,3.97,5.49,0.5988023952095809,0.2518891687657431,0.18214936247723132,1.0328409264525553,0.03284092645255532,0.5797624589357203,0.24387992605104605,0.17635761501323366,5,0,1,0,12,19,12,12,7,3,4,4,1,1,1,1,1,1,13,7,10,10,4,2,3,4,1,1
1541,2025-08-30,2025_26,Man United,Burnley,3,2,H,1.4,5.11,7.98,1.38,5.06,7.6,Pinnacle,1.4,5.11,7.98,0.7142857142857143,0.19569471624266144,0.12531328320802004,1.0352937137363958,0.03529371373639578,0.6899353341071133,0.1890233792074283,0.12104128668545845,1,0,1,1,10,22,13,9,3,7,4,3,1,1,2,0,0,3,7,14,9,16,2,4,1,6,1,1
1542,2025-08-30,2025_26,Sunderland,Brentford,2,1,H,3.08,3.29,2.5,3.1,3.25,2.35,Pinnacle,3.08,3.29,2.5,0.3246753246753247,0.303951367781155,0.4,1.0286266924564798,0.028626692456479752,0.31563960672648145,0.2954923977864933,0.3888679954870252,0,3,2,0,9,10,7,12,1,5,2,4,1,1,1,1,0,3,9,10,17,11,2,3,2,5,1,1
1543,2025-08-30,2025_26,Tottenham,Bournemouth,0,1,A,1.97,3.71,3.97,1.89,3.75,3.84,Pinnacle,1.97,3.71,3.97,0.5076142131979695,0.2695417789757412,0.2518891687657431,1.0290451609394538,0.02904516093945375,0.4932866238198424,0.26193386763479504,0.24477950854536262,2,3,0,0,12,16,10,14,5,6,4,4,1,1,1,2,0,4,14,10,6,19,4,3,1,10,1,1
1544,2025-08-30,2025_26,Wolves,Everton,2,3,A,3.21,3.2,2.48,3.33,3.11,2.32,Pinnacle,3.21,3.2,2.48,0.3115264797507788,0.3125,0.40322580645161293,1.0272522862023918,0.02725228620239184,0.3032618996667787,0.3042095931032374,0.3925285072299838,0,0,1,4,6,9,14,15,1,3,4,4,1,1,2,0,0,1,11,7,13,21,3,1,4,3,1,1
1545,2025-08-30,2025_26,Leeds,Newcastle,0,0,D,3.16,3.55,2.33,3.67,3.36,2.06,Pinnacle,3.16,3.55,2.33,0.3164556962025316,0.28169014084507044,0.4291845493562232,1.0273303864038252,0.027330386403825235,0.3080369279354096,0.2741962513453224,0.417766820719268,0,1,5,0,3,21,18,7,1,3,5,1,1,1,2,0,3,0,10,16,5,3,3,3,4,3,1,1
1546,2025-08-31,2025_26,Brighton,Man City,2,1,H,3.77,3.79,2.0,3.47,3.64,2.03,Pinnacle,3.77,3.79,2.0,0.26525198938992045,0.2638522427440633,0.5,1.0291042321339838,0.02910423213398383,0.25775036299276055,0.2563902027658858,0.4858594342413536,0,1,2,1,13,10,11,7,4,4,3,2,1,1,0,4,2,0,10,15,12,9,4,4,5,3,1,1
1547,2025-08-31,2025_26,Nott'm Forest,West Ham,0,3,A,1.69,4.0,5.17,1.65,4.01,4.98,Pinnacle,1.69,4.0,5.17,0.591715976331361,0.25,0.19342359767891684,1.0351395740102778,0.035139574010277785,0.5716291707783611,0.24151332465385753,0.18685750456778147,1,3,1,1,9,11,8,10,1,5,4,3,1,1,1,0,5,3,12,12,12,10,4,4,7,5,1,1
1548,2025-08-31,2025_26,Liverpool,Arsenal,1,0,H,2.4,3.53,3.05,2.37,3.33,3.01,Pinnacle,2.4,3.53,3.05,0.4166666666666667,0.28328611898017,0.3278688524590164,1.027821638105853,0.02782163810585292,0.4053881055029464,0.27561797541276806,0.3189939190842857,3,4,2,2,5,19,10,10,4,10,3,3,1,1,5,1,0,0,18,9,3,22,5,3,1,7,1,1
1549,2025-08-31,2025_26,Aston Villa,Crystal Palace,0,3,A,2.03,3.51,3.98,2.09,3.51,3.44,Pinnacle,2.03,3.51,3.98,0.4926108374384237,0.2849002849002849,0.25125628140703515,1.0287674037457437,0.028767403745743714,0.4788359697681195,0.2769336235411061,0.24423040669077445,0,0,1,0,17,3,9,16,2,3,2,3,1,1,1,0,1,0,8,12,9,19,4,4,1,3,1,1
1550,2025-09-13,2025_26,Brentford,Chelsea,2,2,D,4.21,3.86,1.88,4.21,3.72,1.83,Pinnacle,4.21,3.86,1.88,0.23752969121140144,0.2590673575129534,0.5319148936170213,1.028511942341376,0.028511942341375995,0.23094500066831733,0.25188560953720623,0.5171693897944766,1,1,2,0,7,9,12,17,4,2,3,2,1,1,2,5,0,1,13,12,11,12,6,7,3,4,1,1
1551,2025-09-13,2025_26,West Ham,Tottenham,0,3,A,3.44,3.59,2.18,3.27,3.51,2.17,Pinnacle,3.44,3.59,2.18,0.29069767441860467,0.2785515320334262,0.4587155963302752,1.027964802782306,0.027964802782306064,0.2827895212285456,0.27097380307136404,0.4462366757000903,3,1,0,5,12,12,11,12,8,4,3,7,1,1,0,2,1,0,5,12,20,10,1,5,6,4,1,1
1552,2025-09-13,2025_26,Newcastle,Wolves,1,0,H,1.37,5.2,9.25,1.36,5.0,8.48,Pinnacle,1.37,5.2,9.25,0.7299270072992701,0.1923076923076923,0.10810810810810811,1.0303428077150705,0.030342807715070474,0.708431215158366,0.18664437783980026,0.10492440700183368,0,2,0,3,8,10,10,5,2,3,1,4,1,1,2,0,3,1,12,6,10,14,4,1,4,4,1,1
1553,2025-09-13,2025_26,Fulham,Leeds,1,0,H,2.11,3.38,3.87,2.04,3.37,3.76,Pinnacle,2.11,3.38,3.87,0.47393364928909953,0.2958579881656805,0.25839793281653745,1.0281895702713175,0.02818957027131752,0.46093995017284456,0.2877465369422195,0.25131351288493586,0,1,2,1,11,13,13,10,3,4,6,3,1,1,0,0,0,5,10,3,8,18,1,1,2,5,1,1
1554,2025-09-13,2025_26,Bournemouth,Brighton,2,1,H,2.47,3.54,2.94,2.42,3.51,2.82,Pinnacle,2.47,3.54,2.94,0.4048582995951417,0.2824858757062147,0.3401360544217687,1.0274802297231251,0.027480229723125138,0.3940302575984735,0.2749307164599518,0.33103902594157464,1,1,0,0,20,14,5,6,6,4,1,1,1,1,2,0,1,2,12,13,12,11,7,4,3,3,1,1
1555,2025-09-13,2025_26,Crystal Palace,Sunderland,0,0,D,1.69,3.69,5.82,1.68,3.65,5.41,Pinnacle,1.69,3.69,5.82,0.591715976331361,0.2710027100271003,0.1718213058419244,1.0345399922003857,0.03453999220038573,0.571960466286883,0.2619547935026646,0.16608474021045228,3,1,0,1,6,8,13,9,4,4,4,1,1,1,2,0,1,2,12,9,7,7,3,1,4,2,1,1
1556,2025-09-13,2025_26,Arsenal,Nott'm Forest,3,0,H,1.38,5.12,8.32,1.41,4.78,7.48,Pinnacle,1.38,5.12,8.32,0.7246376811594204,0.1953125,0.12019230769230768,1.040142488851728,0.04014248885172811,0.6966715511827507,0.18777475402972574,0.11555369478752353,0,5,1,0,11,18,9,3,1,5,3,1,1,1,0,1,3,1,11,9,12,8,3,1,8,4,1,1
1557,2025-09-13,2025_26,Everton,Aston Villa,0,0,D,2.7,3.26,2.86,2.62,3.2,2.8,Pinnacle,2.7,3.26,2.86,0.37037037037037035,0.3067484662576687,0.3496503496503497,1.0267691862783888,0.026769186278388757,0.3607143409833021,0.29875114130518887,0.34053451771150905,3,2,2,0,10,11,12,13,4,3,4,4,1,1,0,0,3,1,13,17,6,9,4,2,4,2,1,1
1558,2025-09-14,2025_26,Burnley,Liverpool,0,1,A,9.5,5.7,1.33,8.63,5.54,1.32,Pinnacle,9.5,5.7,1.33,0.10526315789473684,0.17543859649122806,0.7518796992481203,1.0325814536340852,0.032581453634085156,0.10194174757281553,0.16990291262135923,0.7281553398058253,2,2,3,0,6,7,26,9,3,2,6,1,1,1,1,3,0,2,9,5,11,10,3,4,1,3,1,1
1559,2025-09-14,2025_26,Man City,Man United,3,0,H,1.77,4.05,4.53,1.65,4.14,4.83,Pinnacle,1.77,4.05,4.53,0.5649717514124294,0.2469135802469136,0.22075055187637968,1.0326358835357226,0.032635883535722554,0.5471161330148421,0.23911001368796805,0.21377385329718995,1,0,2,2,12,10,12,12,3,4,7,5,1,1,3,1,2,1,26,10,6,13,6,3,3,4,1,1
1560,2025-09-20,2025_26,Wolves,Leeds,1,3,A,2.85,3.17,2.77,2.88,3.08,2.58,Pinnacle,2.85,3.17,2.77,0.3508771929824561,0.31545741324921134,0.36101083032490977,1.0273454365565773,0.027345436556577285,0.34153769559585995,0.3070607042423346,0.3514016001618054,0,2,1,3,8,12,16,10,3,4,4,4,1,1,0,0,1,0,10,10,5,8,3,1,3,2,1,1
1561,2025-09-20,2025_26,Man United,Chelsea,2,1,H,2.71,3.69,2.58,2.64,3.62,2.51,Pinnacle,2.71,3.69,2.58,0.36900369003690037,0.2710027100271003,0.38759689922480617,1.027603299288807,0.027603299288806893,0.35909157774433365,0.26372308284204454,0.37718533941362176,0,3,3,2,12,26,13,6,2,6,6,3,1,1,2,2,2,0,16,13,7,11,6,6,4,3,1,1
1562,2025-09-20,2025_26,West Ham,Crystal Palace,1,2,A,3.26,3.4,2.34,3.04,3.42,2.31,Pinnacle,3.26,3.4,2.34,0.3067484662576687,0.29411764705882354,0.4273504273504274,1.0282165406669197,0.0282165406669197,0.2983306085104468,0.28604640698354605,0.4156229845060071,0,3,3,0,7,12,14,11,4,8,5,3,1,1,0,3,0,0,14,6,6,13,6,4,0,4,1,1
1563,2025-09-20,2025_26,Fulham,Brentford,3,1,H,2.19,3.32,3.71,2.12,3.29,3.58,Pinnacle,2.19,3.32,3.71,0.4566210045662101,0.30120481927710846,0.2695417789757412,1.0273676028190597,0.0273676028190597,0.4444572744101123,0.293181153903056,0.2623615716868318,1,0,0,2,5,11,10,13,3,3,3,6,1,1,2,1,2,2,7,7,16,12,4,4,6,3,1,1
1564,2025-09-20,2025_26,Brighton,Tottenham,2,2,D,2.28,3.74,3.1,2.17,3.63,3.14,Pinnacle,2.28,3.74,3.1,0.4385964912280702,0.267379679144385,0.3225806451612903,1.0285568155337454,0.02855681553374545,0.42641931355096885,0.2599561590631574,0.3136245273858738,1,2,2,1,6,12,13,12,2,7,5,3,1,1,3,0,0,1,14,5,7,20,5,1,4,6,1,1
1565,2025-09-20,2025_26,Liverpool,Everton,2,1,H,1.54,4.4,6.5,1.51,4.35,6.31,Pinnacle,1.54,4.4,6.5,0.6493506493506493,0.22727272727272727,0.15384615384615385,1.0304695304695306,0.030469530469530604,0.6301502666020358,0.22055259331071253,0.14929714008725156,1,1,0,0,27,9,3,11,4,3,0,1,1,1,0,3,0,2,20,10,7,12,2,4,1,4,1,1
1566,2025-09-20,2025_26,Burnley,Nott'm Forest,1,1,D,3.46,3.37,2.26,3.41,3.31,2.18,Pinnacle,3.46,3.37,2.26,0.28901734104046245,0.29673590504451036,0.4424778761061947,1.0282311221911675,0.028231122191167524,0.2810820785355772,0.28858872158252136,0.4303291998819014,0,2,1,3,3,6,27,26,0,3,4,6,1,1,0,0,3,3,5,11,16,12,1,3,5,8,1,1
1567,2025-09-21,2025_26,Bournemouth,Newcastle,0,0,D,2.52,3.45,2.93,2.38,3.29,3.02,Pinnacle,2.52,3.45,2.93,0.3968253968253968,0.2898550724637681,0.341296928327645,1.02797739761681,0.027977397616810062,0.3860254104276696,0.2819663867471674,0.3320082028251629,2,1,1,0,13,20,6,5,5,6,2,1,1,1,1,0,0,0,16,8,8,10,4,2,3,1,1,1
1568,2025-09-21,2025_26,Sunderland,Aston Villa,1,1,D,3.61,3.32,2.22,3.8,3.32,2.04,Pinnacle,3.61,3.32,2.22,0.2770083102493075,0.30120481927710846,0.4504504504504504,1.0286635799768664,0.028663579976866416,0.2692895088747452,0.29281178525235846,0.4378987058728963,0,2,0,1,6,12,14,7,0,3,6,4,1,1,0,0,0,3,7,13,20,6,1,4,2,4,1,1
1569,2025-09-21,2025_26,Arsenal,Man City,1,1,D,2.05,3.65,3.76,2.05,3.56,3.54,Pinnacle,2.05,3.65,3.76,0.48780487804878053,0.273972602739726,0.26595744680851063,1.0277349275970171,0.027734927597017123,0.47464075118020377,0.26657905203271715,0.25878019678707914,3,0,0,1,16,11,5,9,5,1,1,3,1,1,3,1,0,2,13,12,12,12,6,3,2,7,1,1
1570,2025-09-27,2025_26,Brentford,Man United,3,1,H,3.39,3.82,2.12,3.3,3.74,2.07,Pinnacle,3.39,3.82,2.12,0.2949852507374631,0.2617801047120419,0.4716981132075471,1.0284634686570522,0.028463468657052182,0.2868213210554277,0.2545351514078272,0.45864352753674514,1,2,3,2,8,7,14,16,3,4,3,6,1,1,2,0,1,3,11,12,5,13,4,2,1,6,1,1
1571,2025-09-27,2025_26,Chelsea,Brighton,1,3,A,1.91,3.91,4.0,1.98,3.75,3.57,Pinnacle,1.91,3.91,4.0,0.5235602094240838,0.2557544757033248,0.25,1.0293146851274086,0.029314685127408646,0.5086493149170193,0.24847063721010404,0.24288004787287668,1,2,2,2,5,16,11,7,1,6,4,4,1,1,2,1,2,2,12,6,11,13,4,2,3,5,1,1
1572,2025-09-27,2025_26,Crystal Palace,Liverpool,2,1,H,4.3,3.71,1.89,4.01,3.71,1.87,Pinnacle,4.3,3.71,1.89,0.23255813953488372,0.2695417789757412,0.5291005291005292,1.031200447611154,0.031200447611154036,0.22552175968660648,0.2613864061057703,0.5130918342076233,2,0,1,0,18,14,8,6,3,6,3,0,1,1,2,1,1,0,11,27,9,3,3,4,2,0,1,1
1573,2025-09-27,2025_26,Leeds,Bournemouth,2,2,D,3.01,3.37,2.5,2.96,3.23,2.46,Pinnacle,3.01,3.37,2.5,0.33222591362126247,0.29673590504451036,0.4,1.0289618186657727,0.028961818665772743,0.322874870179392,0.2883837861246201,0.388741343695988,3,0,1,1,6,10,16,5,4,3,6,3,1,1,0,2,0,1,11,13,4,6,2,5,1,2,1,1
1574,2025-09-27,2025_26,Man City,Burnley,5,1,H,1.2,7.49,14.84,1.19,7.02,14.17,Pinnacle,1.2,7.49,14.84,0.8333333333333334,0.13351134846461948,0.0673854447439353,1.034230126541888,0.03423012654188806,0.8057523291452697,0.12909249599123146,0.0651551748634989,1,3,1,0,5,13,12,12,3,6,3,2,1,1,1,0,1,1,12,3,17,27,5,0,8,4,1,1
1575,2025-09-27,2025_26,Nott'm Forest,Sunderland,0,1,A,1.78,3.82,4.79,1.75,3.69,4.73,Pinnacle,1.78,3.82,4.79,0.5617977528089888,0.2617801047120419,0.20876826722338204,1.0323461247444126,0.03234612474441256,0.5441951486455943,0.2535778441332874,0.20222700722111853,1,0,1,3,17,5,12,16,8,1,5,5,1,1,1,0,1,0,14,6,12,14,4,0,2,6,1,1
1576,2025-09-27,2025_26,Tottenham,Wolves,1,1,D,1.58,4.37,5.76,1.53,4.27,6.05,Pinnacle,1.58,4.37,5.76,0.6329113924050632,0.22883295194508008,0.1736111111111111,1.0353554554612545,0.035355455461254515,0.6112986502042421,0.22101873394112187,0.16768261585463587,2,3,2,0,11,14,12,7,3,5,4,4,1,1,1,0,3,1,16,8,6,16,6,3,4,4,1,1
1577,2025-09-28,2025_26,Newcastle,Arsenal,1,2,A,3.78,3.36,2.14,3.4,3.26,2.21,Pinnacle,3.78,3.36,2.14,0.2645502645502646,0.2976190476190476,0.4672897196261682,1.0294590317954804,0.029459031795480373,0.25697988592014415,0.2891023716601621,0.4539177424196938,0,1,0,0,4,16,11,8,1,4,2,3,1,1,1,3,1,0,12,16,5,5,3,5,3,1,1,1
1578,2025-09-28,2025_26,Aston Villa,Fulham,3,1,H,2.38,3.25,3.34,2.25,3.24,3.34,Pinnacle,2.38,3.25,3.34,0.42016806722689076,0.3076923076923077,0.29940119760479045,1.0272615725239889,0.027261572523988864,0.4090176041478266,0.2995267378067161,0.2914556580454573,1,0,1,0,12,7,14,20,2,1,4,2,1,1,3,1,1,0,14,5,8,10,3,3,3,3,1,1
1579,2025-09-29,2025_26,Everton,West Ham,1,1,D,1.68,3.9,5.46,1.65,3.87,5.28,Pinnacle,1.68,3.9,5.46,0.5952380952380952,0.25641025641025644,0.18315018315018314,1.034798534798535,0.0347985347985349,0.575221238938053,0.24778761061946902,0.17699115044247785,1,0,2,0,9,20,11,7,2,2,3,1,1,1,1,0,2,3,8,7,18,14,3,4,3,5,1,1
1580,2025-10-03,2025_26,Bournemouth,Fulham,3,1,H,2.02,3.55,3.98,1.95,3.43,4.01,Pinnacle,2.02,3.55,3.98,0.49504950495049505,0.28169014084507044,0.25125628140703515,1.0279959272026007,0.02799592720260069,0.48156757420005725,0.27401873236172275,0.24441369343821998,2,0,2,0,12,11,19,4,5,2,8,1,1,1,1,3,3,1,11,14,9,8,4,3,4,3,1,1
1581,2025-10-04,2025_26,Leeds,Tottenham,1,2,A,2.77,3.45,2.65,2.75,3.35,2.55,Pinnacle,2.77,3.45,2.65,0.36101083032490977,0.2898550724637681,0.37735849056603776,1.0282243933547157,0.028224393354715716,0.3511012116208068,0.2818986539680101,0.367000134411183,2,3,2,1,19,6,12,16,8,4,5,6,1,1,1,2,1,2,10,11,9,12,3,3,3,4,1,1
1582,2025-10-04,2025_26,Arsenal,West Ham,2,0,H,1.22,6.82,14.76,1.18,7.28,14.63,Pinnacle,1.22,6.82,14.76,0.819672131147541,0.14662756598240467,0.06775067750677508,1.0340503746367207,0.03405037463672067,0.7926810446111058,0.14179924844949396,0.06551970693940035,2,1,1,1,20,12,8,5,7,3,3,3,1,1,1,1,1,2,14,8,12,18,3,3,6,3,1,1
1583,2025-10-04,2025_26,Man United,Sunderland,2,0,H,1.57,4.41,5.78,1.61,4.22,5.1,Pinnacle,1.57,4.41,5.78,0.6369426751592356,0.22675736961451246,0.17301038062283736,1.0367104253965853,0.03671042539658531,0.6143882221649101,0.21872777977299518,0.16688399806209495,1,2,3,1,14,11,10,5,6,4,8,1,1,1,1,1,0,1,11,14,22,12,3,4,6,2,1,1
1584,2025-10-04,2025_26,Chelsea,Liverpool,2,1,H,2.9,3.85,2.36,2.87,3.64,2.31,Pinnacle,2.9,3.85,2.36,0.3448275862068966,0.2597402597402597,0.42372881355932207,1.0282966595064784,0.028296659506478417,0.33533862336224396,0.25259272928584603,0.41206864735190996,1,1,3,2,13,5,12,11,3,1,3,4,1,1,1,2,2,1,20,11,16,9,4,3,7,2,1,1
1585,2025-10-05,2025_26,Aston Villa,Burnley,2,1,H,1.65,3.91,5.77,1.55,4.05,6.13,Pinnacle,1.65,3.91,5.77,0.6060606060606061,0.2557544757033248,0.1733102253032929,1.035125307067224,0.03512530706722394,0.585494917304004,0.2470758602433777,0.16742922245261815,3,1,1,1,9,12,11,14,4,2,4,4,1,1,1,1,5,1,9,12,21,17,2,5,8,8,1,1
1586,2025-10-05,2025_26,Everton,Crystal Palace,2,1,H,2.61,3.23,2.99,2.65,3.1,2.82,Pinnacle,2.61,3.23,2.99,0.3831417624521073,0.30959752321981426,0.33444816053511706,1.0271874462070385,0.0271874462070385,0.3730008226510994,0.3014031415230246,0.3255960358258761,1,1,1,2,12,9,14,11,6,2,3,3,1,1,2,2,1,1,16,18,20,8,7,3,4,3,1,1
1587,2025-10-05,2025_26,Newcastle,Nott'm Forest,2,0,H,1.57,4.39,5.91,1.51,4.42,6.06,Pinnacle,1.57,4.39,5.91,0.6369426751592356,0.22779043280182235,0.1692047377326565,1.0339378456937145,0.0339378456937145,0.6160357489689167,0.2203134683100682,0.1636507827210151,1,0,2,0,8,4,20,11,3,1,7,2,1,1,0,1,1,1,22,17,11,12,6,8,3,5,1,1
1588,2025-10-05,2025_26,Wolves,Brighton,1,1,D,3.82,3.68,2.02,3.46,3.53,2.08,Pinnacle,3.82,3.68,2.02,0.2617801047120419,0.2717391304347826,0.49504950495049505,1.0285687400973196,0.028568740097319578,0.2545091003711363,0.26419151179829903,0.48129938783056464,1,1,1,3,9,16,10,6,3,6,3,4,1,1,3,2,1,2,12,12,13,11,3,4,3,3,1,1
1589,2025-10-05,2025_26,Brentford,Man City,0,1,A,5.04,4.39,1.65,5.03,4.18,1.62,Pinnacle,5.04,4.39,1.65,0.1984126984126984,0.22779043280182235,0.6060606060606061,1.0322637372751269,0.03226373727512688,0.19221124529323258,0.22067076908380234,0.587117985622965,3,1,1,3,10,8,14,14,8,3,6,3,1,1,5,1,1,1,21,5,9,12,8,3,2,3,1,1
1590,2025-10-18,2025_26,Man City,Everton,2,0,H,1.44,4.55,8.31,1.44,4.46,7.29,Pinnacle,1.44,4.55,8.31,0.6944444444444444,0.21978021978021978,0.12033694344163658,1.0345616076663007,0.034561607666300675,0.6712451334927543,0.2124380202702343,0.11631684623701156,1,5,0,1,10,21,6,9,4,8,1,2,1,1,2,1,1,1,14,12,15,14,7,6,8,3,1,1
1591,2025-10-18,2025_26,Sunderland,Wolves,2,0,H,2.65,3.03,3.12,2.49,3.03,3.08,Pinnacle,2.65,3.03,3.12,0.37735849056603776,0.33003300330033003,0.3205128205128205,1.0279043143791884,0.02790431437918839,0.3671144145298647,0.32107366287265393,0.3118119225974812,0,1,2,0,8,11,15,22,3,3,6,6,1,1,1,1,1,1,6,9,17,10,3,3,6,3,1,1
1592,2025-10-18,2025_26,Crystal Palace,Bournemouth,3,3,D,2.24,3.41,3.47,2.13,3.39,3.44,Pinnacle,2.24,3.41,3.47,0.4464285714285714,0.29325513196480935,0.2881844380403458,1.0278681414337265,0.027868141433726512,0.43432474792522363,0.28530423324120263,0.2803710188335738,1,2,2,1,15,16,14,20,8,7,7,4,1,1,3,2,1,2,11,12,12,19,6,5,4,8,1,1
1593,2025-10-18,2025_26,Fulham,Arsenal,0,1,A,7.25,4.15,1.54,6.77,4.18,1.5,Pinnacle,7.25,4.15,1.54,0.13793103448275862,0.24096385542168672,0.6493506493506493,1.0282455392550947,0.028245539255094654,0.1341421180223955,0.23434466401502826,0.6315132179625762,1,1,3,3,12,11,11,9,4,4,6,4,1,1,2,2,0,1,21,20,4,8,5,7,0,3,1,1
1594,2025-10-18,2025_26,Brighton,Newcastle,2,1,H,2.87,3.5,2.54,2.86,3.44,2.42,Pinnacle,2.87,3.5,2.54,0.3484320557491289,0.2857142857142857,0.39370078740157477,1.0278471288649893,0.0278471288649893,0.3389920990817852,0.27797352124706387,0.383034379671151,1,3,1,1,17,12,6,13,6,3,3,3,1,1,2,1,0,2,18,8,5,20,9,3,4,7,1,1
1595,2025-10-18,2025_26,Nott'm Forest,Chelsea,0,3,A,3.24,3.5,2.31,3.07,3.43,2.27,Pinnacle,3.24,3.5,2.31,0.30864197530864196,0.2857142857142857,0.4329004329004329,1.0272566939233605,0.027256693923360498,0.3004526299360075,0.2781332917121898,0.4214140783518027,0,0,2,1,5,22,18,11,4,6,9,3,1,1,2,1,1,3,12,13,12,12,6,3,2,3,1,1
1596,2025-10-18,2025_26,Burnley,Leeds,2,0,H,3.57,3.23,2.28,3.48,3.22,2.19,Pinnacle,3.57,3.23,2.28,0.2801120448179272,0.30959752321981426,0.4385964912280702,1.0283060592658115,0.028306059265811534,0.2724014336917563,0.3010752688172043,0.42652329749103945,1,1,2,5,5,9,15,21,2,2,7,8,1,1,1,2,2,2,16,19,9,12,4,8,3,5,1,1
1597,2025-10-19,2025_26,Tottenham,Aston Villa,1,2,A,2.32,3.44,3.27,2.24,3.36,3.21,Pinnacle,2.32,3.44,3.27,0.4310344827586207,0.29069767441860467,0.3058103975535168,1.0275425547307422,0.027542554730742186,0.41948090692124107,0.28290572792362767,0.29761336515513126,2,1,1,1,9,10,16,9,3,3,4,3,1,1,2,3,1,1,15,9,5,11,7,4,2,4,1,1
1598,2025-10-19,2025_26,Liverpool,Man United,1,2,A,1.63,4.46,5.12,1.67,4.3,4.55,Pinnacle,1.63,4.46,5.12,0.6134969325153374,0.2242152466367713,0.1953125,1.0330246791521087,0.033024679152108716,0.5938841006382215,0.21704732826015719,0.1890685711016213,1,1,2,2,12,20,12,16,2,4,6,7,1,1,2,1,0,3,15,14,8,10,6,6,3,8,1,1
1599,2025-10-20,2025_26,West Ham,Brentford,0,2,A,2.63,3.31,2.9,2.75,3.29,2.57,Pinnacle,2.63,3.31,2.9,0.3802281368821293,0.3021148036253776,0.3448275862068966,1.0271705267144036,0.027170526714403564,0.3701704118189215,0.2941233181521944,0.335706270028884,0,1,2,1,4,14,21,12,0,3,5,6,1,1,0,3,1,1,6,10,10,14,1,8,4,6,1,1
1600,2025-10-24,2025_26,Leeds,West Ham,2,1,H,1.81,3.71,4.79,1.79,3.64,4.56,Pinnacle,1.81,3.71,4.79,0.5524861878453039,0.2695417789757412,0.20876826722338204,1.030796234044427,0.030796234044426996,0.5359800216552711,0.2614889054436767,0.20253107290105232,0,1,2,2,19,16,4,9,4,4,3,3,1,1,0,0,2,2,7,4,22,21,1,0,7,5,1,1
1601,2025-10-25,2025_26,Chelsea,Sunderland,1,2,A,1.45,4.7,7.85,1.44,4.52,7.2,Pinnacle,1.45,4.7,7.85,0.6896551724137931,0.2127659574468085,0.12738853503184713,1.0298096648924489,0.02980966489244885,0.6696918818350955,0.2066070699278486,0.12370104823705584,3,2,0,1,17,12,12,12,6,6,2,2,1,1,2,0,0,2,8,8,16,15,2,3,3,6,1,1
1602,2025-10-25,2025_26,Newcastle,Fulham,2,1,H,1.61,4.15,6.0,1.6,3.99,5.62,Pinnacle,1.61,4.15,6.0,0.6211180124223602,0.24096385542168672,0.16666666666666666,1.0287485345107137,0.028748534510713686,0.6037607749475649,0.23423008377483842,0.16200914127759658,1,2,2,0,16,18,13,5,3,9,5,4,1,1,0,1,1,3,9,12,16,11,0,4,5,6,1,1
1603,2025-10-25,2025_26,Man United,Brighton,4,2,H,2.03,3.9,3.57,1.99,3.85,3.41,Pinnacle,2.03,3.9,3.57,0.4926108374384237,0.25641025641025644,0.2801120448179272,1.0291331386666074,0.029133138666607383,0.4786658003032272,0.24915168579885927,0.2721825138979135,2,2,1,0,12,15,19,8,4,6,6,3,1,1,2,1,1,1,13,17,16,6,5,6,3,3,1,1
1604,2025-10-25,2025_26,Brentford,Liverpool,3,2,H,4.27,3.93,1.85,3.92,4.01,1.82,Pinnacle,4.27,3.93,1.85,0.234192037470726,0.2544529262086514,0.5405405405405405,1.0291855042199178,0.029185504219917835,0.22755085114440507,0.24723718432229252,0.5252119645333024,2,0,0,1,22,6,7,10,7,1,1,4,1,1,1,1,2,2,19,12,12,12,6,2,4,6,1,1
1605,2025-10-26,2025_26,Everton,Tottenham,0,3,A,2.28,3.39,3.4,2.2,3.34,3.32,Pinnacle,2.28,3.39,3.4,0.4385964912280702,0.2949852507374631,0.29411764705882354,1.0276993890243569,0.02769938902435687,0.42677508220030214,0.2870345685594952,0.2861903492402026,0,2,2,1,5,14,19,15,1,7,7,8,1,1,1,2,2,1,9,9,8,16,3,3,2,4,1,1
1606,2025-10-26,2025_26,Wolves,Burnley,2,3,A,1.93,3.41,4.55,1.92,3.3,4.34,Pinnacle,1.93,3.41,4.55,0.5181347150259068,0.29325513196480935,0.21978021978021978,1.0311700667709358,0.03117006677093581,0.5024726102149407,0.28439065622135934,0.21313673356370008,0,1,2,1,16,6,8,17,3,3,2,6,1,1,2,1,0,2,4,5,19,15,3,2,4,7,1,1
1607,2025-10-26,2025_26,Bournemouth,Nott'm Forest,2,0,H,2.02,3.54,3.98,1.95,3.59,3.82,Pinnacle,2.02,3.54,3.98,0.49504950495049505,0.2824858757062147,0.25125628140703515,1.028791662063745,0.02879166206374495,0.4811950982936925,0.27458025382860424,0.2442246478777032,3,3,3,1,8,11,20,12,5,6,7,4,1,1,0,0,3,2,12,5,17,18,2,4,6,9,1,1
1608,2025-10-26,2025_26,Arsenal,Crystal Palace,1,0,H,1.39,5.0,9.0,1.38,4.91,8.08,Pinnacle,1.39,5.0,9.0,0.7194244604316548,0.2,0.1111111111111111,1.030535571542766,0.030535571542765982,0.6981073533974558,0.19407384424449267,0.10781880235805148,1,2,0,0,16,21,9,4,5,5,0,0,1,1,3,1,3,2,20,15,8,14,7,8,5,7,1,1
1609,2025-10-26,2025_26,Aston Villa,Man City,1,0,H,4.27,3.77,1.88,4.16,3.77,1.82,Pinnacle,4.27,3.77,1.88,0.234192037470726,0.26525198938992045,0.5319148936170213,1.0313589204776679,0.03135892047766786,0.22707132582153003,0.2571868862753139,0.515741787903156,2,2,1,1,8,15,9,5,2,7,3,2,1,1,2,1,0,0,19,10,5,6,7,4,1,1,1,1
1610,2025-11-01,2025_26,Brighton,Leeds,3,0,H,2.03,3.6,3.86,1.93,3.61,3.88,Pinnacle,2.03,3.6,3.86,0.4926108374384237,0.2777777777777778,0.2590673575129534,1.029455972729155,0.02945597272915501,0.47851569225683366,0.26982968202260343,0.2516546257205628,2,2,4,1,17,13,13,16,5,5,9,3,1,1,2,0,1,2,13,19,9,4,5,4,3,3,1,1
1611,2025-11-01,2025_26,Burnley,Arsenal,0,2,A,12.24,6.08,1.27,13.66,5.78,1.24,Pinnacle,12.24,6.08,1.27,0.08169934640522876,0.16447368421052633,0.7874015748031495,1.0335746054189046,0.03357460541890456,0.0790454273710762,0.1591309261549297,0.7618236464739941,3,2,2,0,11,4,15,19,7,3,7,4,1,1,1,1,0,0,10,16,7,9,3,5,1,0,1,1
1612,2025-11-01,2025_26,Crystal Palace,Brentford,2,0,H,2.07,3.53,3.81,2.06,3.43,3.6,Pinnacle,2.07,3.53,3.81,0.48309178743961356,0.28328611898017,0.26246719160104987,1.0288450980208335,0.02884509802083346,0.4695476397456979,0.27534380007750553,0.2551085601767965,0,3,1,3,7,20,10,8,1,7,3,5,1,1,3,2,2,0,17,22,18,7,8,7,5,1,1,1
1613,2025-11-01,2025_26,Fulham,Wolves,3,0,H,1.79,3.73,4.92,1.79,3.69,4.44,Pinnacle,1.79,3.73,4.92,0.5586592178770949,0.2680965147453083,0.2032520325203252,1.0300077651427286,0.030007765142728626,0.5423835011570823,0.26028591610487334,0.19733058273804419,1,0,2,1,12,9,18,16,5,0,7,5,1,1,2,0,3,2,15,16,11,8,7,3,7,2,1,1
1614,2025-11-01,2025_26,Nott'm Forest,Man United,2,2,D,3.48,3.77,2.1,3.27,3.63,2.12,Pinnacle,3.48,3.77,2.1,0.28735632183908044,0.26525198938992045,0.47619047619047616,1.028798787419477,0.028798787419477057,0.27931246163290363,0.2578268876611418,0.46286065070595456,0,0,2,3,8,12,13,17,4,2,5,6,1,1,4,2,2,1,13,12,17,19,9,4,5,6,1,1
1615,2025-11-01,2025_26,Tottenham,Chelsea,0,1,A,2.83,3.51,2.57,3.02,3.44,2.31,Pinnacle,2.83,3.51,2.57,0.35335689045936397,0.2849002849002849,0.38910505836575876,1.0273622337254076,0.02736223372540758,0.3439457660206428,0.27731239824456383,0.3787418357347934,3,1,0,2,7,9,12,8,4,3,2,2,1,1,1,3,2,0,16,17,10,12,7,6,4,2,1,1
1616,2025-11-01,2025_26,Liverpool,Aston Villa,2,0,H,1.68,4.34,4.92,1.65,4.28,4.67,Pinnacle,1.68,4.34,4.92,0.5952380952380952,0.2304147465437788,0.2032520325203252,1.0289048743021993,0.028904874302199346,0.5785161583978151,0.22394173873463813,0.19754210286754664,2,1,3,2,18,19,17,12,5,6,8,4,1,1,1,2,0,1,9,8,18,9,3,2,4,3,1,1
1617,2025-11-02,2025_26,West Ham,Newcastle,3,1,H,5.17,4.22,1.66,4.99,4.08,1.64,Pinnacle,5.17,4.22,1.66,0.19342359767891684,0.23696682464454977,0.6024096385542169,1.0328000608776835,0.0328000608776835,0.18728077679869964,0.22944114124390452,0.5832780819573958,1,0,2,2,9,7,13,22,3,1,5,7,1,1,2,1,1,2,18,16,12,13,7,3,5,5,1,1
1618,2025-11-02,2025_26,Man City,Bournemouth,3,1,H,1.43,5.35,6.8,1.41,5.08,6.86,Pinnacle,1.43,5.35,6.8,0.6993006993006994,0.1869158878504673,0.14705882352941177,1.0332754106805784,0.03327541068057838,0.6767805486052331,0.18089648308513706,0.1423229683096299,0,2,1,0,18,19,9,5,4,7,3,1,1,1,2,3,0,3,13,8,8,20,5,5,4,7,1,1
1619,2025-11-03,2025_26,Sunderland,Everton,1,1,D,3.32,3.2,2.42,3.24,3.09,2.37,Pinnacle,3.32,3.2,2.42,0.30120481927710846,0.3125,0.4132231404958678,1.0269279597729761,0.02692795977297613,0.29330666909068875,0.3043056691815896,0.4023876617277218,2,2,1,0,10,8,16,16,4,2,7,3,1,1,0,0,3,2,12,5,7,19,2,1,4,7,1,1
1620,2025-11-08,2025_26,Chelsea,Wolves,3,0,H,1.36,5.4,9.2,1.36,5.1,8.12,Pinnacle,1.36,5.4,9.2,0.7352941176470588,0.18518518518518517,0.10869565217391305,1.029174955006157,0.029174955006157077,0.7144500690289921,0.17993557294063506,0.10561435803037277,1,1,0,2,15,16,3,10,9,7,1,4,1,1,0,2,3,3,5,15,19,11,2,7,6,7,1,1
1621,2025-11-08,2025_26,West Ham,Burnley,3,2,H,1.88,3.66,4.44,1.86,3.56,4.23,Pinnacle,1.88,3.66,4.44,0.5319148936170213,0.27322404371584696,0.2252252252252252,1.0303641625580935,0.030364162558093488,0.5162397072278133,0.26517230863068003,0.21858798414150654,3,1,1,2,15,9,12,13,9,3,4,5,1,1,0,3,2,2,3,11,12,15,0,7,8,7,1,1
1622,2025-11-08,2025_26,Sunderland,Arsenal,2,2,D,8.0,4.5,1.47,7.33,4.23,1.46,Pinnacle,8.0,4.5,1.47,0.125,0.2222222222222222,0.6802721088435374,1.0274943310657596,0.027494331065759603,0.1216551724137931,0.2162758620689655,0.6620689655172414,1,2,1,1,17,10,8,16,3,4,2,7,1,1,2,1,0,0,12,10,3,7,8,3,0,1,1,1
1623,2025-11-08,2025_26,Tottenham,Man United,2,2,D,3.01,3.59,2.43,2.9,3.47,2.38,Pinnacle,3.01,3.59,2.43,0.33222591362126247,0.2785515320334262,0.4115226337448559,1.0223000793995445,0.02230007939954448,0.3249788592566654,0.2724753109645022,0.40254582977883246,0,3,1,0,3,7,15,12,1,4,9,2,1,1,2,4,2,2,18,13,17,17,7,9,3,5,1,1
1624,2025-11-08,2025_26,Everton,Fulham,2,0,H,2.38,3.24,3.35,2.31,3.21,3.23,Pinnacle,2.38,3.24,3.35,0.42016806722689076,0.30864197530864196,0.29850746268656714,1.0273175052220997,0.027317505222099747,0.40899533502649016,0.30043484486513783,0.2905698201083721,1,0,1,3,8,12,17,7,2,2,3,4,1,1,3,1,0,2,19,12,5,18,6,5,2,7,1,1
1625,2025-11-09,2025_26,Aston Villa,Bournemouth,4,0,H,2.37,3.4,3.2,2.3,3.37,3.1,Pinnacle,2.37,3.4,3.2,0.42194092827004215,0.29411764705882354,0.3125,1.0285585753288657,0.028558575328865743,0.4102254731920669,0.28595128572505846,0.30382324108287456,0,1,2,0,10,9,16,18,3,3,4,4,1,1,1,2,3,0,8,13,15,8,5,5,8,4,1,1
1626,2025-11-09,2025_26,Brentford,Newcastle,3,1,H,2.93,3.51,2.49,2.83,3.38,2.47,Pinnacle,2.93,3.51,2.49,0.341296928327645,0.2849002849002849,0.4016064257028112,1.027803638930741,0.027803638930741004,0.3320643315514117,0.2771933024061642,0.3907423660424242,0,3,2,2,6,17,9,18,2,8,2,5,1,1,1,2,3,1,12,18,15,12,4,7,9,5,1,1
1627,2025-11-09,2025_26,Crystal Palace,Brighton,0,0,D,2.43,3.45,3.07,2.38,3.39,2.97,Pinnacle,2.43,3.45,3.07,0.4115226337448559,0.2898550724637681,0.32573289902280134,1.0271106052314254,0.02711060523142539,0.4006604854908814,0.28220434195444694,0.31713517255467166,2,0,0,1,9,7,6,10,2,1,2,3,1,1,3,2,0,4,14,17,5,13,7,5,2,9,1,1
1628,2025-11-09,2025_26,Nott'm Forest,Leeds,3,1,H,2.23,3.3,3.62,2.23,3.14,3.46,Pinnacle,2.23,3.3,3.62,0.4484304932735426,0.30303030303030304,0.27624309392265195,1.0277038902264977,0.027703890226497663,0.43634211910466947,0.2948614926070948,0.26879638828823565,2,0,2,2,17,8,18,13,3,4,7,5,1,1,0,2,3,1,5,13,14,9,2,5,7,3,1,1
1629,2025-11-09,2025_26,Man City,Liverpool,3,0,H,1.94,4.0,3.86,1.89,3.94,3.69,Pinnacle,1.94,4.0,3.86,0.5154639175257733,0.25,0.2590673575129534,1.0245312750387265,0.02453127503872654,0.5031217007077593,0.24401402484326326,0.2528642744489775,3,0,1,1,15,18,8,9,8,4,5,3,1,1,2,2,0,3,16,18,10,17,4,5,3,8,1,1
1630,2025-11-22,2025_26,Burnley,Chelsea,0,2,A,5.8,4.25,1.61,5.46,4.14,1.58,Pinnacle,5.8,4.25,1.61,0.1724137931034483,0.23529411764705882,0.6211180124223602,1.0288259231728674,0.028825923172867363,0.16758305678353191,0.22870158337517296,0.6037153598412951,2,0,3,2,16,3,15,12,7,0,6,8,1,1,3,1,0,0,20,15,3,3,8,9,0,1,1,1
1631,2025-11-22,2025_26,Bournemouth,West Ham,2,2,D,1.68,4.09,5.12,1.67,3.97,4.95,Pinnacle,1.68,4.09,5.12,0.5952380952380952,0.24449877750611249,0.1953125,1.0350493727442078,0.03504937274420783,0.575081837555199,0.2362194344970011,0.1886987279477997,0,1,4,3,13,8,16,15,4,5,8,8,1,1,3,3,2,1,15,15,16,12,6,9,7,4,1,1
1632,2025-11-22,2025_26,Brighton,Brentford,2,1,H,2.17,3.47,3.59,2.1,3.44,3.47,Pinnacle,2.17,3.47,3.59,0.4608294930875576,0.2881844380403458,0.2785515320334262,1.0275654631613296,0.027565463161329573,0.44846728467284674,0.2804536045360454,0.2710791107911079,0,3,0,0,7,14,10,5,3,7,2,2,1,1,3,0,1,2,15,6,5,9,7,2,1,2,1,1
1633,2025-11-22,2025_26,Fulham,Sunderland,1,0,H,2.07,3.38,4.0,2.02,3.33,3.81,Pinnacle,2.07,3.38,4.0,0.48309178743961356,0.2958579881656805,0.25,1.028949775605294,0.028949775605294104,0.46949987151260913,0.28753394497961565,0.24296618350777519,0,3,2,0,8,19,14,5,4,6,5,2,1,1,2,1,2,1,6,17,17,8,2,3,7,2,1,1
1634,2025-11-22,2025_26,Liverpool,Nott'm Forest,0,3,A,1.47,4.69,6.97,1.45,4.6,6.58,Pinnacle,1.47,4.69,6.97,0.6802721088435374,0.21321961620469082,0.14347202295552366,1.036963748003752,0.036963748003751906,0.6560230385614947,0.20561916134016997,0.13835780009833532,0,2,3,0,7,16,14,10,1,4,6,3,1,1,3,2,1,2,14,17,10,18,6,3,3,7,1,1
1635,2025-11-22,2025_26,Wolves,Crystal Palace,0,2,A,4.53,3.8,1.82,4.43,3.65,1.81,Pinnacle,4.53,3.8,1.82,0.22075055187637968,0.2631578947368421,0.5494505494505494,1.0333589960637712,0.03335899606377124,0.21362426099473042,0.2546626058700339,0.5317131331352356,0,0,3,3,3,5,20,19,0,2,8,6,1,1,0,2,0,0,10,9,7,6,2,2,3,2,1,1
1636,2025-11-22,2025_26,Newcastle,Man City,2,1,H,4.06,3.85,1.93,3.67,3.7,1.95,Pinnacle,4.06,3.85,1.93,0.24630541871921185,0.2597402597402597,0.5181347150259068,1.0241803934853784,0.02418039348537837,0.24049026937628856,0.253607920433177,0.5059018101905345,1,1,3,3,5,12,15,15,1,4,7,9,1,1,3,3,0,1,14,15,7,8,6,8,1,5,1,1
1637,2025-11-23,2025_26,Arsenal,Tottenham,4,1,H,1.47,4.47,7.69,1.47,4.29,7.15,Pinnacle,1.47,4.47,7.69,0.6802721088435374,0.2237136465324385,0.13003901170351104,1.0340247670794869,0.03402476707948687,0.657887635288376,0.21635230959147939,0.12576005512014468,2,2,2,0,17,12,6,3,7,8,2,0,1,1,2,0,2,1,10,3,5,15,4,1,2,9,1,1
1638,2025-11-23,2025_26,Leeds,Aston Villa,1,2,A,3.3,3.46,2.29,3.22,3.3,2.27,Pinnacle,3.3,3.46,2.29,0.30303030303030304,0.28901734104046245,0.4366812227074236,1.028728866778189,0.02872886677818909,0.2945677066293906,0.28094607857716447,0.42448621479344495,1,0,3,3,10,5,14,14,3,2,6,7,1,1,4,0,0,2,16,10,13,16,8,3,4,4,1,1
1639,2025-11-24,2025_26,Man United,Everton,0,1,A,1.9,3.87,4.08,1.86,3.69,4.09,Pinnacle,1.9,3.87,4.08,0.5263157894736842,0.25839793281653745,0.24509803921568626,1.029811761505908,0.02981176150590792,0.5110796061447631,0.25091763609174417,0.23800275776349264,2,2,2,2,5,18,10,17,2,7,4,3,1,1,2,1,0,1,14,8,8,17,5,2,4,3,1,1
1640,2025-11-29,2025_26,Brentford,Burnley,3,1,H,1.5,4.55,7.05,1.48,4.36,6.61,Pinnacle,1.5,4.55,7.05,0.6666666666666666,0.21978021978021978,0.14184397163120568,1.028290858078092,0.028290858078092063,0.6483249962103986,0.21373351523419737,0.137941488555404,1,3,2,1,10,15,14,5,4,7,5,1,1,1,0,2,2,3,8,16,15,15,2,7,5,6,1,1
1641,2025-11-29,2025_26,Man City,Leeds,3,2,H,1.22,7.5,13.5,1.22,6.58,11.56,Pinnacle,1.22,7.5,13.5,0.819672131147541,0.13333333333333333,0.07407407407407407,1.0270795385549483,0.027079538554948268,0.7980610073303382,0.12981792385906835,0.07212106881059352,1,3,2,0,17,14,9,7,4,6,5,1,1,1,1,1,2,3,14,10,14,14,5,3,3,6,1,1
1642,2025-11-29,2025_26,Sunderland,Bournemouth,3,2,H,3.29,3.43,2.31,3.14,3.3,2.3,Pinnacle,3.29,3.43,2.31,0.303951367781155,0.29154518950437314,0.4329004329004329,1.028396990185961,0.02839699018596109,0.2955583988301956,0.28349479071467737,0.42094681045512705,0,2,1,2,4,6,24,17,2,2,6,7,1,1,2,0,2,4,28,13,5,16,10,4,2,8,1,1
1643,2025-11-29,2025_26,Everton,Newcastle,1,4,A,2.75,3.36,2.73,2.68,3.3,2.65,Pinnacle,2.75,3.36,2.73,0.36363636363636365,0.2976190476190476,0.3663003663003663,1.0275557775557775,0.02755577755577754,0.353884793000081,0.2896378514137568,0.35647735558616217,1,2,0,0,3,14,25,8,1,5,6,4,1,1,2,1,1,3,9,5,17,15,5,1,4,7,1,1
1644,2025-11-29,2025_26,Tottenham,Fulham,1,2,A,2.4,3.44,3.12,2.34,3.35,3.04,Pinnacle,2.4,3.44,3.12,0.4166666666666667,0.29069767441860467,0.3205128205128205,1.027877161598092,0.02787716159809195,0.40536620739666424,0.2828136330674402,0.31182015953589554,1,2,4,2,3,10,17,5,2,4,8,2,1,1,1,0,0,2,24,8,4,14,6,4,2,5,1,1
1645,2025-11-30,2025_26,Crystal Palace,Man United,1,2,A,2.1,3.75,3.56,2.07,3.6,3.4,Pinnacle,2.1,3.75,3.56,0.47619047619047616,0.26666666666666666,0.2808988764044944,1.0237560192616373,0.023756019261637285,0.4651405874359778,0.2604787289641476,0.27438068359987455,2,0,0,0,10,10,8,7,4,2,1,3,1,1,0,2,1,2,25,5,3,10,6,2,1,4,1,1
1646,2025-11-30,2025_26,Aston Villa,Wolves,1,0,H,1.47,4.65,7.25,1.46,4.46,6.83,Pinnacle,1.47,4.65,7.25,0.6802721088435374,0.2150537634408602,0.13793103448275862,1.0332569067671562,0.0332569067671562,0.6583765415824472,0.2081319389518704,0.1334915194656824,2,4,1,0,14,16,14,13,3,8,5,4,1,1,0,0,2,3,8,3,10,20,1,0,4,8,1,1
1647,2025-11-30,2025_26,Nott'm Forest,Brighton,0,2,A,2.95,3.35,2.57,2.85,3.29,2.51,Pinnacle,2.95,3.35,2.57,0.3389830508474576,0.29850746268656714,0.38910505836575876,1.0265955718997835,0.026595571899783454,0.33020116209944966,0.2907741576696646,0.3790246802308858,3,3,0,1,15,14,21,10,7,6,4,3,1,1,2,0,1,0,14,7,10,10,5,3,4,2,1,1
1648,2025-11-30,2025_26,West Ham,Liverpool,0,2,A,5.15,4.75,1.6,5.07,4.49,1.58,Pinnacle,5.15,4.75,1.6,0.1941747572815534,0.21052631578947367,0.625,1.0297010730710272,0.029701073071027206,0.1885739098070839,0.20445381800136464,0.6069722721915514,2,3,2,2,5,15,28,16,2,6,10,7,1,1,0,0,3,3,21,7,15,14,4,1,7,6,1,1
1649,2025-11-30,2025_26,Chelsea,Arsenal,1,1,D,3.19,3.17,2.51,3.01,3.14,2.46,Pinnacle,3.19,3.17,2.51,0.31347962382445144,0.31545741324921134,0.39840637450199207,1.0273434115756548,0.027343411575654786,0.3051361602092354,0.3070613094850034,0.3878025303057613,2,3,0,0,15,20,8,3,5,8,2,0,1,1,4,2,1,2,17,17,3,6,8,7,2,2,1,1
1650,2025-12-02,2025_26,Bournemouth,Everton,0,1,A,2.23,3.5,3.41,2.17,3.4,3.34,Pinnacle,2.23,3.5,3.41,0.4484304932735426,0.2857142857142857,0.29325513196480935,1.0273999109526377,0.027399910952637718,0.4364712206931609,0.27809452061307105,0.28543425869376793,2,2,3,2,18,28,12,5,6,10,6,2,1,1,1,1,4,0,10,3,13,25,2,1,8,6,1,1
1651,2025-12-02,2025_26,Fulham,Man City,4,5,A,5.3,4.12,1.66,5.14,4.08,1.63,Pinnacle,5.3,4.12,1.66,0.18867924528301888,0.24271844660194175,0.6024096385542169,1.0338073304391775,0.033807330439177496,0.1825090998366833,0.23478112357631586,0.5827097765870008,2,1,1,0,7,24,14,4,3,6,2,2,1,1,3,1,2,2,18,17,9,9,9,4,4,5,1,1
1652,2025-12-02,2025_26,Newcastle,Tottenham,2,2,D,1.85,3.89,4.3,1.83,3.78,4.07,Pinnacle,1.85,3.89,4.3,0.5405405405405405,0.2570694087403599,0.23255813953488372,1.030168088815784,0.030168088815784033,0.5247110121241589,0.2495412268456797,0.22574776103016142,4,2,1,1,13,9,10,17,8,5,2,4,1,1,1,1,2,4,14,3,7,17,2,2,3,8,1,1
1653,2025-12-03,2025_26,Liverpool,Sunderland,1,1,D,1.36,5.47,8.52,1.35,5.25,7.98,Pinnacle,1.36,5.47,8.52,0.7352941176470588,0.18281535648994515,0.11737089201877934,1.0354803661557832,0.035480366155783205,0.7100995264418536,0.17655125337493982,0.11334922018320667,2,0,0,3,9,21,7,15,5,4,0,7,1,1,3,0,2,1,12,4,18,24,6,2,6,6,1,1
1654,2025-12-03,2025_26,Wolves,Nott'm Forest,0,1,A,3.17,3.32,2.44,3.1,3.23,2.37,Pinnacle,3.17,3.32,2.44,0.31545741324921134,0.30120481927710846,0.4098360655737705,1.0264982981000903,0.0264982981000903,0.3073141122913505,0.2934294385432474,0.39925644916540215,0,0,1,2,9,8,16,10,4,1,6,4,1,1,0,3,2,0,19,15,17,21,3,7,6,4,1,1
1655,2025-12-03,2025_26,Leeds,Chelsea,3,1,H,4.11,3.53,1.99,3.94,3.45,1.95,Pinnacle,4.11,3.53,1.99,0.24330900243309,0.28328611898017,0.5025125628140703,1.0291076842273303,0.029107684227330344,0.23642715544950002,0.27527354359700995,0.48829930095349,2,1,3,2,9,14,18,14,4,5,9,3,1,1,1,2,1,0,11,15,8,8,4,5,4,2,1,1
1656,2025-12-03,2025_26,Brighton,Aston Villa,3,4,A,2.31,3.45,3.27,2.25,3.42,3.17,Pinnacle,2.31,3.45,3.27,0.4329004329004329,0.2898550724637681,0.3058103975535168,1.0285659029177179,0.028565902917717878,0.42087768189906993,0.281805056575899,0.297317261525031,2,2,0,1,17,14,19,10,6,5,3,4,1,1,1,2,0,1,16,14,9,14,6,3,4,5,1,1
1657,2025-12-03,2025_26,Burnley,Crystal Palace,0,1,A,5.05,3.77,1.76,4.99,3.62,1.73,Pinnacle,5.05,3.77,1.76,0.19801980198019803,0.26525198938992045,0.5681818181818182,1.0314536095519367,0.031453609551936657,0.19198129721628276,0.2571632761119968,0.5508554266717205,1,0,3,2,6,8,14,15,2,2,4,5,1,1,1,2,2,0,14,10,14,8,3,4,6,1,1,1
1658,2025-12-03,2025_26,Arsenal,Brentford,2,0,H,1.44,4.65,8.07,1.43,4.53,7.43,Pinnacle,1.44,4.65,8.07,0.6944444444444444,0.2150537634408602,0.12391573729863692,1.0334139451839417,0.033413945183941696,0.671990587780231,0.20810031105452315,0.11990910116524568,1,4,1,1,8,17,11,3,4,8,4,2,1,1,3,1,1,2,14,10,6,14,4,4,2,5,1,1
1659,2025-12-04,2025_26,Man United,West Ham,1,1,D,1.39,5.2,8.25,1.4,5.03,7.21,Pinnacle,1.39,5.2,8.25,0.7194244604316548,0.1923076923076923,0.12121212121212122,1.0329442739514683,0.03294427395146826,0.6964794506092166,0.186174314682079,0.11734623470870437,2,0,1,1,14,25,14,3,6,6,3,1,1,1,0,2,2,2,7,5,9,28,0,2,5,10,1,1
1660,2025-12-06,2025_26,Aston Villa,Arsenal,2,1,H,4.5,3.54,1.93,4.18,3.47,1.9,Pinnacle,4.5,3.54,1.93,0.2222222222222222,0.2824858757062147,0.5181347150259068,1.0228428129543436,0.02284281295434365,0.21725940624284515,0.2761772113256506,0.5065633824315043,4,1,3,0,14,16,16,9,10,6,7,4,1,1,2,1,0,1,15,8,6,11,7,4,1,4,1,1
1661,2025-12-06,2025_26,Bournemouth,Chelsea,0,0,D,3.38,3.85,2.12,3.33,3.75,2.05,Pinnacle,3.38,3.85,2.12,0.2958579881656805,0.2597402597402597,0.4716981132075471,1.0272963611134873,0.027296361113487322,0.2879967255456836,0.2528386837258209,0.45916459072849547,0,2,1,3,5,18,13,12,2,6,3,6,1,1,1,1,3,1,14,11,17,8,2,4,5,4,1,1
1662,2025-12-06,2025_26,Everton,Nott'm Forest,3,0,H,2.12,3.37,3.84,2.08,3.28,3.72,Pinnacle,2.12,3.37,3.84,0.4716981132075471,0.29673590504451036,0.2604166666666667,1.0288506849187242,0.028850684918724223,0.45847091334230844,0.288414936583292,0.2531141500743995,1,1,0,4,13,10,5,13,3,2,2,8,1,1,1,0,0,2,10,19,5,17,3,3,1,6,1,1
1663,2025-12-06,2025_26,Man City,Sunderland,3,0,H,1.27,6.45,11.0,1.25,6.18,10.59,Pinnacle,1.27,6.45,11.0,0.7874015748031495,0.15503875968992248,0.09090909090909091,1.033349425402163,0.0333494254021629,0.7619896575610962,0.1500351728841228,0.0879751695547811,5,3,4,2,11,18,12,9,4,9,6,4,1,1,1,3,1,2,9,12,23,18,6,6,4,6,1,1
1664,2025-12-06,2025_26,Newcastle,Burnley,2,1,H,1.33,5.75,9.25,1.3,5.53,9.5,Pinnacle,1.33,5.75,9.25,0.7518796992481203,0.17391304347826086,0.10810810810810811,1.0339008508344891,0.03390085083448913,0.727226115193984,0.16821056229704326,0.10456332250897285,2,4,2,1,19,13,8,10,7,8,2,2,1,1,0,1,1,3,11,6,3,14,4,2,3,4,1,1
1665,2025-12-06,2025_26,Tottenham,Brentford,2,0,H,2.49,3.43,3.0,2.42,3.35,2.9,Pinnacle,2.49,3.43,3.0,0.4016064257028112,0.29154518950437314,0.3333333333333333,1.0264849485405176,0.02648494854051764,0.39124433950427173,0.2840228587071827,0.3247328017885456,2,1,2,2,8,14,19,7,2,2,7,3,1,1,0,3,2,1,6,14,15,6,1,4,7,2,1,1
1666,2025-12-06,2025_26,Leeds,Liverpool,3,3,D,4.58,4.07,1.76,4.4,3.88,1.76,Pinnacle,4.58,4.07,1.76,0.2183406113537118,0.24570024570024568,0.5681818181818182,1.0322226752357757,0.03222267523577571,0.21152471902812967,0.23803027350094197,0.5504450074709284,3,2,1,3,17,9,14,18,5,4,2,9,1,1,1,2,1,0,23,9,9,7,4,5,6,0,1,1
1667,2025-12-07,2025_26,Brighton,West Ham,1,1,D,1.63,4.35,5.35,1.6,4.24,5.16,Pinnacle,1.63,4.35,5.35,0.6134969325153374,0.2298850574712644,0.1869158878504673,1.0302978778370693,0.030297877837069276,0.5954558829173435,0.22312484808167127,0.18141926900098507,3,2,4,0,16,17,14,19,7,6,10,3,1,1,1,0,1,2,11,7,17,9,3,0,4,5,1,1
1668,2025-12-07,2025_26,Fulham,Crystal Palace,1,2,A,2.53,3.4,2.96,2.49,3.32,2.85,Pinnacle,2.53,3.4,2.96,0.3952569169960475,0.29411764705882354,0.33783783783783783,1.027212401892709,0.027212401892708904,0.38478596662945236,0.28632602810956304,0.32888800526098455,4,2,5,1,12,7,11,14,6,3,4,2,1,1,1,1,0,2,3,14,11,14,3,3,4,6,1,1
1669,2025-12-08,2025_26,Wolves,Man United,1,4,A,5.35,4.2,1.65,5.04,4.09,1.64,Pinnacle,5.35,4.2,1.65,0.1869158878504673,0.23809523809523808,0.6060606060606061,1.0310717320063114,0.031071732006311414,0.18128310771041792,0.23092014910731803,0.5877967431822642,0,0,1,1,5,9,10,16,1,4,3,6,1,1,1,2,1,1,17,14,11,14,4,6,3,3,1,1
1670,2025-12-13,2025_26,Chelsea,Everton,2,0,H,1.75,3.91,4.86,1.71,3.84,4.77,Pinnacle,1.75,3.91,4.86,0.5714285714285714,0.2557544757033248,0.20576131687242796,1.032944364004324,0.0329443640043241,0.5532036296837564,0.24759753246715444,0.19919883784908923,0,1,0,3,11,14,13,17,4,2,5,5,1,1,3,1,0,0,11,13,7,5,5,3,3,2,1,1
1671,2025-12-13,2025_26,Liverpool,Brighton,2,0,H,1.8,4.1,4.28,1.74,3.98,4.37,Pinnacle,1.8,4.1,4.28,0.5555555555555556,0.24390243902439027,0.2336448598130841,1.0331028543930298,0.033102854393029846,0.5377543515567542,0.23608727629320916,0.22615837215003678,3,1,3,1,16,23,12,9,7,4,5,6,1,1,1,3,1,4,22,16,14,14,4,7,5,10,1,1
1672,2025-12-13,2025_26,Burnley,Fulham,2,3,A,4.06,3.51,2.01,3.88,3.41,1.99,Pinnacle,4.06,3.51,2.01,0.24630541871921185,0.2849002849002849,0.49751243781094534,1.028718141430442,0.028718141430442046,0.23942944991396953,0.2769468850856741,0.48362366500035636,1,0,2,1,9,11,17,3,3,4,7,3,1,1,1,4,2,5,12,12,11,11,4,6,5,4,1,1
1673,2025-12-13,2025_26,Arsenal,Wolves,2,1,H,1.13,9.55,27.0,1.12,8.9,22.31,Pinnacle,1.13,9.55,27.0,0.8849557522123894,0.10471204188481674,0.037037037037037035,1.0267048311342433,0.026704831134243268,0.8619378475454744,0.10198845735354826,0.03607369510097726,1,2,2,0,15,15,15,6,9,7,6,1,1,1,1,0,4,1,8,5,27,10,2,1,10,3,1,1
1674,2025-12-14,2025_26,Crystal Palace,Man City,0,3,A,4.23,3.82,1.9,4.01,3.73,1.85,Pinnacle,4.23,3.82,1.9,0.23640661938534277,0.2617801047120419,0.5263157894736842,1.0245025135710688,0.024502513571068807,0.2307526006562047,0.2555192410407712,0.5137281583030241,2,1,1,0,11,3,12,11,5,3,4,4,1,1,3,5,0,4,18,11,8,12,6,4,1,6,1,1
1675,2025-12-14,2025_26,Nott'm Forest,Tottenham,3,0,H,2.75,3.35,2.74,2.62,3.31,2.7,Pinnacle,2.75,3.35,2.74,0.36363636363636365,0.29850746268656714,0.36496350364963503,1.0271073299725657,0.027107329972565708,0.35403930341542444,0.2906292789231096,0.3553314176614661,0,1,3,0,7,10,11,5,3,3,5,1,1,1,2,2,0,2,15,8,4,19,7,2,1,7,1,1
1676,2025-12-14,2025_26,Sunderland,Newcastle,1,0,H,3.61,3.43,2.18,3.41,3.35,2.16,Pinnacle,3.61,3.43,2.18,0.2770083102493075,0.29154518950437314,0.4587155963302752,1.027269096083956,0.02726909608395589,0.2696550604951406,0.28380605492345695,0.44653888458140245,0,1,3,1,8,9,18,23,1,6,6,4,1,1,2,2,1,2,17,19,9,8,7,7,3,2,1,1
1677,2025-12-14,2025_26,West Ham,Aston Villa,2,3,A,3.35,3.57,2.23,3.31,3.42,2.18,Pinnacle,3.35,3.57,2.23,0.29850746268656714,0.2801120448179272,0.4484304932735426,1.027050000778037,0.027050000778036987,0.29064550164104397,0.27273457436904686,0.4366199239899091,1,1,1,1,14,11,22,17,5,3,4,4,1,1,2,4,1,3,15,14,15,16,6,10,9,7,1,1
1678,2025-12-14,2025_26,Brentford,Leeds,1,1,D,2.23,3.33,3.59,2.14,3.25,3.56,Pinnacle,2.23,3.33,3.59,0.4484304932735426,0.3003003003003003,0.2785515320334262,1.0272823256072692,0.027282325607269176,0.43652118029817827,0.29232499461409533,0.27115382508772634,0,0,2,2,4,6,15,15,1,1,7,7,1,1,3,3,3,1,12,17,16,14,5,5,7,2,1,1
1679,2025-12-15,2025_26,Man United,Bournemouth,4,4,D,1.81,4.15,4.2,1.76,4.18,4.1,Pinnacle,1.81,4.15,4.2,0.5524861878453039,0.24096385542168672,0.23809523809523808,1.0315452813622288,0.03154528136222878,0.5355908245886275,0.23359503433865436,0.23081414107271803,4,1,1,1,27,17,8,11,10,4,2,3,1,1,0,0,0,1,13,5,11,13,5,2,4,3,1,1
1680,2025-12-20,2025_26,Leeds,Crystal Palace,4,1,H,2.93,3.11,2.74,2.83,3.06,2.66,Pinnacle,2.93,3.11,2.74,0.341296928327645,0.3215434083601286,0.36496350364963503,1.0278038403374086,0.02780384033740857,0.3320642664806581,0.3128451127936747,0.35509062072566727,1,3,1,3,18,12,7,16,4,5,2,7,1,1,0,2,3,1,16,11,7,12,4,5,6,4,1,1
1681,2025-12-20,2025_26,Everton,Arsenal,0,1,A,6.65,4.2,1.56,6.26,4.02,1.54,Pinnacle,6.65,4.2,1.56,0.15037593984962405,0.23809523809523808,0.641025641025641,1.0294968189705032,0.029496818970503158,0.14606741573033707,0.23127340823970036,0.6226591760299625,0,3,2,0,11,11,17,7,2,5,5,3,1,1,2,1,1,2,16,15,3,15,2,9,2,6,1,1
1682,2025-12-20,2025_26,Tottenham,Liverpool,1,2,A,3.71,3.68,2.05,3.54,3.59,2.02,Pinnacle,3.71,3.68,2.05,0.2695417789757412,0.2717391304347826,0.48780487804878053,1.0290857874593042,0.029085787459304235,0.2619235269405568,0.264058773084094,0.47401769997534926,0,2,3,0,6,15,15,4,1,7,6,1,1,1,2,3,0,3,18,16,14,12,4,7,1,5,1,1
1683,2025-12-20,2025_26,Wolves,Brentford,0,2,A,3.47,3.48,2.21,3.42,3.37,2.15,Pinnacle,3.47,3.48,2.21,0.2881844380403458,0.28735632183908044,0.45248868778280543,1.0280294476622316,0.028029447662231588,0.2803270263275877,0.27952148889561185,0.44015148477680055,1,1,2,4,3,8,16,27,2,2,2,10,1,1,1,0,1,2,7,4,18,15,2,1,4,7,1,1
1684,2025-12-20,2025_26,Man City,West Ham,3,0,H,1.19,8.25,14.0,1.2,7.44,12.02,Pinnacle,1.19,8.25,14.0,0.8403361344537815,0.12121212121212122,0.07142857142857142,1.0329768270944741,0.03297682709447414,0.8135091827930482,0.11734253666954271,0.0691482805374091,3,3,0,0,7,18,16,8,6,6,4,1,1,1,2,1,3,1,10,14,7,22,3,5,4,4,1,1
1685,2025-12-20,2025_26,Brighton,Sunderland,0,0,D,1.88,3.63,4.64,1.83,3.65,4.27,Pinnacle,1.88,3.63,4.64,0.5319148936170213,0.27548209366391185,0.21551724137931036,1.0229142286602435,0.022914228660243507,0.5199995060325772,0.2693110389369821,0.21068945503044076,0,1,2,1,14,22,18,14,1,4,4,5,1,1,1,0,0,3,5,8,6,18,1,1,2,6,1,1
1686,2025-12-20,2025_26,Bournemouth,Burnley,1,1,D,1.48,4.8,6.95,1.47,4.62,6.47,Pinnacle,1.48,4.8,6.95,0.6756756756756757,0.20833333333333334,0.14388489208633093,1.0278939010953398,0.027893901095339846,0.6573399014778326,0.20267980295566504,0.13998029556650246,4,0,4,0,14,13,25,11,9,5,9,4,1,1,2,1,3,2,16,9,6,17,8,3,4,7,1,1
1687,2025-12-20,2025_26,Newcastle,Chelsea,2,2,D,2.87,3.55,2.52,2.79,3.53,2.41,Pinnacle,2.87,3.55,2.52,0.3484320557491289,0.28169014084507044,0.3968253968253968,1.0269475934195962,0.026947593419596183,0.3392890328404173,0.27429845753577403,0.38641250962380863,0,2,1,1,6,17,5,9,2,7,1,3,1,1,2,0,0,0,17,11,11,13,5,4,2,5,1,1
1688,2025-12-21,2025_26,Aston Villa,Man United,2,1,H,2.04,3.75,3.76,2.01,3.67,3.53,Pinnacle,2.04,3.75,3.76,0.49019607843137253,0.26666666666666666,0.26595744680851063,1.0228201919065498,0.022820191906549825,0.4792592894726108,0.2607170534731003,0.26002365705428887,3,2,2,1,7,15,10,15,4,6,3,9,1,1,4,4,4,1,25,27,14,8,9,10,9,2,1,1
1689,2025-12-22,2025_26,Fulham,Nott'm Forest,1,0,H,2.66,3.35,2.83,2.55,3.33,2.75,Pinnacle,2.66,3.35,2.83,0.37593984962406013,0.29850746268656714,0.35335689045936397,1.0278042027699912,0.027804202769991182,0.36576990890957706,0.29043222617894776,0.3437978649114753,3,1,2,2,6,12,16,11,4,4,8,5,1,1,3,0,0,3,15,7,6,11,6,3,1,5,1,1
1690,2025-12-26,2025_26,Man United,Newcastle,1,0,H,2.49,3.77,2.71,2.47,3.64,2.66,Pinnacle,2.49,3.77,2.71,0.4016064257028112,0.26525198938992045,0.36900369003690037,1.035862105129632,0.03586210512963195,0.3877025944998273,0.256068822361955,0.35622858313821776,1,4,2,4,15,25,12,14,6,9,4,9,1,1,2,0,2,1,11,6,13,5,5,2,4,1,1,1
1691,2025-12-27,2025_26,West Ham,Fulham,0,1,A,3.06,3.38,2.47,2.98,3.33,2.39,Pinnacle,3.06,3.38,2.47,0.32679738562091504,0.2958579881656805,0.4048582995951417,1.0275136733817372,0.027513673381737158,0.31804675118858955,0.2879358161648178,0.3940174326465927,0,2,3,3,7,10,17,7,3,3,8,4,1,1,1,3,0,2,11,6,12,16,1,4,2,8,1,1
1692,2025-12-27,2025_26,Liverpool,Wolves,2,1,H,1.25,6.61,11.61,1.24,6.43,11.22,Pinnacle,1.25,6.61,11.61,0.8,0.151285930408472,0.08613264427217916,1.0374185746806512,0.03741857468065124,0.7711448585218018,0.14582920925147536,0.08302593222672285,2,2,1,0,8,18,15,14,4,4,4,1,1,1,0,1,2,2,9,3,7,16,2,2,6,2,1,1
1693,2025-12-27,2025_26,Burnley,Everton,0,0,D,3.74,3.25,2.21,3.66,3.1,2.18,Pinnacle,3.74,3.25,2.21,0.267379679144385,0.3076923076923077,0.45248868778280543,1.027560674619498,0.02756067461949807,0.26020816653322654,0.2994395516413131,0.4403522818254604,1,2,1,3,4,16,16,6,1,8,1,4,1,1,0,0,1,2,5,11,13,17,1,2,2,5,1,1
1694,2025-12-27,2025_26,Chelsea,Aston Villa,1,2,A,1.79,4.14,4.31,1.77,3.94,4.23,Pinnacle,1.79,4.14,4.31,0.5586592178770949,0.24154589371980678,0.2320185614849188,1.0322236730818206,0.032223673081820614,0.5412191489555307,0.23400538082859906,0.2247754702158701,2,2,2,0,13,17,11,11,4,5,5,2,1,1,2,3,1,2,12,7,15,10,4,4,6,3,1,1
1695,2025-12-27,2025_26,Arsenal,Brighton,2,1,H,1.33,5.65,9.7,1.32,5.45,8.87,Pinnacle,1.33,5.65,9.7,0.7518796992481203,0.17699115044247787,0.10309278350515465,1.031963633195753,0.031963633195752905,0.7285912749848776,0.1715090965893606,0.0998996284257616,1,2,0,1,13,16,5,3,2,2,1,2,1,1,0,0,0,2,16,14,14,18,4,1,6,4,1,1
1696,2025-12-27,2025_26,Nott'm Forest,Man City,1,2,A,5.55,4.15,1.64,5.17,4.16,1.61,Pinnacle,5.55,4.15,1.64,0.1801801801801802,0.24096385542168672,0.6097560975609756,1.0309001331628425,0.030900133162842458,0.17477947124459114,0.23374122058011582,0.5914793081752932,0,3,1,0,12,15,11,6,2,6,1,1,1,1,3,3,0,0,17,7,7,16,8,6,3,4,1,1
1697,2025-12-27,2025_26,Brentford,Bournemouth,4,1,H,2.32,3.59,3.15,2.28,3.47,3.04,Pinnacle,2.32,3.59,3.15,0.4310344827586207,0.2785515320334262,0.31746031746031744,1.0270463322523644,0.027046332252364413,0.41968358118113364,0.2712161304568886,0.3091002883619777,2,1,0,1,7,7,9,18,6,2,2,4,1,1,1,4,1,4,16,14,4,25,1,9,1,9,1,1
1698,2025-12-28,2025_26,Sunderland,Leeds,1,1,D,3.01,3.15,2.65,2.84,3.1,2.63,Pinnacle,3.01,3.15,2.65,0.33222591362126247,0.31746031746031744,0.37735849056603776,1.0270447216476177,0.02704472164761773,0.3234775532347755,0.3091007730910077,0.36742167367421674,0,1,0,0,14,5,16,6,6,1,4,2,1,1,4,1,1,1,20,18,9,7,8,4,3,2,1,1
1699,2025-12-28,2025_26,Crystal Palace,Tottenham,0,1,A,2.29,3.45,3.33,2.23,3.38,3.22,Pinnacle,2.29,3.45,3.33,0.4366812227074236,0.2898550724637681,0.3003003003003003,1.026836595471492,0.026836595471491975,0.42526846494686227,0.2822796477473376,0.2924518873058002,1,0,4,3,9,16,20,7,3,4,8,6,1,1,1,0,2,3,15,6,8,15,4,1,4,6,1,1
1700,2025-12-30,2025_26,Burnley,Newcastle,1,3,A,6.0,4.4,1.57,5.71,4.12,1.56,Pinnacle,6.0,4.4,1.57,0.16666666666666666,0.22727272727272727,0.6369426751592356,1.0308820690986296,0.03088206909862956,0.1616738438494664,0.22046433252199962,0.617861823628534,0,1,0,1,16,4,15,16,0,1,6,1,1,1,0,2,1,2,16,11,10,13,3,5,4,4,1,1
1701,2025-12-30,2025_26,Chelsea,Bournemouth,2,2,D,1.59,4.5,5.6,1.56,4.45,5.25,Pinnacle,1.59,4.5,5.6,0.6289308176100629,0.2222222222222222,0.17857142857142858,1.0297244684037137,0.029724468403713677,0.6107758307278411,0.21580746019050387,0.1734167090816549,1,2,2,2,14,13,11,11,3,4,8,5,1,1,1,1,4,1,20,16,15,4,10,1,7,1,1,1
1702,2025-12-30,2025_26,Nott'm Forest,Everton,0,2,A,1.92,3.49,4.54,1.9,3.37,4.29,Pinnacle,1.92,3.49,4.54,0.5208333333333334,0.28653295128939826,0.22026431718061673,1.0276306018033483,0.02763060180334831,0.5068293338280736,0.27882874525785134,0.21434192091407514,1,0,2,1,7,12,16,11,2,2,5,1,1,1,0,0,0,1,15,5,16,13,6,1,0,2,1,1
1703,2025-12-30,2025_26,West Ham,Brighton,2,2,D,3.53,3.65,2.12,3.32,3.59,2.1,Pinnacle,3.53,3.65,2.12,0.28328611898017,0.273972602739726,0.4716981132075471,1.0289568349274432,0.028956834927443165,0.2753138998295744,0.2662624839447664,0.45842361622565914,0,0,1,3,11,7,15,17,2,3,4,8,1,1,1,0,2,0,8,16,24,14,3,4,6,6,1,1
1704,2025-12-30,2025_26,Arsenal,Aston Villa,4,1,H,1.37,5.5,8.25,1.37,5.03,7.76,Pinnacle,1.37,5.5,8.25,0.7299270072992701,0.18181818181818182,0.12121212121212122,1.0329573103295733,0.032957310329573275,0.7066381156316915,0.17601713062098498,0.11734475374732332,2,1,1,0,24,13,8,5,6,2,3,1,1,1,2,2,1,1,11,12,14,15,8,4,3,6,1,1
1705,2025-12-30,2025_26,Man United,Wolves,1,1,D,1.38,5.4,8.25,1.37,5.04,7.63,Pinnacle,1.38,5.4,8.25,0.7246376811594204,0.18518518518518517,0.12121212121212122,1.0310349875567266,0.031034987556726623,0.7028255004969475,0.17961096123810877,0.11756353826494392,1,1,0,2,10,15,16,12,4,6,3,4,1,1,1,0,2,2,9,9,14,7,4,2,4,6,1,1
1706,2026-01-01,2025_26,Sunderland,Man City,0,0,D,7.75,4.9,1.44,7.23,4.7,1.42,Pinnacle,7.75,4.9,1.44,0.12903225806451613,0.2040816326530612,0.6944444444444444,1.0275583351620217,0.027558335162021663,0.12557171077218773,0.198608318058052,0.6758199711697603,1,0,1,0,8,14,17,16,3,6,6,4,1,1,2,3,1,0,16,17,7,7,5,8,2,3,1,1
1707,2026-01-01,2025_26,Crystal Palace,Fulham,1,1,D,2.29,3.31,3.47,2.22,3.27,3.34,Pinnacle,2.29,3.31,3.47,0.4366812227074236,0.3021148036253776,0.2881844380403458,1.026980464373147,0.02698046437314705,0.4252088894154058,0.29417775128739554,0.28061335929719866,0,1,1,4,15,9,8,20,2,3,4,8,1,1,1,1,0,0,15,11,11,12,4,1,2,2,1,1
1708,2026-01-01,2025_26,Liverpool,Leeds,0,0,D,1.48,4.65,7.25,1.47,4.45,6.68,Pinnacle,1.48,4.65,7.25,0.6756756756756757,0.2150537634408602,0.13793103448275862,1.0286604735992946,0.028660473599294578,0.6568500423774221,0.2090619489717386,0.13408800865083925,2,2,1,1,14,8,9,15,4,4,4,4,1,1,1,4,1,1,17,20,8,9,6,8,3,3,1,1
1709,2026-01-01,2025_26,Brentford,Tottenham,0,0,D,2.52,3.45,2.94,2.4,3.4,2.91,Pinnacle,2.52,3.45,2.94,0.3968253968253968,0.2898550724637681,0.3401360544217687,1.0268165237109337,0.026816523710933682,0.3864618338934229,0.28228516562650025,0.3312530004800768,4,2,1,0,15,7,20,9,7,6,10,2,1,1,1,1,0,2,8,15,15,8,4,4,2,4,1,1
1710,2026-01-03,2025_26,Wolves,West Ham,3,0,H,2.73,3.4,2.72,2.63,3.36,2.66,Pinnacle,2.73,3.4,2.72,0.3663003663003663,0.29411764705882354,0.3676470588235294,1.0280650721827191,0.028065072182719142,0.356300759758973,0.28608855121823423,0.35761068902279275,1,1,1,2,11,9,15,14,4,4,6,4,1,1,2,0,2,1,10,11,16,15,4,2,6,4,1,1
1711,2026-01-03,2025_26,Bournemouth,Arsenal,2,3,A,6.3,4.55,1.53,5.95,4.43,1.51,Pinnacle,6.3,4.55,1.53,0.15873015873015872,0.21978021978021978,0.6535947712418301,1.0321051497522085,0.03210514975220846,0.15379262352122477,0.2129436325678497,0.6332637439109257,2,1,2,4,17,20,17,15,6,10,3,7,1,1,4,2,1,1,22,24,11,8,7,6,3,3,1,1
1712,2026-01-03,2025_26,Aston Villa,Nott'm Forest,3,1,H,1.96,3.49,4.29,1.9,3.51,4.1,Pinnacle,1.96,3.49,4.29,0.5102040816326531,0.28653295128939826,0.2331002331002331,1.0298372660222843,0.029837266022284314,0.4954220423614122,0.27823129026600796,0.2263466673725799,1,2,4,1,11,11,22,14,3,8,7,3,1,1,0,1,2,2,21,7,11,16,6,2,3,5,1,1
1713,2026-01-03,2025_26,Brighton,Burnley,2,0,H,1.47,4.6,7.55,1.45,4.51,7.0,Pinnacle,1.47,4.6,7.55,0.6802721088435374,0.2173913043478261,0.13245033112582782,1.0301137443171913,0.03011374431719127,0.6603854308287619,0.2110362137648435,0.1285783554063947,2,1,2,2,16,8,10,24,6,3,4,6,1,1,1,0,3,0,15,16,20,15,4,0,9,6,1,1
1714,2026-01-04,2025_26,Leeds,Man United,1,1,D,2.77,3.4,2.68,2.73,3.3,2.59,Pinnacle,2.77,3.4,2.68,0.36101083032490977,0.29411764705882354,0.3731343283582089,1.0282628057419423,0.028262805741942287,0.3510880956784415,0.28603353677331855,0.3628783675482399,0,1,0,1,4,17,19,8,2,6,4,3,1,1,1,1,1,0,15,10,11,16,6,4,4,3,1,1
1715,2026-01-04,2025_26,Everton,Brentford,2,4,A,2.53,3.24,3.09,2.46,3.16,3.01,Pinnacle,2.53,3.24,3.09,0.3952569169960475,0.30864197530864196,0.3236245954692557,1.0275234877739452,0.0275234877739452,0.3846694715002017,0.3003746181776266,0.31495591032217163,2,0,0,0,11,15,21,16,3,6,6,0,1,1,0,4,0,1,7,15,9,20,2,7,3,10,1,1
1716,2026-01-04,2025_26,Newcastle,Crystal Palace,2,0,H,1.69,4.0,5.19,1.68,3.93,4.9,Pinnacle,1.69,4.0,5.19,0.591715976331361,0.25,0.19267822736030826,1.0343942036916691,0.03439420369166912,0.5720410789422201,0.24168735585308798,0.18627156520469207,3,0,1,1,20,16,15,10,9,3,4,4,1,1,1,0,1,1,11,15,17,8,2,2,5,4,1,1
1717,2026-01-04,2025_26,Tottenham,Sunderland,1,1,D,2.01,3.46,4.22,1.97,3.39,3.95,Pinnacle,2.01,3.46,4.22,0.49751243781094534,0.28901734104046245,0.23696682464454977,1.0234966034959576,0.023496603495957613,0.4860909514614821,0.28238231573340433,0.2315267328051135,0,1,0,0,9,8,7,15,3,4,2,2,1,1,0,1,0,1,10,8,14,17,4,3,4,6,1,1
1718,2026-01-04,2025_26,Fulham,Liverpool,2,2,D,4.39,3.67,1.91,4.07,3.61,1.88,Pinnacle,4.39,3.67,1.91,0.22779043280182235,0.2724795640326976,0.5235602094240838,1.0238302062586038,0.02383020625860377,0.2224884862835215,0.2661374536197982,0.5113740600966802,1,1,1,0,17,15,11,11,5,4,2,2,1,1,0,2,0,1,19,14,4,9,4,4,2,4,1,1
1719,2026-01-04,2025_26,Man City,Chelsea,1,1,D,1.48,5.05,6.35,1.47,4.9,5.88,Pinnacle,1.48,5.05,6.35,0.6756756756756757,0.19801980198019803,0.15748031496062992,1.0311757926165035,0.031175792616503495,0.6552478059645073,0.19203302036187542,0.15271917367361745,0,2,0,1,14,16,10,7,4,5,4,2,1,1,2,1,2,2,17,14,17,11,3,3,6,8,1,1
1720,2026-01-06,2025_26,West Ham,Nott'm Forest,1,2,A,3.05,3.5,2.41,2.92,3.39,2.39,Pinnacle,3.05,3.5,2.41,0.3278688524590164,0.2857142857142857,0.41493775933609955,1.0285208975094018,0.028520897509401788,0.3187770450293834,0.2777914249541769,0.40343153001643955,0,2,3,2,6,10,11,16,0,4,8,6,1,1,1,0,3,2,10,21,11,11,5,6,4,3,1,1
1721,2026-01-07,2025_26,Newcastle,Leeds,4,3,H,1.65,4.04,5.57,1.61,3.94,5.56,Pinnacle,1.65,4.04,5.57,0.6060606060606061,0.24752475247524752,0.17953321364452424,1.0331185721803777,0.033118572180377726,0.5866321856759639,0.23958987781320307,0.17377793651083312,2,3,0,1,12,20,11,15,7,9,1,4,1,1,1,0,1,0,11,4,15,19,3,2,2,4,1,1
1722,2026-01-07,2025_26,Fulham,Chelsea,2,1,H,3.7,3.58,2.09,3.61,3.56,2.01,Pinnacle,3.7,3.58,2.09,0.27027027027027023,0.27932960893854747,0.47846889952153115,1.0280687787303489,0.028068778730348853,0.26289123438224665,0.27170323106545047,0.4654055345523028,2,1,2,1,8,17,10,11,2,5,2,2,1,1,1,2,1,2,8,17,14,17,3,3,3,6,1,1
1723,2026-01-07,2025_26,Everton,Wolves,1,1,D,1.89,3.52,4.6,1.84,3.46,4.51,Pinnacle,1.89,3.52,4.6,0.5291005291005292,0.2840909090909091,0.2173913043478261,1.0305827425392644,0.030582742539264407,0.513399368397022,0.27566045632681013,0.21094017527616776,2,2,4,0,14,11,11,21,6,3,7,6,1,1,3,1,0,1,11,11,6,15,8,4,0,6,1,1
1724,2026-01-07,2025_26,Burnley,Man United,2,2,D,4.98,3.87,1.74,4.8,3.76,1.72,Pinnacle,4.98,3.87,1.74,0.2008032128514056,0.25839793281653745,0.5747126436781609,1.033913789346104,0.033913789346103895,0.1942165922541792,0.2499221264666182,0.5558612812792026,0,1,2,3,5,15,15,20,3,4,4,9,1,1,1,1,1,1,15,15,11,11,2,6,3,4,1,1
1725,2026-01-07,2025_26,Brentford,Sunderland,3,0,H,2.08,3.17,4.3,2.01,3.22,4.07,Pinnacle,2.08,3.17,4.3,0.4807692307692307,0.31545741324921134,0.23255813953488372,1.0287847835533257,0.0287847835533257,0.467317594947992,0.3066311033097235,0.22605130174228455,4,0,2,0,11,7,14,9,7,2,6,3,1,1,1,0,1,0,10,10,13,14,3,4,5,4,1,1
1726,2026-01-07,2025_26,Crystal Palace,Aston Villa,0,0,D,3.08,3.4,2.45,2.99,3.33,2.38,Pinnacle,3.08,3.4,2.45,0.3246753246753247,0.29411764705882354,0.4081632653061224,1.0269562370402707,0.026956237040270725,0.31615302869287987,0.2863974495217853,0.39744952178533466,0,1,2,1,11,11,12,17,1,2,7,5,1,1,3,1,1,4,11,11,10,22,4,3,5,7,1,1
1727,2026-01-07,2025_26,Bournemouth,Tottenham,3,2,H,2.25,3.64,3.23,2.17,3.51,3.21,Pinnacle,2.25,3.64,3.23,0.4444444444444444,0.2747252747252747,0.30959752321981426,1.0287672423895333,0.02876724238953332,0.4320165204834152,0.2670431788702429,0.3009403006463419,2,2,3,2,15,17,12,17,3,6,5,3,1,1,1,0,1,0,13,9,10,7,5,3,3,2,1,1
1728,2026-01-07,2025_26,Man City,Brighton,1,1,D,1.53,4.63,6.1,1.5,4.62,5.79,Pinnacle,1.53,4.63,6.1,0.6535947712418301,0.2159827213822894,0.1639344262295082,1.0335119188536277,0.0335119188536277,0.6324017742986437,0.20897942001661446,0.1586188056847418,1,0,1,0,14,14,8,10,3,4,3,4,1,1,2,2,0,2,15,16,5,10,4,6,3,4,1,1
1729,2026-01-08,2025_26,Arsenal,Liverpool,0,0,D,1.59,4.4,5.75,1.57,4.16,5.65,Pinnacle,1.59,4.4,5.75,0.6289308176100629,0.22727272727272727,0.17391304347826086,1.030116588361051,0.030116588361051022,0.6105433353041254,0.22062815980308167,0.16882850489279294,3,4,2,1,12,22,15,11,5,7,3,3,1,1,2,0,2,0,10,19,8,4,2,4,2,2,1,1
1730,2026-01-17,2025_26,Man United,Man City,2,0,H,,,,3.01,3.63,2.23,Average,3.01,3.63,2.23,0.33222591362126247,0.27548209366391185,0.4484304932735426,1.056138500558717,0.05613850055871694,0.3145666155011949,0.2608389842034702,0.42459440029533485,2,1,2,1,30,15,7,11,10,2,1,3,1,1,1,1,1,1,22,14,6,8,6,3,3,3,1,1
1731,2026-01-17,2025_26,Chelsea,Brentford,2,0,H,,,,1.86,3.78,3.93,Average,1.86,3.78,3.93,0.5376344086021505,0.2645502645502646,0.2544529262086514,1.0566375993610666,0.056637599361066604,0.5088162762022194,0.25036991368680644,0.24081381011097408,1,1,2,1,14,8,16,14,6,3,5,3,1,1,3,4,0,2,18,11,11,14,6,7,3,6,1,1
1732,2026-01-17,2025_26,Leeds,Fulham,1,0,H,,,,2.31,3.34,3.1,Average,2.31,3.34,3.1,0.4329004329004329,0.29940119760479045,0.3225806451612903,1.0548822756665137,0.054882275666513713,0.4103779567505866,0.2838242754772021,0.3057977677722113,3,1,4,1,14,11,18,15,6,3,8,2,1,1,2,2,1,2,16,8,14,10,5,2,6,2,1,1
1733,2026-01-17,2025_26,Sunderland,Crystal Palace,2,1,H,,,,2.38,3.13,3.15,Average,2.38,3.13,3.15,0.42016806722689076,0.3194888178913738,0.31746031746031744,1.057117202578582,0.057117202578581994,0.3974659254451562,0.3022264864407258,0.300307588114118,0,1,3,1,11,10,18,13,3,3,6,5,1,1,0,0,0,2,11,11,15,12,5,1,3,7,1,1
1734,2026-01-17,2025_26,Tottenham,West Ham,1,2,A,,,,1.84,3.72,4.13,Average,1.84,3.72,4.13,0.5434782608695652,0.26881720430107525,0.24213075060532688,1.0544262157759674,0.0544262157759674,0.5154255961566848,0.2549416927226613,0.22963271112065378,2,1,3,1,16,13,11,10,4,5,3,3,1,1,1,0,2,3,14,6,13,11,3,0,5,8,1,1
1735,2026-01-17,2025_26,Nott'm Forest,Arsenal,0,0,D,,,,5.79,3.87,1.6,Average,5.79,3.87,1.6,0.17271157167530224,0.25839793281653745,0.625,1.0561095044918396,0.0561095044918396,0.16353566646330353,0.2446696405226169,0.5917946930140796,2,1,1,3,13,10,14,11,5,5,3,4,1,1,0,3,0,2,9,12,8,15,4,5,0,3,1,1
1736,2026-01-17,2025_26,Liverpool,Burnley,1,1,D,,,,1.23,6.38,11.91,Average,1.23,6.38,11.91,0.8130081300813008,0.15673981191222572,0.08396305625524769,1.0537109982487742,0.05371099824877423,0.7715665219709085,0.14875028558373316,0.0796831924453583,0,2,0,2,8,10,9,8,0,2,4,2,1,1,2,0,2,2,7,5,30,15,1,3,10,4,1,1
1737,2026-01-18,2025_26,Wolves,Newcastle,0,0,D,,,,4.5,3.98,1.72,Average,4.5,3.98,1.72,0.2222222222222222,0.25125628140703515,0.5813953488372093,1.0548738524664667,0.0548738524664667,0.21066236659732393,0.23818609288642154,0.5511515405162546,1,3,1,0,13,11,13,6,4,8,2,0,1,1,4,2,3,0,18,12,14,11,8,7,6,1,1,1
1738,2026-01-18,2025_26,Aston Villa,Everton,0,1,A,,,,1.6,3.94,5.77,Average,1.6,3.94,5.77,0.625,0.25380710659898476,0.1733102253032929,1.0521173319022776,0.05211733190227763,0.5940402092511589,0.24123460274158737,0.16472518800725378,0,3,0,1,15,11,11,10,3,4,5,5,1,1,1,2,1,4,13,14,13,11,2,6,4,7,1,1
1739,2026-01-19,2025_26,Brighton,Bournemouth,1,1,D,,,,1.96,3.79,3.55,Average,1.96,3.79,3.55,0.5102040816326531,0.2638522427440633,0.28169014084507044,1.055746465221787,0.055746465221786945,0.4832638312698224,0.24992008160655724,0.26681608712362026,1,2,1,0,6,15,22,5,3,4,6,3,1,1,3,2,2,3,11,15,16,12,3,3,4,5,1,1
1740,2026-01-24,2025_26,Man City,Wolves,2,0,H,,,,1.3,5.63,9.5,Average,1.3,5.63,9.5,0.7692307692307692,0.17761989342806395,0.10526315789473684,1.0521138205535698,0.052113820553569834,0.7311288514640348,0.16882193728299208,0.1000492112529732,0,1,2,1,7,22,11,6,1,6,7,3,1,1,0,1,0,1,6,13,12,13,2,4,2,2,1,1
1741,2026-01-24,2025_26,Bournemouth,Liverpool,3,2,H,,,,4.21,3.98,1.77,Average,4.21,3.98,1.77,0.23752969121140144,0.25125628140703515,0.5649717514124294,1.053757724030866,0.05375772403086598,0.22541205231008477,0.23843837694106954,0.5361495707488457,1,3,1,2,11,11,17,16,2,3,5,4,1,1,1,0,1,0,32,8,7,9,11,0,1,4,1,1
1742,2026-01-24,2025_26,Burnley,Tottenham,2,2,D,,,,3.85,3.33,2.01,Average,3.85,3.33,2.01,0.2597402597402597,0.3003003003003003,0.49751243781094534,1.0575529978515052,0.05755299785150525,0.2456049581136271,0.28395768430554486,0.4704373575808281,1,2,1,2,7,7,32,30,1,1,11,10,1,1,1,2,2,3,21,16,17,11,6,4,4,3,1,1
1743,2026-01-24,2025_26,West Ham,Sunderland,3,1,H,,,,2.21,3.32,3.28,Average,2.21,3.32,3.28,0.45248868778280543,0.30120481927710846,0.3048780487804878,1.0585715558404016,0.058571555840401635,0.42745215029282924,0.2845389313696243,0.2880089183375465,2,1,1,2,17,14,21,13,4,3,6,5,1,1,2,0,1,3,13,11,6,18,7,3,2,6,1,1
1744,2026-01-24,2025_26,Fulham,Brighton,2,1,H,,,,2.57,3.28,2.76,Average,2.57,3.28,2.76,0.38910505836575876,0.3048780487804878,0.3623188405797102,1.0563019477259568,0.05630194772595676,0.3683653705301193,0.28862774459219714,0.3430068848776836,0,2,1,1,8,16,14,14,1,5,5,6,1,1,1,1,1,1,17,6,11,22,5,3,2,6,1,1
1745,2026-01-25,2025_26,Brentford,Nott'm Forest,0,2,A,,,,1.84,3.5,4.38,Average,1.84,3.5,4.38,0.5434782608695652,0.2857142857142857,0.22831050228310504,1.057503048866956,0.0575030488669559,0.5139259517519745,0.27017821463532377,0.21589583361270168,0,3,2,0,15,18,6,11,5,6,2,3,1,1,0,2,0,1,6,13,15,14,0,5,3,3,1,1
1746,2026-01-25,2025_26,Crystal Palace,Chelsea,1,3,A,,,,3.39,3.48,2.11,Average,3.39,3.48,2.11,0.2949852507374631,0.28735632183908044,0.47393364928909953,1.056275221865643,0.056275221865643044,0.27926930844448505,0.2720468263295414,0.4486838652259736,1,0,2,0,6,11,13,15,2,5,7,3,1,1,2,1,0,2,6,14,15,16,2,6,5,5,1,1
1747,2026-01-25,2025_26,Newcastle,Aston Villa,0,2,A,,,,2.15,3.53,3.26,Average,2.15,3.53,3.26,0.46511627906976744,0.28328611898017,0.3067484662576687,1.0551508643076062,0.055150864307606184,0.4408054760728253,0.26847925596503525,0.2907152679621394,0,4,0,3,12,18,6,14,2,8,2,6,1,1,0,0,1,0,18,15,9,11,5,3,3,5,1,1
1748,2026-01-25,2025_26,Arsenal,Man United,2,3,A,,,,1.54,4.32,5.69,Average,1.54,4.32,5.69,0.6493506493506493,0.23148148148148145,0.17574692442882248,1.0565790552609533,0.056579055260953304,0.6145783849465699,0.21908581315224945,0.1663358019011806,0,0,0,0,15,9,6,8,3,4,0,0,1,1,2,2,0,2,11,30,7,7,7,10,1,1,1,1
1749,2026-01-26,2025_26,Everton,Leeds,1,1,D,,,,2.49,3.07,3.03,Average,2.49,3.07,3.03,0.4016064257028112,0.32573289902280134,0.33003300330033003,1.0573723280259426,0.05737232802594261,0.3798155248233031,0.30805884586645765,0.31212562931023924,1,1,0,1,9,13,18,13,3,2,5,4,1,1,1,3,0,4,14,14,8,18,5,6,1,8,1,1
1750,2026-01-31,2025_26,Brighton,Everton,1,1,D,,,,1.91,3.47,4.08,Average,1.91,3.47,4.08,0.5235602094240838,0.2881844380403458,0.24509803921568626,1.056842686680116,0.05684268668011594,0.49540032402434026,0.2726843282093631,0.23191534776629655,1,1,2,1,13,17,12,11,5,5,4,2,1,1,1,1,1,0,10,9,14,18,3,3,4,5,1,1
1751,2026-01-31,2025_26,Leeds,Arsenal,0,4,A,,,,5.87,3.99,1.57,Average,5.87,3.99,1.57,0.17035775127768313,0.2506265664160401,0.6369426751592356,1.0579269928529589,0.05792699285295888,0.1610297803426603,0.2369034613061193,0.6020667583512204,1,1,1,0,14,14,10,8,4,5,3,1,1,1,2,0,3,0,15,15,10,6,4,3,3,0,1,1
1752,2026-01-31,2025_26,Wolves,Bournemouth,0,2,A,,,,2.94,3.41,2.37,Average,2.94,3.41,2.37,0.3401360544217687,0.29325513196480935,0.42194092827004215,1.0553321146566201,0.055332114656620135,0.3223023820633383,0.2778794730985966,0.39981814483806516,0,0,2,0,11,6,11,12,1,2,4,2,1,1,3,1,2,1,12,11,14,17,5,2,4,5,1,1
1753,2026-01-31,2025_26,Chelsea,West Ham,3,2,H,,,,1.59,4.34,5.11,Average,1.59,4.34,5.11,0.6289308176100629,0.2304147465437788,0.19569471624266144,1.055040280396503,0.055040280396503105,0.5961201949310403,0.21839426496321523,0.18548554010574445,3,2,1,0,10,6,13,15,6,2,7,5,1,1,3,2,1,1,13,17,7,21,5,4,2,6,1,1
1754,2026-01-31,2025_26,Liverpool,Newcastle,4,1,H,,,,1.64,4.22,4.78,Average,1.64,4.22,4.78,0.6097560975609756,0.23696682464454977,0.20920502092050208,1.0559279431260276,0.05592794312602756,0.5774599503028776,0.22441571528358276,0.19812433441353958,2,1,3,1,14,32,12,7,4,11,5,1,1,1,0,0,2,0,15,12,14,6,4,2,8,2,1,1
1755,2026-02-01,2025_26,Tottenham,Man City,2,2,D,,,,4.98,4.01,1.65,Average,4.98,4.01,1.65,0.2008032128514056,0.24937655860349128,0.6060606060606061,1.056240377515503,0.056240377515502926,0.19011128255079257,0.23609830102317886,0.5737904164260286,2,1,2,2,18,21,9,17,11,6,4,4,1,1,2,0,0,2,11,7,11,11,4,1,1,7,1,1
1756,2026-02-01,2025_26,Nott'm Forest,Crystal Palace,1,1,D,,,,2.09,3.22,3.73,Average,2.09,3.22,3.73,0.47846889952153115,0.3105590062111801,0.2680965147453083,1.0571244204780195,0.057124420478019466,0.45261360938495115,0.29377715640203345,0.2536092342130155,2,0,0,0,7,6,10,15,2,0,1,3,1,1,1,1,3,2,13,6,10,13,7,2,6,7,1,1
1757,2026-02-01,2025_26,Man United,Fulham,3,2,H,,,,1.52,4.63,5.47,Average,1.52,4.63,5.47,0.6578947368421053,0.2159827213822894,0.18281535648994515,1.0566928147143397,0.056692814714339734,0.6225979089485498,0.20439499386647852,0.1730070971849718,3,2,2,0,10,11,15,7,3,7,4,1,1,1,2,0,1,1,12,8,13,14,4,1,5,5,1,1
1758,2026-02-01,2025_26,Aston Villa,Brentford,0,1,A,,,,2.3,3.32,3.13,Average,2.3,3.32,3.13,0.4347826086956522,0.30120481927710846,0.3194888178913738,1.0554762458641345,0.055476245864134466,0.4119302640863216,0.2853733757224517,0.3026963601912267,2,0,0,1,14,18,15,9,8,5,4,3,1,1,0,0,2,2,10,15,7,6,1,5,2,2,1,1
1759,2026-02-02,2025_26,Sunderland,Burnley,3,0,H,,,,1.91,3.23,4.46,Average,1.91,3.23,4.46,0.5235602094240838,0.30959752321981426,0.2242152466367713,1.0573729792806694,0.05737297928066942,0.4951518713673406,0.29279878461660086,0.21204934401605843,1,2,3,1,7,13,13,6,2,7,5,2,1,1,2,1,2,1,9,7,18,32,4,1,11,11,1,1
1760,2026-02-06,2025_26,Leeds,Nott'm Forest,3,1,H,,,,2.14,3.37,3.4,Average,2.14,3.37,3.4,0.4672897196261682,0.29673590504451036,0.29411764705882354,1.058143271729502,0.058143271729502066,0.44161290073923337,0.28043074408960217,0.2779563551711645,0,1,4,1,3,14,14,10,1,4,8,3,1,1,1,2,1,0,9,7,14,10,1,2,3,1,1,1
1761,2026-02-07,2025_26,Man United,Tottenham,2,0,H,,,,1.59,4.38,4.95,Average,1.59,4.38,4.95,0.6289308176100629,0.22831050228310504,0.20202020202020202,1.0592615219133699,0.05926152191336986,0.5937446084834742,0.21553742636728862,0.1907179651492372,3,3,2,2,13,10,14,15,6,3,6,4,1,1,2,2,2,2,12,18,15,9,6,11,3,4,1,1
1762,2026-02-07,2025_26,Arsenal,Sunderland,3,0,H,,,,1.26,5.65,12.04,Average,1.26,5.65,12.04,0.7936507936507936,0.17699115044247787,0.08305647840531562,1.053698422498587,0.05369842249858703,0.7532048797879431,0.16797135372262095,0.07882376648943593,4,2,0,3,14,15,3,10,8,4,1,3,1,1,3,1,0,3,14,7,5,13,5,2,0,5,1,1
1763,2026-02-07,2025_26,Bournemouth,Aston Villa,1,1,D,,,,2.84,3.58,2.35,Average,2.84,3.58,2.35,0.35211267605633806,0.27932960893854747,0.425531914893617,1.0569741998885025,0.0569741998885025,0.33313270663889577,0.26427287342303457,0.4025944199380697,2,3,0,2,9,12,17,14,4,5,7,4,1,1,0,2,1,0,27,14,6,15,5,8,2,4,1,1
1764,2026-02-07,2025_26,Burnley,West Ham,0,2,A,,,,3.11,3.58,2.19,Average,3.11,3.58,2.19,0.3215434083601286,0.27932960893854747,0.4566210045662101,1.057494021864886,0.05749402186488606,0.3040616795101009,0.2641429673956463,0.4317953530942529,0,2,3,2,5,9,14,18,0,4,5,11,1,1,2,3,3,1,11,13,14,7,6,5,6,2,1,1
1765,2026-02-07,2025_26,Fulham,Everton,1,2,A,,,,2.13,3.41,3.4,Average,2.13,3.41,3.4,0.4694835680751174,0.29325513196480935,0.29411764705882354,1.0568563470987502,0.056856347098750204,0.4442264735069523,0.277478706325457,0.2782948201675907,2,2,3,1,14,12,13,13,6,4,6,5,1,1,1,1,1,1,7,10,11,14,4,3,2,4,1,1
1766,2026-02-07,2025_26,Wolves,Chelsea,1,3,A,,,,5.31,4.19,1.58,Average,5.31,4.19,1.58,0.18832391713747648,0.2386634844868735,0.6329113924050632,1.0598987940294133,0.05989879402941334,0.17768103728236745,0.22517572982562553,0.5971432328920069,0,0,2,2,17,11,9,11,7,1,4,4,1,1,3,3,2,1,14,10,11,13,6,6,6,7,1,1
1767,2026-02-07,2025_26,Newcastle,Brentford,2,3,A,,,,1.92,3.7,3.77,Average,1.92,3.7,3.77,0.5208333333333334,0.27027027027027023,0.26525198938992045,1.056355592993524,0.056355592993523995,0.4930473571474017,0.2558516015467598,0.25110104130583855,1,0,4,2,8,15,17,14,2,4,7,8,1,1,1,0,0,2,6,10,27,7,2,1,5,2,1,1
1768,2026-02-08,2025_26,Liverpool,Man City,1,2,A,,,,2.15,3.84,3.01,Average,2.15,3.84,3.01,0.46511627906976744,0.2604166666666667,0.33222591362126247,1.0577588593576965,0.057758859357696535,0.4397186324227057,0.24619663013250453,0.3140847374447898,4,2,1,3,17,14,8,12,7,4,2,5,1,1,2,2,2,0,15,11,12,11,3,4,6,1,1,1
1769,2026-02-08,2025_26,Brighton,Crystal Palace,0,1,A,,,,2.19,3.27,3.39,Average,2.19,3.27,3.39,0.4566210045662101,0.3058103975535168,0.2949852507374631,1.05741665285719,0.05741665285719,0.4318269466746135,0.2892052028187778,0.2789678505066087,1,1,1,2,11,13,7,12,2,5,4,4,1,1,1,1,1,3,14,13,9,10,3,7,1,6,1,1
1770,2026-02-10,2025_26,Tottenham,Newcastle,1,2,A,,,,3.0,3.6,2.25,Average,3.0,3.6,2.25,0.3333333333333333,0.2777777777777778,0.4444444444444444,1.0555555555555556,0.05555555555555558,0.3157894736842105,0.2631578947368421,0.42105263157894735,0,2,2,2,7,12,23,15,1,6,10,3,1,1,2,1,3,4,16,8,11,17,4,2,5,7,1,1
1771,2026-02-10,2025_26,West Ham,Man United,1,1,D,,,,4.47,4.15,1.69,Average,4.47,4.15,1.69,0.2237136465324385,0.24096385542168672,0.591715976331361,1.0563934782854862,0.05639347828548624,0.21177113559572805,0.22810047617178414,0.5601283882324878,2,2,0,3,6,11,18,14,4,6,5,6,1,1,2,3,0,2,23,13,7,14,10,6,1,6,1,1
1772,2026-02-10,2025_26,Chelsea,Leeds,2,2,D,,,,1.51,4.4,6.03,Average,1.51,4.4,6.03,0.6622516556291391,0.22727272727272727,0.16583747927031509,1.0553618621721814,0.05536186217218142,0.6275114530537141,0.21535052138888822,0.15713802555739773,3,3,1,2,15,14,11,11,6,6,3,6,1,1,3,0,1,4,14,3,16,14,5,1,6,8,1,1
1773,2026-02-10,2025_26,Everton,Bournemouth,1,2,A,,,,2.32,3.41,3.0,Average,2.32,3.41,3.0,0.4310344827586207,0.29325513196480935,0.3333333333333333,1.0576229480567634,0.05762294805676338,0.4075502366420729,0.27727758035472405,0.31517218300320304,2,1,1,1,16,7,13,11,3,4,3,2,1,1,1,2,1,0,20,9,7,17,9,4,4,7,1,1
1774,2026-02-11,2025_26,Aston Villa,Brighton,1,0,H,,,,2.06,3.69,3.34,Average,2.06,3.69,3.34,0.4854368932038835,0.2710027100271003,0.29940119760479045,1.0558408008357743,0.05584080083577425,0.45976334009788705,0.2566700489435359,0.28356661095857705,1,0,1,1,7,27,20,6,4,5,9,2,1,1,0,1,1,1,7,11,7,7,2,2,4,4,1,1
1775,2026-02-11,2025_26,Crystal Palace,Burnley,2,3,A,,,,1.46,4.45,6.9,Average,1.46,4.45,6.9,0.684931506849315,0.2247191011235955,0.14492753623188406,1.0545781442047946,0.054578144204794565,0.6494838818851003,0.21308909383196548,0.13742702428293427,1,1,0,1,7,14,7,9,4,3,2,1,1,1,0,0,2,3,18,5,6,14,5,0,4,5,1,1
1776,2026-02-11,2025_26,Man City,Fulham,3,0,H,,,,1.37,5.23,7.38,Average,1.37,5.23,7.38,0.7299270072992701,0.19120458891013384,0.13550135501355015,1.056632951222954,0.056632951222953976,0.6908046985042893,0.18095648890074115,0.1282388125949697,2,2,1,2,17,15,15,12,7,3,4,6,1,1,1,2,2,3,13,14,16,13,3,6,3,6,1,1
1777,2026-02-11,2025_26,Nott'm Forest,Wolves,0,0,D,,,,1.73,3.79,4.66,Average,1.73,3.79,4.66,0.5780346820809249,0.2638522427440633,0.2145922746781116,1.0564791995030998,0.056479199503099764,0.5471330456414054,0.24974674642734335,0.20312020793125135,1,1,3,1,16,9,14,14,6,1,5,3,1,1,1,0,3,2,11,17,15,9,3,7,6,4,1,1
1778,2026-02-11,2025_26,Sunderland,Liverpool,0,1,A,,,,4.45,3.83,1.75,Average,4.45,3.83,1.75,0.2247191011235955,0.2610966057441253,0.5714285714285714,1.057244278296292,0.057244278296292084,0.2125517306990978,0.24695958266605358,0.5404886866348487,0,3,3,0,5,14,16,5,3,5,5,0,1,1,1,4,2,1,15,17,17,8,4,7,7,2,1,1
1779,2026-02-12,2025_26,Brentford,Arsenal,1,1,D,,,,5.08,3.77,1.68,Average,5.08,3.77,1.68,0.19685039370078738,0.26525198938992045,0.5952380952380952,1.0573404783288032,0.05734047832880318,0.18617502851297485,0.25086714717398206,0.562957824313043,3,1,2,0,11,6,16,27,5,2,4,5,1,1,3,4,0,0,16,14,5,3,5,8,3,1,1,1
1780,2026-02-18,2025_26,Wolves,Arsenal,2,2,D,,,,12.35,5.93,1.24,Average,12.35,5.93,1.24,0.08097165991902834,0.16863406408094436,0.8064516129032259,1.0560573369031987,0.056057336903198696,0.0766735451660902,0.15968267838131772,0.763643776452592,0,1,0,3,7,11,35,15,3,3,10,6,1,1,1,3,1,0,7,16,12,5,2,5,3,3,1,1
1781,2026-02-21,2025_26,Aston Villa,Leeds,1,1,D,,,,1.82,3.68,4.18,Average,1.82,3.68,4.18,0.5494505494505494,0.2717391304347826,0.23923444976076558,1.0604241296460977,0.06042412964609767,0.518142254678721,0.2562551368248022,0.22560260849647665,1,1,0,1,15,7,9,20,1,4,3,9,1,1,2,3,2,1,4,14,19,16,2,5,4,6,1,1
1782,2026-02-21,2025_26,Brentford,Brighton,0,2,A,,,,2.25,3.39,3.13,Average,2.25,3.39,3.13,0.4444444444444444,0.2949852507374631,0.3194888178913738,1.0589185130732812,0.05891851307328122,0.4197154350947561,0.2785721914345727,0.3017123734706713,1,3,1,2,12,11,7,16,3,5,2,4,1,1,0,0,1,1,9,7,15,7,3,2,1,4,1,1
1783,2026-02-21,2025_26,Chelsea,Burnley,1,1,D,,,,1.23,6.31,11.6,Average,1.23,6.31,11.6,0.8130081300813008,0.1584786053882726,0.08620689655172414,1.0576936320212975,0.057693632021297514,0.7686612696415763,0.14983413021539446,0.08150460014302922,2,3,2,1,19,15,4,11,4,6,2,3,1,1,3,0,2,2,8,18,21,6,3,5,3,4,1,1
1784,2026-02-21,2025_26,West Ham,Bournemouth,0,0,D,,,,2.66,3.62,2.46,Average,2.66,3.62,2.46,0.37593984962406013,0.27624309392265195,0.4065040650406504,1.0586870085873625,0.05868700858736253,0.3551000877262939,0.2609298987160061,0.38397001355769994,1,2,1,0,7,6,9,18,3,4,3,5,1,1,2,1,1,1,11,20,16,7,4,9,6,4,1,1
1785,2026-02-21,2025_26,Man City,Newcastle,2,1,H,,,,1.54,4.63,5.31,Average,1.54,4.63,5.31,0.6493506493506493,0.2159827213822894,0.18832391713747648,1.0536572878704151,0.05365728787041513,0.6162825966525373,0.20498384424296054,0.17873355910450234,3,2,0,1,13,17,14,15,5,7,3,4,1,1,2,2,1,3,21,16,16,11,5,4,2,5,1,1
1786,2026-02-22,2025_26,Tottenham,Arsenal,1,4,A,,,,7.2,4.35,1.45,Average,7.2,4.35,1.45,0.1388888888888889,0.2298850574712644,0.6896551724137931,1.0584291187739465,0.05842911877394652,0.13122171945701355,0.21719457013574658,0.6515837104072397,1,0,2,2,16,7,21,23,2,1,5,10,1,1,2,1,2,1,10,7,5,12,4,2,2,3,1,1
1787,2026-02-22,2025_26,Sunderland,Fulham,1,3,A,,,,2.85,3.18,2.55,Average,2.85,3.18,2.55,0.3508771929824561,0.31446540880503143,0.3921568627450981,1.0574994645325857,0.0574994645325857,0.3317989320567114,0.29736696740931684,0.37083410053397164,0,0,1,3,11,5,23,16,2,3,3,5,1,1,0,1,3,2,14,13,13,16,3,3,5,3,1,1
1788,2026-02-22,2025_26,Crystal Palace,Wolves,1,0,H,,,,1.77,3.71,4.44,Average,1.77,3.71,4.44,0.5649717514124294,0.2695417789757412,0.2252252252252252,1.0597387556133957,0.0597387556133957,0.5331236103424506,0.25434738283184294,0.2125290068257066,2,1,3,0,21,7,8,7,3,4,3,2,1,1,2,0,2,0,5,7,10,35,2,3,4,10,1,1
1789,2026-02-22,2025_26,Nott'm Forest,Liverpool,0,1,A,,,,3.83,3.78,1.87,Average,3.83,3.78,1.87,0.2610966057441253,0.2645502645502646,0.53475935828877,1.06040622858316,0.060406228583159916,0.24622319136410975,0.2494801118847991,0.5042966967510911,0,1,0,3,35,16,7,14,10,6,3,5,1,1,1,1,0,2,23,15,11,17,3,4,2,7,1,1
1790,2026-02-23,2025_26,Everton,Man United,0,1,A,,,,3.52,3.62,1.99,Average,3.52,3.62,1.99,0.2840909090909091,0.27624309392265195,0.5025125628140703,1.0628465658276314,0.06284656582763137,0.2672924937850173,0.2599087232384698,0.4727987829765129,1,2,2,1,16,16,11,13,6,3,4,3,1,1,1,2,1,0,9,23,7,7,3,10,3,1,1,1
1791,2026-02-27,2025_26,Wolves,Aston Villa,2,0,H,,,,4.6,3.74,1.74,Average,4.6,3.74,1.74,0.2173913043478261,0.267379679144385,0.5747126436781609,1.059483627170372,0.05948362717037203,0.20518609138720378,0.2523679198880046,0.5424459887247916,0,2,1,2,12,5,14,10,7,2,3,4,1,1,1,1,1,0,16,15,14,9,4,1,4,3,1,1
1792,2026-02-28,2025_26,Bournemouth,Sunderland,1,1,D,,,,1.8,3.68,4.27,Average,1.8,3.68,4.27,0.5555555555555556,0.2717391304347826,0.234192037470726,1.061486723461064,0.0614867234610641,0.5233749450432327,0.25599861442332034,0.22062644053344704,0,2,0,1,10,11,20,16,5,4,3,6,1,1,1,0,3,1,12,11,12,23,2,2,4,3,1,1
1793,2026-02-28,2025_26,Burnley,Brentford,3,4,A,,,,4.34,3.79,1.77,Average,4.34,3.79,1.77,0.2304147465437788,0.2638522427440633,0.5649717514124294,1.0592387407002715,0.059238740700271464,0.2175286247474764,0.24909610327283577,0.5333752719796879,1,3,1,2,12,8,12,21,4,3,2,3,1,1,0,1,2,1,13,12,11,7,3,3,7,2,1,1
1794,2026-02-28,2025_26,Liverpool,West Ham,5,2,H,,,,1.41,4.98,6.69,Average,1.41,4.98,6.69,0.7092198581560284,0.2008032128514056,0.14947683109118085,1.0594999020986149,0.05949990209861489,0.6693911502504476,0.18952641001066886,0.14108243973888354,1,1,0,0,10,23,18,11,4,3,2,2,1,1,0,1,0,1,20,7,10,9,3,3,5,3,1,1
1795,2026-02-28,2025_26,Newcastle,Everton,2,3,A,,,,1.78,3.73,4.34,Average,1.78,3.73,4.34,0.5617977528089888,0.2680965147453083,0.2304147465437788,1.0603090140980758,0.060309014098075764,0.5298434186064781,0.25284752952266243,0.21730905187085964,1,2,2,1,13,21,15,16,7,5,7,2,1,1,0,1,1,2,12,16,11,11,4,6,3,4,1,1
1796,2026-02-28,2025_26,Leeds,Man City,0,1,A,,,,4.77,3.91,1.69,Average,4.77,3.91,1.69,0.20964360587002098,0.2557544757033248,0.591715976331361,1.0571140579047067,0.057114057904706694,0.19831692171945295,0.2419365004096651,0.559746577870882,1,2,1,2,14,4,16,19,4,2,4,4,1,1,2,3,1,0,15,13,13,14,7,5,7,3,1,1
1797,2026-03-01,2025_26,Brighton,Nott'm Forest,2,1,H,,,,2.09,3.39,3.48,Average,2.09,3.39,3.48,0.47846889952153115,0.2949852507374631,0.28735632183908044,1.0608104720980747,0.060810472098074664,0.45104089006136383,0.2780753569994839,0.27088375293915234,2,0,0,1,11,9,13,15,7,3,3,1,1,1,0,0,1,0,18,35,10,7,2,10,4,3,1,1
1798,2026-03-01,2025_26,Fulham,Tottenham,2,1,H,,,,2.02,3.66,3.45,Average,2.02,3.66,3.45,0.49504950495049505,0.27322404371584696,0.2898550724637681,1.0581286211301102,0.05812862113011019,0.4678538081899426,0.25821439686985903,0.2739317949401983,3,0,1,3,12,14,12,13,4,3,2,5,1,1,1,1,4,2,6,16,20,21,5,2,7,5,1,1
1799,2026-03-01,2025_26,Man United,Crystal Palace,2,1,H,,,,1.51,4.35,5.95,Average,1.51,4.35,5.95,0.6622516556291391,0.2298850574712644,0.1680672268907563,1.0602039399911598,0.060203939991159805,0.6246455334194109,0.2168309782674277,0.1585234883131614,1,1,0,1,11,9,12,7,3,3,4,3,1,1,1,2,0,3,14,21,12,8,3,3,7,3,1,1
1800,2026-03-01,2025_26,Arsenal,Chelsea,2,1,H,,,,1.5,4.36,6.05,Average,1.5,4.36,6.05,0.6666666666666666,0.2293577981651376,0.1652892561983471,1.0613137210301513,0.061313721030151314,0.628152311099469,0.2161074464791751,0.15574024242135595,4,2,1,2,20,10,6,5,7,4,5,2,1,1,1,2,1,2,12,19,12,4,2,4,4,2,1,1
1801,2026-03-03,2025_26,Wolves,Liverpool,2,1,H,,,,6.85,4.71,1.43,Average,6.85,4.71,1.43,0.14598540145985403,0.21231422505307856,0.6993006993006994,1.057600325813632,0.05760032581363195,0.13803456551277507,0.2007509073805752,0.6612145271066497,2,0,0,1,9,12,14,14,2,7,5,3,1,1,5,1,2,0,18,10,11,18,7,4,4,2,1,1
1802,2026-03-03,2025_26,Leeds,Sunderland,0,1,A,,,,1.81,3.51,4.51,Average,1.81,3.51,4.51,0.5524861878453039,0.2849002849002849,0.22172949002217296,1.0591159627677618,0.059115962767761765,0.5216484381951012,0.26899819747382714,0.20935336433107166,0,1,1,1,14,14,14,16,2,4,5,4,1,1,1,1,1,3,8,12,21,12,4,2,5,4,1,1
1803,2026-03-03,2025_26,Everton,Burnley,2,0,H,,,,1.61,3.78,5.73,Average,1.61,3.78,5.73,0.6211180124223602,0.2645502645502646,0.17452006980802792,1.0601883467806528,0.06018834678065277,0.5858562908264697,0.2495313831297927,0.16461232604373757,3,0,2,1,9,12,17,11,5,4,7,3,1,1,3,1,4,1,12,12,16,12,3,4,7,2,1,1
1804,2026-03-03,2025_26,Bournemouth,Brentford,0,0,D,,,,2.5,3.56,2.65,Average,2.5,3.56,2.65,0.4,0.2808988764044944,0.37735849056603776,1.0582573669705322,0.05825736697053219,0.3779798870147041,0.2654353139148203,0.3565847990704756,1,0,1,0,21,10,8,20,5,5,4,3,1,1,4,0,3,2,16,13,12,11,7,3,3,7,1,1
1805,2026-03-04,2025_26,Aston Villa,Chelsea,1,4,A,,,,2.64,3.48,2.54,Average,2.64,3.48,2.54,0.3787878787878788,0.28735632183908044,0.39370078740157477,1.059844988028534,0.05984498802853411,0.357399320718098,0.2711305191654536,0.3714701601164483,0,1,2,1,14,16,9,14,5,4,2,4,1,1,1,1,2,1,9,12,12,12,3,2,5,4,1,1
1806,2026-03-04,2025_26,Brighton,Arsenal,0,1,A,,,,5.03,3.84,1.67,Average,5.03,3.84,1.67,0.19880715705765406,0.2604166666666667,0.5988023952095809,1.0580262189339016,0.058026218933901585,0.187903809470788,0.24613441709324577,0.5659617734359663,2,2,1,0,14,11,13,13,7,7,4,3,1,1,2,4,1,1,12,20,9,6,5,7,3,5,1,1
1807,2026-03-04,2025_26,Fulham,West Ham,0,1,A,,,,2.2,3.51,3.13,Average,2.2,3.51,3.13,0.45454545454545453,0.2849002849002849,0.3194888178913738,1.0589345573371132,0.05893455733711317,0.4292479184818495,0.26904427939033304,0.30170780212781756,2,3,1,1,18,12,13,12,4,4,1,2,1,1,2,0,5,0,11,20,18,10,4,3,7,5,1,1
1808,2026-03-04,2025_26,Man City,Nott'm Forest,2,2,D,,,,1.39,4.83,7.62,Average,1.39,4.83,7.62,0.7194244604316548,0.20703933747412007,0.13123359580052493,1.0576973937062997,0.05769739370629967,0.6801798555168075,0.1957453414427251,0.12407480304046749,1,2,0,1,14,15,14,13,5,7,2,7,1,1,1,0,2,1,13,18,14,10,4,2,7,4,1,1
1809,2026-03-04,2025_26,Newcastle,Man United,2,1,H,,,,2.56,3.62,2.52,Average,2.56,3.62,2.52,0.390625,0.27624309392265195,0.3968253968253968,1.0636934907480486,0.06369349074804864,0.3672345496119288,0.2597017809410325,0.3730636694470388,2,1,3,2,17,13,9,15,7,7,5,7,1,1,2,1,1,0,20,11,8,12,11,3,3,4,1,1
1810,2026-03-05,2025_26,Tottenham,Crystal Palace,1,3,A,,,,2.44,3.37,2.83,Average,2.44,3.37,2.83,0.4098360655737705,0.29673590504451036,0.35335689045936397,1.059928861077645,0.059928861077644946,0.3866637475623452,0.27995832167718754,0.3333779307604672,1,1,2,4,13,6,18,20,1,5,4,7,1,1,1,1,2,0,8,14,20,12,3,3,11,7,1,1
1811,2026-03-14,2025_26,Burnley,Bournemouth,0,0,D,,,,3.92,3.93,1.82,Average,3.92,3.93,1.82,0.25510204081632654,0.2544529262086514,0.5494505494505494,1.0590055164755272,0.05900551647552721,0.24088830213588575,0.24027535480220666,0.5188363430619077,0,3,2,4,5,12,14,16,2,3,5,7,1,1,0,1,0,1,13,21,5,8,2,5,2,4,1,1
1812,2026-03-14,2025_26,Sunderland,Brighton,0,1,A,,,,3.64,3.46,2.01,Average,3.64,3.46,2.01,0.2747252747252747,0.28901734104046245,0.49751243781094534,1.0612550535766825,0.06125505357668248,0.25886828411265045,0.2723354202803606,0.46879629560698893,1,1,0,1,3,8,18,21,1,4,4,5,1,1,0,2,1,1,11,14,7,13,3,7,2,4,1,1
1813,2026-03-14,2025_26,Arsenal,Everton,2,0,H,,,,1.37,4.65,8.58,Average,1.37,4.65,8.58,0.7299270072992701,0.2150537634408602,0.11655011655011654,1.061530887290247,0.061530887290246916,0.687617304440894,0.20258832410409133,0.10979437145501454,1,2,0,1,7,12,11,9,2,5,3,3,1,1,2,3,0,2,14,9,5,17,5,5,2,7,1,1
1814,2026-03-14,2025_26,Chelsea,Newcastle,0,1,A,,,,1.69,4.24,4.3,Average,1.69,4.24,4.3,0.591715976331361,0.23584905660377356,0.23255813953488372,1.0601231724700182,0.060123172470018194,0.5581577610012063,0.2224732585122732,0.2193689804865206,4,1,1,2,15,9,9,12,8,3,4,5,1,1,2,2,1,3,12,17,14,9,5,7,5,5,1,1
1815,2026-03-14,2025_26,West Ham,Man City,1,1,D,,,,4.81,4.16,1.63,Average,4.81,4.16,1.63,0.2079002079002079,0.24038461538461536,0.6134969325153374,1.0617817558001608,0.061781755800160765,0.19580314576372987,0.22639738728931263,0.5777994669469575,1,2,0,5,9,11,13,18,3,4,5,7,1,1,2,1,2,0,21,14,9,14,7,5,4,2,1,1
1816,2026-03-15,2025_26,Liverpool,Tottenham,1,1,D,,,,1.3,5.87,8.24,Average,1.3,5.87,8.24,0.7692307692307692,0.17035775127768313,0.12135922330097088,1.0609477438094232,0.06094774380942325,0.7250411471433839,0.16057129323448024,0.11438755962213581,1,5,2,2,19,18,4,11,7,7,3,4,1,1,1,1,3,2,12,13,9,18,4,1,4,4,1,1
1817,2026-03-15,2025_26,Nott'm Forest,Fulham,0,0,D,,,,2.29,3.31,3.13,Average,2.29,3.31,3.13,0.4366812227074236,0.3021148036253776,0.3194888178913738,1.058284844224175,0.058284844224175014,0.4126310842404184,0.2854758860756973,0.3018930296838844,2,1,2,2,9,13,21,14,4,4,7,7,1,1,0,2,1,1,13,18,9,13,5,4,3,1,1,1
1818,2026-03-15,2025_26,Man United,Aston Villa,3,1,H,,,,1.69,4.0,4.56,Average,1.69,4.0,4.56,0.591715976331361,0.25,0.2192982456140351,1.061014221945396,0.06101422194539596,0.5576890149940074,0.2356236088349681,0.20668737617102467,1,2,2,1,14,20,12,8,5,11,5,3,1,1,1,0,4,2,9,14,15,9,4,5,8,2,1,1
1819,2026-03-15,2025_26,Crystal Palace,Leeds,0,0,D,,,,2.66,3.23,2.69,Average,2.66,3.23,2.69,0.37593984962406013,0.30959752321981426,0.3717472118959108,1.0572845847397851,0.05728458473978515,0.355571106445844,0.2928232641318716,0.35160562942228446,3,1,1,2,9,8,12,20,4,3,4,11,1,1,0,0,1,1,18,14,3,14,4,2,1,5,1,1
1820,2026-03-16,2025_26,Brentford,Wolves,2,2,D,,,,1.53,4.29,5.78,Average,1.53,4.29,5.78,0.6535947712418301,0.2331002331002331,0.17301038062283736,1.0597053849649005,0.05970538496490052,0.6167702651274896,0.21996701763288087,0.16326271723962957,0,4,0,3,5,16,13,12,2,7,2,3,1,1,2,2,1,0,4,9,19,14,3,2,7,5,1,1
1821,2026-03-20,2025_26,Bournemouth,Man United,2,2,D,,,,3.07,3.72,2.15,Average,3.07,3.72,2.15,0.32573289902280134,0.26881720430107525,0.46511627906976744,1.059666382393644,0.05966638239364408,0.307391934324664,0.2536809780582576,0.4389270876170783,0,0,0,0,22,13,15,5,3,2,2,2,1,1,3,1,1,2,16,14,9,12,6,5,2,5,1,1
1822,2026-03-21,2025_26,Brighton,Liverpool,2,1,H,,,,3.05,3.62,2.19,Average,3.05,3.62,2.19,0.3278688524590164,0.27624309392265195,0.4566210045662101,1.0607329509478785,0.06073295094787845,0.30909650932030586,0.26042661696876596,0.4304768737109282,1,0,0,1,12,11,14,7,4,3,4,2,1,1,1,1,1,2,17,19,13,4,4,7,7,3,1,1
1823,2026-03-21,2025_26,Fulham,Burnley,3,1,H,,,,1.52,4.29,5.92,Average,1.52,4.29,5.92,0.6578947368421053,0.2331002331002331,0.16891891891891891,1.0599138888612574,0.05991388886125737,0.6207058363476391,0.21992374621175087,0.15937041744061,0,0,0,1,5,13,11,9,0,5,2,3,1,1,0,0,0,2,15,5,22,14,2,2,3,5,1,1
1824,2026-03-21,2025_26,Everton,Chelsea,3,0,H,,,,3.15,3.43,2.22,Average,3.15,3.43,2.22,0.31746031746031744,0.29154518950437314,0.4504504504504504,1.059455957415141,0.05945595741514098,0.2996446574663251,0.2751838691017271,0.4251714734319478,0,2,2,0,9,14,25,5,3,5,7,2,1,1,0,4,1,1,22,15,7,9,3,8,5,4,1,1
1825,2026-03-21,2025_26,Leeds,Brentford,0,0,D,,,,2.35,3.41,2.95,Average,2.35,3.41,2.95,0.425531914893617,0.29325513196480935,0.3389830508474576,1.057770097705884,0.05777009770588393,0.40229149587090846,0.27723900741836793,0.32046949671072367,0,0,0,1,10,18,12,3,3,4,0,1,1,1,2,0,2,0,10,5,13,13,3,2,4,2,1,1
1826,2026-03-22,2025_26,Newcastle,Sunderland,1,2,A,,,,1.53,4.2,5.83,Average,1.53,4.2,5.83,0.6535947712418301,0.23809523809523808,0.17152658662092624,1.0632165959579942,0.06321659595799423,0.6147334171857232,0.22393860197479912,0.1613279808394779,1,2,0,1,7,12,22,14,5,5,3,5,1,1,0,1,1,0,14,3,12,18,4,1,4,4,1,1
1827,2026-03-22,2025_26,Aston Villa,West Ham,2,0,H,,,,1.73,3.79,4.55,Average,1.73,3.79,4.55,0.5780346820809249,0.2638522427440633,0.21978021978021978,1.0616671446052082,0.06166714460520817,0.5444594240465763,0.24852633340384617,0.20701424254957734,1,1,3,4,9,9,16,15,2,4,6,8,1,1,1,1,1,0,1,9,24,13,1,3,6,5,1,1
1828,2026-03-22,2025_26,Tottenham,Nott'm Forest,0,3,A,,,,2.37,3.29,3.0,Average,2.37,3.29,3.0,0.42194092827004215,0.303951367781155,0.3333333333333333,1.0592256293845304,0.059225629384530354,0.39834848833408,0.2869562058819969,0.31469530578392324,1,1,1,3,13,12,17,9,7,4,4,4,1,1,0,2,0,2,11,9,5,21,2,4,0,7,1,1
1829,2026-04-10,2025_26,West Ham,Wolves,4,0,H,,,,1.77,3.74,4.38,Average,1.77,3.74,4.38,0.5649717514124294,0.267379679144385,0.22831050228310504,1.0606619328399194,0.060661932839919386,0.5326595910722648,0.25208756048072417,0.2152528484470111,0,1,2,1,9,1,23,24,1,1,7,6,1,1,2,2,2,1,13,4,10,19,4,3,3,7,1,1
1830,2026-04-11,2025_26,Liverpool,Fulham,2,0,H,,,,1.71,4.06,4.38,Average,1.71,4.06,4.38,0.5847953216374269,0.24630541871921185,0.22831050228310504,1.0594112426397437,0.05941124263974373,0.552000297995977,0.23249273634805934,0.21550696565596367,1,1,2,1,12,17,16,13,5,4,7,7,1,1,3,0,1,0,22,5,9,11,6,0,5,2,1,1
1831,2026-04-11,2025_26,Burnley,Brighton,0,2,A,,,,5.29,4.13,1.59,Average,5.29,4.13,1.59,0.1890359168241966,0.24213075060532688,0.6289308176100629,1.0600974850395863,0.06009748503958634,0.17831937108796894,0.22840423076400865,0.5932763981480225,1,0,3,0,9,15,22,22,5,2,6,3,1,1,2,1,1,0,16,12,12,14,7,4,5,4,1,1
1832,2026-04-11,2025_26,Brentford,Everton,2,2,D,,,,2.15,3.34,3.37,Average,2.15,3.34,3.37,0.46511627906976744,0.29940119760479045,0.29673590504451036,1.0612533817190684,0.061253381719068356,0.43827071562905184,0.2821203708390604,0.27960891353188766,0,2,0,2,6,10,14,13,2,3,4,4,1,1,3,0,0,2,10,9,12,25,9,3,4,7,1,1
1833,2026-04-11,2025_26,Arsenal,Bournemouth,1,2,A,,,,1.47,4.47,6.4,Average,1.47,4.47,6.4,0.6802721088435374,0.2237136465324385,0.15625,1.060235755375976,0.06023575537597603,0.6416234364802217,0.2110036804532273,0.1473728830665509,2,1,0,0,25,7,9,11,7,2,3,3,1,1,2,0,2,0,16,22,14,15,5,3,5,2,1,1
1834,2026-04-12,2025_26,Crystal Palace,Newcastle,2,1,H,,,,2.91,3.3,2.42,Average,2.91,3.3,2.42,0.3436426116838488,0.30303030303030304,0.4132231404958678,1.0598960552100196,0.059896055210019616,0.3242229367631297,0.2859056806002144,0.38987138263665594,0,3,0,1,12,9,10,12,0,4,3,4,1,1,1,1,2,0,16,7,17,22,4,5,7,3,1,1
1835,2026-04-12,2025_26,Nott'm Forest,Aston Villa,1,1,D,,,,2.35,3.32,2.99,Average,2.35,3.32,2.99,0.425531914893617,0.30120481927710846,0.33444816053511706,1.0611848947058427,0.06118489470584265,0.40099695822712705,0.28383820838365925,0.3151648333892136,3,0,0,0,8,11,14,5,7,2,3,0,1,1,2,1,0,3,23,9,9,16,7,2,1,6,1,1
1836,2026-04-12,2025_26,Sunderland,Tottenham,1,0,H,,,,2.75,3.31,2.53,Average,2.75,3.31,2.53,0.36363636363636365,0.3021148036253776,0.3952569169960475,1.061008084257789,0.06100808425778892,0.34272723180119746,0.2847431684148921,0.3725295997839103,2,0,1,1,17,14,16,12,7,4,4,4,1,1,0,1,3,1,14,13,8,17,3,7,7,4,1,1
1837,2026-04-12,2025_26,Chelsea,Man City,0,3,A,,,,3.48,3.89,1.94,Average,3.48,3.89,1.94,0.28735632183908044,0.2570694087403599,0.5154639175257733,1.0598896481052136,0.05988964810521358,0.2711190946649901,0.24254356026585233,0.4863373450691576,0,0,3,1,12,22,10,7,4,3,9,5,1,1,1,2,1,2,24,21,1,9,6,7,1,4,1,1
1838,2026-04-13,2025_26,Man United,Leeds,1,2,A,,,,1.62,4.07,5.08,Average,1.62,4.07,5.08,0.6172839506172839,0.24570024570024568,0.19685039370078738,1.0598345900183168,0.05983459001831681,0.5824342368431432,0.23182886085648452,0.18573690230037243,2,3,2,1,14,16,16,9,5,6,5,2,1,1,0,0,0,0,14,10,6,12,4,3,2,0,1,1
1839,2026-04-18,2025_26,Brentford,Fulham,0,0,D,,,,1.96,3.75,3.52,Average,1.96,3.75,3.52,0.5102040816326531,0.26666666666666666,0.2840909090909091,1.060961657390229,0.06096165739022896,0.4808883319003832,0.2513443014732669,0.26776736662634976,2,0,2,0,17,6,14,14,4,2,7,4,1,1,0,3,2,1,19,22,18,9,4,6,5,5,1,1
1840,2026-04-18,2025_26,Leeds,Wolves,3,0,H,,,,1.53,4.11,6.26,Average,1.53,4.11,6.26,0.6535947712418301,0.24330900243309,0.1597444089456869,1.0566481826206071,0.05664818262060711,0.6185547677949353,0.23026491355869855,0.15118031864636597,2,0,1,0,15,14,20,6,6,4,9,2,1,1,0,2,4,2,14,13,18,10,3,4,7,3,1,1
1841,2026-04-18,2025_26,Newcastle,Bournemouth,1,2,A,,,,2.18,3.67,3.04,Average,2.18,3.67,3.04,0.4587155963302752,0.2724795640326976,0.32894736842105265,1.0601425287840254,0.06014252878402537,0.4326923822746911,0.2570216330678002,0.3102859846575088,1,1,2,2,7,16,11,17,3,4,5,7,1,1,2,2,1,2,8,16,15,14,3,5,3,5,1,1
1842,2026-04-18,2025_26,Tottenham,Brighton,2,2,D,,,,2.93,3.76,2.21,Average,2.93,3.76,2.21,0.341296928327645,0.26595744680851063,0.45248868778280543,1.059743062918961,0.05974306291896103,0.3220562986159827,0.2509640837619227,0.4269796176220947,0,0,1,3,11,14,13,8,7,3,2,7,1,1,2,2,0,1,13,16,10,12,6,7,5,5,1,1
1843,2026-04-18,2025_26,Chelsea,Man United,0,1,A,,,,2.1,3.69,3.21,Average,2.1,3.69,3.21,0.47619047619047616,0.2710027100271003,0.3115264797507788,1.0587196659683553,0.05871966596835532,0.4497795700762106,0.255972113051502,0.2942483168722873,0,0,3,3,12,12,18,10,3,4,8,9,1,1,1,2,2,2,20,14,15,16,9,5,6,5,1,1
1844,2026-04-19,2025_26,Nott'm Forest,Burnley,4,1,H,,,,1.46,4.39,6.84,Average,1.46,4.39,6.84,0.684931506849315,0.22779043280182235,0.14619883040935672,1.0589207700604941,0.05892077006049412,0.6468203535286083,0.2151156528819518,0.1380639935894398,1,3,1,0,15,8,12,14,4,7,5,3,1,1,0,1,2,3,10,9,13,22,5,5,6,6,1,1
1845,2026-04-19,2025_26,Man City,Arsenal,2,1,H,,,,1.84,3.59,4.22,Average,1.84,3.59,4.22,0.5434782608695652,0.2785515320334262,0.23696682464454977,1.0589966175475412,0.05899661754754115,0.5132011300736444,0.26303344828287073,0.2237654216434848,3,1,0,1,18,24,12,1,8,6,3,1,1,1,1,2,2,0,15,25,8,9,3,7,3,3,1,1
1846,2026-04-19,2025_26,Aston Villa,Sunderland,4,3,H,,,,1.73,3.66,4.8,Average,1.73,3.66,4.8,0.5780346820809249,0.27322404371584696,0.20833333333333334,1.0595920591301051,0.059592059130105124,0.5455256833044548,0.257857768337898,0.19661654835764725,1,2,1,0,12,23,15,9,5,7,4,1,1,1,1,2,0,1,13,17,11,16,2,7,7,4,1,1
1847,2026-04-19,2025_26,Everton,Liverpool,1,2,A,,,,3.2,3.33,2.24,Average,3.2,3.33,2.24,0.3125,0.3003003003003003,0.4464285714285714,1.0592288717288718,0.05922887172887181,0.2950259460827743,0.2835084166561195,0.42146563726110614,2,3,2,0,14,10,17,12,7,9,4,4,1,1,2,1,0,2,18,12,19,16,5,5,4,7,1,1
1848,2026-04-20,2025_26,Crystal Palace,West Ham,0,0,D,,,,2.53,3.33,2.76,Average,2.53,3.33,2.76,0.3952569169960475,0.3003003003003003,0.3623188405797102,1.057876057876058,0.057876057876057985,0.37363253856942497,0.28387096774193543,0.34249649368863955,2,0,1,0,11,12,7,10,5,0,3,3,1,1,4,0,0,2,18,9,14,23,7,1,3,7,1,1
1849,2026-04-21,2025_26,Brighton,Chelsea,3,0,H,,,,2.28,3.43,3.01,Average,2.28,3.43,3.01,0.4385964912280702,0.29154518950437314,0.33222591362126247,1.0623675943537059,0.06236759435370587,0.4128481455563331,0.27442967109867034,0.3127221833449965,2,2,2,0,10,13,13,10,3,6,6,5,1,1,0,0,1,3,21,12,4,18,3,3,1,8,1,1
1850,2026-04-22,2025_26,Bournemouth,Leeds,2,2,D,,,,1.83,3.78,4.02,Average,1.83,3.78,4.02,0.5464480874316939,0.2645502645502646,0.24875621890547267,1.0597545708874312,0.05975457088743119,0.5156364524798436,0.2496335206450037,0.23473002687515274,2,2,1,1,12,8,12,15,3,3,3,3,1,1,3,2,0,1,17,15,7,20,6,6,2,9,1,1
1851,2026-04-22,2025_26,Burnley,Man City,0,1,A,,,,15.78,8.1,1.15,Average,15.78,8.1,1.15,0.06337135614702155,0.1234567901234568,0.8695652173913044,1.0563933636617828,0.056393363661782825,0.05998840803709428,0.11686630602782071,0.823145285935085,1,0,4,2,4,10,10,13,3,5,4,6,1,1,2,3,1,0,15,18,9,12,5,8,3,3,1,1
1852,2026-04-24,2025_26,Sunderland,Nott'm Forest,0,5,A,,,,2.66,3.1,2.75,Average,2.66,3.1,2.75,0.37593984962406013,0.3225806451612903,0.36363636363636365,1.062156858421714,0.062156858421714034,0.3539400481607573,0.3037033961637466,0.34235655567549617,3,1,4,0,10,13,15,11,7,2,7,7,1,1,4,1,1,1,10,15,4,12,4,4,3,5,1,1
1853,2026-04-25,2025_26,Fulham,Aston Villa,1,0,H,,,,2.43,3.55,2.7,Average,2.43,3.55,2.7,0.4115226337448559,0.28169014084507044,0.37037037037037035,1.0635831449602966,0.0635831449602966,0.3869209809264305,0.26485013623978204,0.3482288828337875,0,0,0,2,11,19,13,18,0,4,4,5,1,1,4,1,3,1,15,12,10,15,7,5,7,4,1,1
1854,2026-04-25,2025_26,Liverpool,Crystal Palace,3,1,H,,,,1.56,4.37,5.21,Average,1.56,4.37,5.21,0.641025641025641,0.22883295194508008,0.19193857965451055,1.0617971726252315,0.061797172625231545,0.6037176002651641,0.2155147497514087,0.18076764998342726,2,2,1,0,14,18,10,19,6,5,4,4,1,1,0,2,0,1,9,11,9,7,1,5,4,3,1,1
1855,2026-04-25,2025_26,West Ham,Everton,2,1,H,,,,2.42,3.38,2.82,Average,2.42,3.38,2.82,0.4132231404958678,0.2958579881656805,0.3546099290780142,1.0636910577395624,0.0636910577395624,0.3884804121358353,0.278142780286604,0.3333768075775608,0,4,0,0,9,18,9,14,4,7,1,3,1,1,1,2,2,2,10,14,14,17,4,7,6,4,1,1
1856,2026-04-25,2025_26,Wolves,Tottenham,0,1,A,,,,4.62,4.17,1.64,Average,4.62,4.17,1.64,0.21645021645021645,0.23980815347721823,0.6097560975609756,1.0660144674884102,0.06601446748841022,0.20304622784359136,0.22495769127995013,0.5719960808764586,0,0,3,4,7,14,17,18,2,3,6,7,1,1,2,0,2,1,13,11,10,13,6,7,3,2,1,1
1857,2026-04-25,2025_26,Arsenal,Newcastle,1,0,H,,,,1.38,4.87,7.59,Average,1.38,4.87,7.59,0.7246376811594204,0.2053388090349076,0.13175230566534915,1.061728795859677,0.061728795859677055,0.682507325773984,0.1934004331762008,0.12409224104981527,1,1,2,2,9,15,15,8,3,3,5,3,1,1,1,1,2,2,12,7,12,11,3,3,3,5,1,1
1858,2026-04-27,2025_26,Man United,Brentford,2,1,H,,,,1.96,3.73,3.53,Average,1.96,3.73,3.53,0.5102040816326531,0.2680965147453083,0.28328611898017,1.0615867153581315,0.06158671535813154,0.48060518679393344,0.25254320807402403,0.26685160513204237,1,1,0,2,4,20,21,15,1,9,3,6,1,1,0,2,0,2,13,17,11,14,4,4,0,7,1,1
1859,2026-05-01,2025_26,Leeds,Burnley,3,1,H,,,,1.36,4.93,8.54,Average,1.36,4.93,8.54,0.7352941176470588,0.20283975659229211,0.117096018735363,1.055229892974714,0.05522989297471392,0.6968094085870238,0.19222328512745487,0.11096730628552136,2,3,2,0,10,17,17,7,3,6,7,2,1,1,0,1,1,4,9,4,28,10,1,3,9,4,1,1
1860,2026-05-02,2025_26,Arsenal,Fulham,3,0,H,,,,1.45,4.42,7.02,Average,1.45,4.42,7.02,0.6896551724137931,0.22624434389140272,0.14245014245014245,1.0583496587553383,0.05834965875533826,0.6516326307742711,0.21377088566124278,0.1345964835644862,1,1,0,2,11,9,13,15,4,3,3,5,1,1,1,0,0,0,13,11,10,13,6,0,1,4,1,1
1861,2026-05-02,2025_26,Newcastle,Brighton,3,1,H,,,,2.66,3.6,2.46,Average,2.66,3.6,2.46,0.37593984962406013,0.2777777777777778,0.4065040650406504,1.0602216924424883,0.06022169244248832,0.35458607601018594,0.2619997117186374,0.38341421227117667,0,1,1,2,13,12,11,12,3,3,4,3,1,1,3,2,0,2,15,10,6,13,9,3,0,6,1,1
1862,2026-05-02,2025_26,Brentford,West Ham,3,0,H,,,,1.86,3.86,3.8,Average,1.86,3.86,3.8,0.5376344086021505,0.2590673575129534,0.2631578947368421,1.059859660851946,0.05985966085194594,0.5072694324171035,0.2444355296103142,0.2482950379725823,1,0,2,0,12,13,11,11,4,4,6,0,1,1,2,0,1,0,10,9,11,9,3,4,3,1,1,1
1863,2026-05-02,2025_26,Wolves,Sunderland,1,1,D,,,,3.67,3.52,1.98,Average,3.67,3.52,1.98,0.2724795640326976,0.2840909090909091,0.5050505050505051,1.061620978174112,0.06162097817411194,0.25666369602203676,0.26760106943206674,0.4757352345458964,0,0,1,3,11,7,11,17,2,2,2,6,1,1,0,3,5,4,14,10,10,15,4,7,6,7,1,1
1864,2026-05-03,2025_26,Bournemouth,Crystal Palace,3,0,H,,,,1.56,4.23,5.36,Average,1.56,4.23,5.36,0.641025641025641,0.23640661938534277,0.18656716417910446,1.0639994245900883,0.06399942459008834,0.6024680335448486,0.2221867925129938,0.17534517394215743,2,2,2,1,17,12,10,12,7,3,3,3,1,1,1,0,3,0,14,9,9,9,7,1,3,4,1,1
1865,2026-05-03,2025_26,Man United,Liverpool,3,2,H,,,,2.35,3.71,2.74,Average,2.35,3.71,2.74,0.425531914893617,0.2695417789757412,0.36496350364963503,1.0600371975189933,0.06003719751899328,0.40143111570949613,0.2542757741017024,0.34429311018880143,2,1,1,0,11,4,12,21,6,1,4,3,1,1,3,2,1,1,9,14,14,10,3,6,7,4,1,1
1866,2026-05-03,2025_26,Aston Villa,Tottenham,1,2,A,,,,2.24,3.54,2.99,Average,2.24,3.54,2.99,0.4464285714285714,0.2824858757062147,0.33444816053511706,1.0633626076699032,0.0633626076699032,0.4198272237603027,0.2656533845262932,0.31451939171340404,0,4,1,3,10,15,13,10,1,7,6,7,1,1,1,2,0,2,11,13,11,10,2,6,2,3,1,1
1867,2026-05-04,2025_26,Chelsea,Nott'm Forest,1,3,A,,,,1.41,4.78,7.11,Average,1.41,4.78,7.11,0.7092198581560284,0.20920502092050208,0.14064697609001406,1.0590718551665446,0.05907185516654456,0.6696616992474981,0.19753619161903185,0.13280210913347007,0,0,3,1,6,21,15,4,0,3,9,1,1,1,5,4,0,1,10,10,14,4,6,4,4,3,1,1
1868,2026-05-04,2025_26,Everton,Man City,3,3,D,,,,6.69,4.61,1.44,Average,6.69,4.61,1.44,0.14947683109118085,0.21691973969631234,0.6944444444444444,1.0608410152319376,0.060841015231937634,0.14090408359493894,0.20447902803690707,0.6546168883681539,1,1,2,2,11,10,10,14,3,4,3,6,1,1,1,2,0,1,28,15,9,9,9,5,1,3,1,1
1869,2026-05-09,2025_26,Sunderland,Man United,0,0,D,,,,3.21,3.51,2.15,Average,3.21,3.51,2.15,0.3115264797507788,0.2849002849002849,0.46511627906976744,1.061543043720831,0.06154304372083108,0.29346570691928087,0.2683831678663509,0.4381511252143682,1,0,1,5,10,14,20,10,2,4,7,6,1,1,3,2,2,1,18,11,13,12,6,6,5,4,1,1
1870,2026-05-09,2025_26,Liverpool,Chelsea,1,1,D,,,,1.99,3.69,3.48,Average,1.99,3.69,3.48,0.5025125628140703,0.2710027100271003,0.28735632183908044,1.060871594680251,0.06087159468025094,0.473678968627234,0.2554528855198363,0.2708681458529298,2,3,3,1,13,9,18,14,5,3,6,7,1,1,1,0,3,3,21,6,6,15,5,0,4,9,1,1
1871,2026-05-09,2025_26,Brighton,Wolves,3,0,H,,,,1.27,5.95,9.93,Average,1.27,5.95,9.93,0.7874015748031495,0.1680672268907563,0.10070493454179255,1.0561737362356984,0.056173736235698435,0.7455227750782008,0.1591283906469437,0.09534883427485549,1,3,3,0,13,15,13,6,4,9,6,0,1,1,1,0,1,1,20,11,10,11,7,2,2,2,1,1
1872,2026-05-09,2025_26,Fulham,Bournemouth,0,1,A,,,,2.63,3.6,2.47,Average,2.63,3.6,2.47,0.3802281368821293,0.2777777777777778,0.4048582995951417,1.0628642142550488,0.06286421425504884,0.3577391465274118,0.2613483209353036,0.3809125325372846,0,1,3,0,10,13,18,10,1,6,9,1,1,1,3,2,0,2,16,17,7,10,5,7,1,3,1,1
1873,2026-05-09,2025_26,Man City,Brentford,3,0,H,,,,1.34,5.57,7.32,Average,1.34,5.57,7.32,0.7462686567164178,0.17953321364452424,0.13661202185792348,1.0624138922188655,0.06241389221886551,0.702427426996296,0.1689861314497373,0.12858644155396676,3,1,3,0,21,28,14,9,4,9,6,1,1,1,3,1,0,2,14,12,13,11,6,4,4,6,1,1
1874,2026-05-10,2025_26,West Ham,Arsenal,0,1,A,,,,5.83,4.14,1.54,Average,5.83,4.14,1.54,0.17152658662092624,0.24154589371980678,0.6493506493506493,1.0624231296913824,0.06242312969138242,0.1614484679665738,0.22735376044568245,0.6111977715877437,0,2,3,1,13,10,14,11,4,3,6,3,1,1,3,1,0,0,18,11,10,13,9,4,1,3,1,1
1875,2026-05-10,2025_26,Nott'm Forest,Newcastle,1,1,D,,,,3.27,3.44,2.15,Average,3.27,3.44,2.15,0.3058103975535168,0.29069767441860467,0.46511627906976744,1.0616243510418888,0.06162435104188879,0.2880589515993971,0.2738234801540781,0.4381175682465249,3,5,1,0,6,10,21,14,4,6,5,4,1,1,3,0,1,1,13,13,13,11,6,3,4,4,1,1
1876,2026-05-10,2025_26,Crystal Palace,Everton,2,2,D,,,,2.78,3.25,2.54,Average,2.78,3.25,2.54,0.3597122302158274,0.3076923076923077,0.39370078740157477,1.0611053253097098,0.0611053253097098,0.33899766746607973,0.2899733894017544,0.37102894313216594,0,1,3,3,7,14,16,9,1,7,5,3,1,1,3,1,3,2,14,11,21,10,6,3,4,3,1,1
1877,2026-05-10,2025_26,Burnley,Aston Villa,2,2,D,,,,6.34,4.42,1.48,Average,6.34,4.42,1.48,0.15772870662460567,0.22624434389140272,0.6756756756756757,1.059648726191684,0.05964872619168404,0.1488499940838635,0.21350881504336983,0.6376411908727666,1,0,3,1,9,9,18,28,3,1,8,9,1,1,1,0,2,1,5,10,10,13,1,1,5,6,1,1
1878,2026-05-11,2025_26,Tottenham,Leeds,1,1,D,,,,1.81,3.73,4.15,Average,1.81,3.73,4.15,0.5524861878453039,0.2680965147453083,0.24096385542168672,1.061546558012299,0.06154655801229891,0.5204540334809346,0.2525527615550916,0.22699320496397385,2,1,1,0,10,11,5,11,5,2,1,2,1,1,3,2,1,2,18,10,9,17,8,3,3,7,1,1
1879,2026-05-13,2025_26,Man City,Crystal Palace,3,0,H,,,,1.3,5.7,8.53,Average,1.3,5.7,8.53,0.7692307692307692,0.17543859649122806,0.1172332942555686,1.0619026599775658,0.06190265997756583,0.7243891537544696,0.16521156138259832,0.11039928486293209,3,3,0,3,25,21,4,14,10,4,2,6,1,1,2,0,2,3,21,7,13,16,8,1,6,5,1,1
1880,2026-05-15,2025_26,Aston Villa,Liverpool,4,2,H,,,,2.68,3.42,2.5,Average,2.68,3.42,2.5,0.3731343283582089,0.29239766081871343,0.4,1.0655319891769224,0.06553198917692238,0.3501859466898212,0.2744147184586903,0.3753993348514884,2,1,2,2,18,5,15,10,7,1,6,5,1,1,1,2,1,3,8,13,6,18,3,5,3,6,1,1
1881,2026-05-17,2025_26,Wolves,Fulham,1,1,D,,,,4.03,3.63,1.84,Average,4.03,3.63,1.84,0.24813895781637715,0.27548209366391185,0.5434782608695652,1.0670993123498542,0.06709931234985422,0.2325359551305038,0.2581597518390993,0.5093042930303969,0,1,3,1,5,20,14,10,1,7,6,2,1,1,0,0,1,3,14,10,10,18,2,1,5,9,1,1
1882,2026-05-17,2025_26,Leeds,Brighton,1,0,H,,,,3.43,3.48,2.04,Average,3.43,3.48,2.04,0.29154518950437314,0.28735632183908044,0.49019607843137253,1.069097589774826,0.06909758977482605,0.27270212962109336,0.2687839955748133,0.45851387480409334,1,3,1,1,11,18,16,9,4,8,3,3,1,1,3,1,0,3,14,13,5,13,6,4,1,6,1,1
1883,2026-05-17,2025_26,Newcastle,West Ham,3,1,H,,,,2.05,3.81,3.15,Average,2.05,3.81,3.15,0.48780487804878053,0.26246719160104987,0.31746031746031744,1.0677323871101478,0.06773238711014784,0.4568606178267573,0.2458173927939245,0.2973219893793182,1,3,1,1,16,13,17,13,6,6,6,4,1,1,0,0,1,3,9,13,15,14,3,4,4,6,1,1
1884,2026-05-17,2025_26,Brentford,Crystal Palace,2,2,D,,,,1.72,3.9,4.41,Average,1.72,3.9,4.41,0.5813953488372093,0.25641025641025644,0.22675736961451246,1.0645629748619783,0.06456297486197826,0.5461352334863872,0.24085964143502203,0.21300512507859085,0,3,3,0,4,14,25,13,2,6,10,4,1,1,0,2,3,2,6,21,15,13,2,8,4,6,1,1
1885,2026-05-17,2025_26,Man United,Nott'm Forest,3,2,H,,,,1.56,4.42,5.12,Average,1.56,4.42,5.12,0.641025641025641,0.22624434389140272,0.1953125,1.0625824849170438,0.06258248491704377,0.6032714166897698,0.21291932353756585,0.18380925977266427,0,3,0,2,11,18,15,13,1,6,4,5,1,1,1,3,1,1,17,6,16,21,6,4,6,5,1,1
1886,2026-05-17,2025_26,Everton,Sunderland,1,3,A,,,,1.84,3.58,4.13,Average,1.84,3.58,4.13,0.5434782608695652,0.27932960893854747,0.24213075060532688,1.0649386204134397,0.06493862041343967,0.5103376386693267,0.26229643998646957,0.22736592134420366,2,3,2,3,13,14,21,21,6,6,8,4,1,1,0,1,0,1,15,10,11,20,4,2,1,7,1,1
1887,2026-05-18,2025_26,Arsenal,Burnley,1,0,H,,,,1.09,10.11,22.69,Average,1.09,10.11,22.69,0.9174311926605504,0.09891196834817013,0.04407227853680035,1.060415439545521,0.06041543954552098,0.8651620472951134,0.09327662033152063,0.04156133237336595,1,3,0,0,15,18,9,10,4,9,3,1,1,1,2,1,2,3,15,9,18,18,6,3,7,8,1,1
1888,2026-05-19,2025_26,Chelsea,Tottenham,2,1,H,,,,2.19,3.28,3.25,Average,2.19,3.28,3.25,0.4566210045662101,0.3048780487804878,0.3076923076923077,1.0691913610390056,0.06919136103900558,0.42707135617190223,0.28514825305380054,0.2877803907742972,1,1,1,3,6,21,8,6,3,5,3,4,1,1,1,2,1,1,16,10,11,5,3,5,4,1,1,1
1889,2026-05-19,2025_26,Bournemouth,Man City,1,1,D,,,,4.62,4.24,1.63,Average,4.62,4.24,1.63,0.21645021645021645,0.23584905660377356,0.6134969325153374,1.0657962055693275,0.06579620556932753,0.2030878092070078,0.22128907512650375,0.5756231156664884,1,3,0,0,10,16,14,7,5,5,2,1,1,1,3,3,0,0,15,25,6,4,4,10,2,2,1,1
1890,2026-05-24,2025_26,Nott'm Forest,Bournemouth,1,1,D,,,,3.54,3.7,1.96,Average,3.54,3.7,1.96,0.2824858757062147,0.27027027027027023,0.5102040816326531,1.062960227609138,0.06296022760913811,0.2657539467319447,0.2542618841705633,0.4799841690974919,2,1,3,1,11,17,29,16,4,6,8,6,1,1,1,1,1,0,10,10,14,14,2,5,5,2,1,1
1891,2026-05-24,2025_26,Man City,Aston Villa,1,2,A,,,,1.39,5.15,6.71,Average,1.39,5.15,6.71,0.7194244604316548,0.1941747572815534,0.14903129657228018,1.0626305142854884,0.06263051428548838,0.6770222111637694,0.18273026670245424,0.14024752213377634,1,3,1,0,14,15,10,6,5,4,2,2,1,1,4,2,2,2,14,18,16,15,9,7,5,6,1,1
1892,2026-05-24,2025_26,Sunderland,Chelsea,2,1,H,,,,3.39,3.65,2.03,Average,3.39,3.65,2.03,0.2949852507374631,0.273972602739726,0.4926108374384237,1.0615686909156128,0.06156869091561279,0.2778767434098265,0.25808278360529086,0.4640404729848827,3,0,1,0,7,15,10,11,3,4,4,1,1,1,2,1,1,1,9,6,9,8,4,3,3,3,1,1
1893,2026-05-24,2025_26,Liverpool,Brentford,1,1,D,,,,1.77,4.06,3.96,Average,1.77,4.06,3.96,0.5649717514124294,0.24630541871921185,0.25252525252525254,1.0638024226568938,0.06380242265689384,0.5310871073233574,0.23153304925180854,0.237379843424834,2,1,4,1,16,8,14,6,5,3,9,3,1,1,2,0,2,3,14,4,16,25,3,2,5,10,1,1
1894,2026-05-24,2025_26,Tottenham,Everton,1,0,H,,,,1.87,3.48,4.1,Average,1.87,3.48,4.1,0.53475935828877,0.28735632183908044,0.24390243902439027,1.0660181191522407,0.06601811915224065,0.5016419033421698,0.26956044806030394,0.2287976485975263,1,1,2,1,9,16,9,11,3,3,4,4,1,1,1,2,3,2,10,13,7,21,4,6,3,8,1,1
1895,2026-05-24,2025_26,Crystal Palace,Arsenal,1,2,A,,,,3.97,3.66,1.86,Average,3.97,3.66,1.86,0.2518891687657431,0.27322404371584696,0.5376344086021505,1.0627476210837405,0.06274762108374055,0.23701692082724046,0.2570921245038646,0.5058909546688949,2,0,2,3,16,6,14,15,5,2,3,4,1,1,1,1,0,0,13,15,5,9,3,4,0,3,1,1
1896,2026-05-24,2025_26,Burnley,Wolves,1,1,D,,,,2.39,3.42,2.82,Average,2.39,3.42,2.82,0.41841004184100417,0.29239766081871343,0.3546099290780142,1.0654176317377317,0.06541763173773174,0.3927192768140728,0.2744441729782556,0.33283655020767167,0,2,1,2,5,15,13,18,0,6,3,7,1,1,1,0,1,3,11,5,13,14,3,1,5,6,1,1
1897,2026-05-24,2025_26,Brighton,Man United,0,3,A,,,,1.87,4.08,3.49,Average,1.87,4.08,3.49,0.53475935828877,0.24509803921568626,0.28653295128939826,1.0663903487938544,0.06639034879385441,0.5014668023708316,0.2298389510866312,0.2686942465425373,0,3,1,0,19,14,7,5,8,6,1,1,1,1,3,0,2,0,29,11,11,15,8,1,4,4,1,1
1898,2026-05-24,2025_26,Fulham,Newcastle,2,0,H,,,,2.54,3.63,2.53,Average,2.54,3.63,2.53,0.39370078740157477,0.27548209366391185,0.3952569169960475,1.064439798061534,0.0644397980615341,0.3698666548531431,0.2588047667567448,0.37132857839011213,1,0,1,1,13,14,11,10,5,2,3,5,1,1,3,1,1,1,15,16,15,17,7,6,8,6,1,1
1899,2026-05-24,2025_26,West Ham,Leeds,3,0,H,,,,1.7,4.11,4.35,Average,1.7,4.11,4.35,0.5882352941176471,0.24330900243309,0.2298850574712644,1.0614293540220014,0.06142935402200145,0.554191658529781,0.22922769330915513,0.21658064816106387,1,0,3,1,15,9,15,15,8,3,7,4,1,1,1,1,0,1,7,11,19,16,1,4,8,3,1,1
